item_id,category,stock_level,reorder_point,reorder_frequency_days,lead_time_days,daily_demand,demand_std_dev,item_popularity_score,storage_location_id,zone,picking_time_seconds,handling_cost_per_unit,unit_price,holding_cost_per_unit_day,stockout_count_last_month,order_fulfillment_rate,total_orders_last_month,turnover_ratio,layout_efficiency_score,last_restock_date,forecasted_demand_next_7d,KPI_score,days_of_stock_coverage,expected_demand_during_lead_time,lead_time_stock_gap,below_reorder_point,stockout_risk,inventory_value,coverage_to_lead_time_ratio,overstock_candidate
ITM10000,Pharma,283,21,4,4,49.85,1.56,0.43,L82,B,106,3.61,117.8,1.14,0,0.8,700,3.33,0.33,2024-02-17,184.37,0.556,5.677031093279839,199.4,83.6,False,False,33337.4,1.4192577733199598,False
ITM10001,Automotive,301,52,9,6,23.34,2.55,0.69,L15,A,45,3.54,178.8,1.09,3,0.79,736,10.36,0.98,2024-10-01,221.94,0.723,12.896315338474722,140.04,160.96,False,False,53818.8,2.149385889745787,False
ITM10002,Groceries,132,60,11,8,37.69,3.15,0.62,L4,B,177,0.52,54.05,0.95,7,0.75,814,14.32,0.87,2024-04-07,53.85,0.68,3.502255240116742,301.52,-169.51999999999998,False,True,7134.599999999999,0.43778190501459274,False
ITM10003,Automotive,346,46,13,5,33.69,2.79,0.21,L95,A,39,2.64,31.1,1.9,0,0.96,994,2.08,0.29,2024-01-27,92.04,0.488,10.27010982487385,168.45,177.55,False,False,10760.6,2.05402196497477,False
ITM10004,Automotive,49,55,4,6,49.58,5.23,0.31,L36,D,35,1.4,104.97,0.63,5,0.83,299,5.65,0.96,2024-05-17,194.58,0.67,0.9883017345703913,297.48,-248.48000000000002,True,True,5143.53,0.16471695576173187,False
ITM10005,Apparel,154,62,9,6,35.95,9.47,0.41,L32,A,94,1.96,164.12,0.66,1,0.99,477,7.61,0.95,2024-07-12,180.65,0.803,4.283727399165508,215.70000000000002,-61.70000000000002,False,True,25274.48,0.7139545665275846,False
ITM10006,Groceries,86,97,6,4,9.04,4.72,0.28,L29,C,110,4.9,134.38,0.37,8,0.88,418,4.25,0.45,2024-12-10,223.69,0.526,9.513274336283187,36.16,49.84,True,False,11556.68,2.3783185840707968,False
ITM10007,Groceries,84,89,13,4,47.82,6.78,0.24,L18,D,130,0.88,131.09,1.42,7,0.74,958,11.37,0.7,2024-11-05,195.75,0.558,1.7565872020075282,191.28,-107.28,True,True,11011.56,0.43914680050188204,False
ITM10008,Groceries,311,22,4,9,33.72,7.04,0.15,L95,D,40,3.75,13.32,0.71,8,0.86,697,10.64,0.29,2024-11-04,105.74,0.541,9.223013048635824,303.48,7.519999999999982,False,False,4142.52,1.0247792276262027,False
ITM10009,Automotive,44,98,9,8,3.91,8.78,0.89,L14,A,26,1.28,70.32,1.63,8,1.0,496,2.65,0.27,2024-01-21,154.78,0.366,11.253196930946292,31.28,12.719999999999999,True,False,3094.08,1.4066496163682864,False
ITM10010,Pharma,56,63,7,2,33.22,0.82,0.36,L87,B,107,0.53,188.5,1.95,1,0.87,71,8.97,0.6,2024-02-07,266.58,0.599,1.6857314870559905,66.44,-10.439999999999998,True,True,10556.0,0.8428657435279953,False
ITM10011,Groceries,20,66,3,7,44.27,4.34,0.36,L95,A,135,2.76,35.51,0.18,1,0.7,599,6.16,0.24,2024-04-06,63.97,0.632,0.45177320984865593,309.89000000000004,-289.89000000000004,True,True,710.1999999999999,0.06453902997837942,False
ITM10012,Automotive,418,13,7,3,29.28,7.95,0.29,L70,A,33,1.23,148.01,1.99,8,0.98,588,4.2,0.9,2024-10-27,119.26,0.473,14.275956284153004,87.84,330.15999999999997,False,False,61868.17999999999,4.758652094717668,False
ITM10013,Apparel,56,84,14,5,18.35,8.24,0.53,L12,D,131,4.84,154.27,0.58,1,0.77,331,12.88,0.94,2024-12-09,254.1,0.836,3.0517711171662123,91.75,-35.75,True,True,8639.12,0.6103542234332424,False
ITM10014,Pharma,160,58,14,4,41.22,9.31,0.56,L76,C,141,1.42,149.24,0.9,3,0.91,328,1.77,0.25,2024-10-13,115.62,0.506,3.881610868510432,164.88,-4.8799999999999955,False,True,23878.4,0.970402717127608,False
ITM10015,Apparel,251,16,5,5,39.34,7.18,0.29,L55,B,146,1.36,197.96,1.58,1,0.85,169,7.54,0.24,2024-04-21,129.55,0.541,6.3802745297407215,196.70000000000002,54.29999999999998,False,False,49687.96,1.2760549059481443,False
ITM10016,Pharma,155,20,9,7,27.66,2.83,0.65,L5,A,139,0.64,87.75,1.36,0,0.8,302,7.65,0.38,2024-09-02,102.57,0.602,5.603759942154736,193.62,-38.620000000000005,False,True,13601.25,0.8005371345935337,False
ITM10017,Automotive,408,63,8,7,8.56,5.3,0.75,L4,C,172,1.98,139.62,1.58,9,0.78,920,8.98,0.94,2024-04-16,270.86,0.526,47.66355140186916,59.92,348.08,False,False,56964.96,6.809078771695594,False
ITM10018,Electronics,207,96,10,8,13.3,0.81,0.44,L12,C,132,0.61,46.79,0.99,6,0.98,526,3.77,0.82,2024-06-19,202.37,0.591,15.56390977443609,106.4,100.6,False,False,9685.53,1.9454887218045112,False
ITM10019,Pharma,147,54,7,6,37.19,6.65,0.63,L28,B,47,2.74,85.94,1.84,4,0.97,114,13.2,0.74,2024-06-04,70.55,0.654,3.95267545038989,223.14,-76.13999999999999,False,True,12633.18,0.6587792417316484,False
ITM10020,Apparel,220,32,4,8,40.5,5.77,0.55,L30,C,152,2.78,103.4,1.6,2,0.85,635,14.51,0.82,2024-01-08,227.39,0.727,5.432098765432099,324.0,-104.0,False,True,22748.0,0.6790123456790124,False
ITM10021,Automotive,146,37,11,3,14.68,6.83,0.28,L65,A,179,0.74,50.82,0.69,7,0.78,352,8.69,0.36,2024-04-18,21.17,0.535,9.945504087193461,44.04,101.96000000000001,False,False,7419.72,3.315168029064487,False
ITM10022,Pharma,276,66,13,2,19.03,9.34,0.76,L78,D,140,1.58,182.29,1.9,4,0.73,366,4.59,0.41,2024-04-07,124.96,0.419,14.503415659485023,38.06,237.94,False,False,50312.04,7.251707829742512,False
ITM10023,Electronics,183,35,10,5,4.8,7.03,0.82,L4,C,168,4.24,146.08,1.93,0,0.75,223,13.28,0.45,2024-03-01,273.83,0.624,38.125,24.0,159.0,False,False,26732.640000000003,7.625,False
ITM10024,Electronics,54,34,8,3,35.96,3.54,0.68,L72,D,178,2.58,63.91,0.89,8,0.86,949,14.83,0.68,2024-09-02,210.04,0.657,1.5016685205784204,107.88,-53.879999999999995,False,True,3451.14,0.5005561735261401,False
ITM10025,Groceries,213,63,12,9,1.18,2.39,0.39,L26,B,66,2.46,35.64,1.34,4,0.79,464,11.39,0.69,2024-05-04,240.0,0.634,180.5084745762712,10.62,202.38,False,False,7591.32,20.056497175141246,False
ITM10026,Groceries,210,38,9,2,3.28,8.62,0.93,L92,B,51,3.64,64.69,1.65,2,0.71,309,5.67,0.37,2024-12-22,280.08,0.487,64.02439024390245,6.56,203.44,False,False,13584.9,32.01219512195122,False
ITM10027,Apparel,123,92,11,5,1.21,2.35,0.51,L84,C,62,3.72,128.37,1.65,5,0.84,334,4.3,0.55,2024-11-05,234.62,0.47,101.65289256198348,6.05,116.95,False,False,15789.51,20.330578512396695,True
ITM10028,Pharma,42,45,9,3,32.62,2.04,0.34,L90,D,128,3.93,167.02,0.13,7,0.92,122,3.19,0.75,2024-12-26,35.69,0.624,1.2875536480686696,97.85999999999999,-55.859999999999985,True,True,7014.84,0.4291845493562232,False
ITM10029,Pharma,284,23,5,4,21.45,2.46,0.47,L70,A,130,4.24,105.6,1.3,1,0.97,128,4.29,0.45,2024-04-14,76.89,0.591,13.240093240093241,85.8,198.2,False,False,29990.399999999998,3.3100233100233103,False
ITM10030,Groceries,309,87,8,5,15.58,5.33,0.72,L54,D,65,1.55,29.47,1.95,2,0.88,93,4.18,0.26,2024-07-22,155.0,0.449,19.833119383825416,77.9,231.1,False,False,9106.23,3.966623876765083,False
ITM10031,Pharma,449,44,13,3,45.72,1.68,0.86,L29,C,96,0.8,57.37,0.54,6,0.92,794,14.54,0.36,2024-05-02,14.02,0.676,9.820647419072616,137.16,311.84000000000003,False,False,25759.129999999997,3.273549139690872,False
ITM10032,Pharma,481,39,13,7,10.45,9.41,0.42,L58,D,85,2.21,75.58,1.61,1,0.81,52,10.01,0.33,2024-10-09,191.13,0.58,46.02870813397129,73.14999999999999,407.85,False,False,36353.979999999996,6.57552973342447,False
ITM10033,Electronics,403,26,9,2,20.08,9.68,0.31,L76,D,94,4.35,130.87,1.12,4,0.85,492,3.34,0.71,2024-06-13,200.6,0.565,20.06972111553785,40.16,362.84000000000003,False,False,52740.61,10.034860557768924,True
ITM10034,Groceries,279,76,4,3,47.08,9.75,0.66,L36,B,94,0.85,56.86,0.52,8,0.92,128,7.83,0.25,2024-05-24,211.97,0.526,5.9260832625318605,141.24,137.76,False,False,15863.94,1.9753610875106202,False
ITM10035,Automotive,433,89,5,4,21.93,0.87,0.93,L1,C,169,3.09,54.45,0.2,6,0.92,426,3.58,0.91,2024-07-13,171.16,0.674,19.744642042863656,87.72,345.28,False,False,23576.850000000002,4.936160510715914,False
ITM10036,Groceries,498,39,6,8,28.18,9.49,0.26,L98,D,90,3.65,64.38,1.54,2,0.83,742,9.48,0.27,2024-08-26,141.19,0.552,17.67210787792761,225.44,272.56,False,False,32061.239999999998,2.209013484740951,False
ITM10037,Automotive,377,54,12,5,4.94,9.98,0.82,L21,C,174,2.67,122.58,0.7,1,0.86,188,5.78,0.68,2024-09-30,258.11,0.695,76.3157894736842,24.700000000000003,352.3,False,False,46212.659999999996,15.26315789473684,False
ITM10038,Electronics,94,88,8,9,39.72,9.45,0.53,L90,A,17,1.65,103.6,0.81,9,0.98,951,3.74,0.94,2024-11-28,232.53,0.573,2.366565961732125,357.48,-263.48,False,True,9738.4,0.2629517735257917,False
ITM10039,Apparel,374,98,3,5,21.72,6.87,0.82,L55,C,20,1.97,169.91,1.02,8,0.89,864,4.4,0.25,2024-07-02,187.58,0.425,17.21915285451197,108.6,265.4,False,False,63546.34,3.4438305709023944,False
ITM10040,Pharma,91,60,11,5,40.23,7.16,0.55,L44,A,147,0.82,142.61,1.06,8,0.89,56,10.45,0.51,2024-06-06,23.34,0.553,2.2619935371613225,201.14999999999998,-110.14999999999998,False,True,12977.510000000002,0.4523987074322645,False
ITM10041,Electronics,278,56,7,4,13.44,1.66,0.44,L36,C,124,1.82,136.7,0.49,8,0.94,932,6.71,0.46,2024-05-13,211.24,0.56,20.68452380952381,53.76,224.24,False,False,38002.6,5.1711309523809526,False
ITM10042,Pharma,417,62,14,2,21.7,8.81,0.73,L20,C,90,0.7,39.38,1.37,9,0.73,927,8.18,0.48,2024-07-03,171.87,0.434,19.216589861751153,43.4,373.6,False,False,16421.460000000003,9.608294930875577,False
ITM10043,Apparel,207,73,9,5,39.54,1.07,0.91,L28,D,96,3.77,20.49,1.42,2,0.86,885,12.5,0.68,2024-09-19,211.11,0.693,5.235204855842185,197.7,9.300000000000011,False,False,4241.429999999999,1.047040971168437,False
ITM10044,Apparel,480,47,11,2,48.72,3.52,0.39,L98,D,51,4.54,106.9,0.37,0,0.99,774,10.18,0.41,2024-09-11,100.31,0.779,9.852216748768473,97.44,382.56,False,False,51312.0,4.926108374384237,False
ITM10045,Electronics,192,73,11,3,3.92,9.92,0.51,L44,A,46,3.35,23.61,1.11,8,0.81,562,7.47,0.22,2024-08-26,235.33,0.435,48.97959183673469,11.76,180.24,False,False,4533.12,16.3265306122449,False
ITM10046,Apparel,499,96,3,7,40.81,4.51,0.31,L14,A,101,3.46,79.16,1.26,6,0.79,745,14.36,0.97,2024-02-20,131.2,0.697,12.22739524626317,285.67,213.32999999999998,False,False,39500.84,1.746770749466167,False
ITM10047,Automotive,309,98,3,9,15.73,1.75,0.27,L12,B,94,2.62,14.96,0.45,1,0.88,812,4.0,0.8,2024-08-28,269.4,0.724,19.6439923712651,141.57,167.43,False,False,4622.64,2.1826658190294554,False
ITM10048,Apparel,64,16,5,7,27.99,9.71,0.8,L49,D,68,1.2,43.59,1.8,5,0.77,776,5.05,0.31,2024-06-12,40.16,0.403,2.2865309038942483,195.92999999999998,-131.92999999999998,False,True,2789.76,0.32664727198489263,False
ITM10049,Pharma,80,31,8,2,15.21,9.85,0.28,L13,A,161,0.53,30.97,1.02,8,0.87,126,13.76,0.56,2024-04-14,150.52,0.607,5.259697567389875,30.42,49.58,False,False,2477.6,2.6298487836949374,False
ITM10050,Pharma,102,90,4,2,31.06,2.28,0.81,L46,D,165,2.05,162.19,0.32,7,0.75,92,12.95,0.25,2024-07-08,69.66,0.601,3.2839665164198326,62.12,39.88,False,False,16543.38,1.6419832582099163,False
ITM10051,Pharma,142,91,12,7,18.34,8.72,0.49,L45,C,46,3.88,75.76,0.74,5,0.87,973,2.82,0.22,2024-06-09,141.51,0.482,7.742639040348964,128.38,13.620000000000005,False,False,10757.92,1.1060912914784233,False
ITM10052,Pharma,377,50,14,5,17.35,4.21,1.0,L78,B,30,4.82,24.98,1.01,5,0.88,206,14.02,0.24,2024-07-30,112.59,0.61,21.72910662824207,86.75,290.25,False,False,9417.460000000001,4.345821325648414,False
ITM10053,Automotive,35,83,13,6,2.86,4.12,0.28,L34,D,170,2.44,60.44,0.12,7,0.83,579,1.14,0.8,2024-01-24,243.0,0.589,12.237762237762238,17.16,17.84,True,False,2115.4,2.0396270396270397,False
ITM10054,Groceries,85,19,3,6,8.2,3.0,0.18,L6,D,139,2.14,139.73,0.16,8,0.81,904,12.51,0.56,2024-10-15,58.48,0.665,10.365853658536587,49.199999999999996,35.800000000000004,False,False,11877.05,1.7276422764227644,False
ITM10055,Electronics,443,66,3,4,45.94,0.92,0.17,L94,D,92,2.51,151.67,0.21,7,0.77,269,4.9,0.88,2024-04-23,183.63,0.634,9.643012625163257,183.76,259.24,False,False,67189.81,2.410753156290814,False
ITM10056,Pharma,164,16,7,9,49.92,3.05,0.85,L59,D,165,2.42,32.77,1.12,0,0.8,634,3.64,0.44,2024-03-15,127.88,0.585,3.28525641025641,449.28000000000003,-285.28000000000003,False,True,5374.280000000001,0.36502849002849,False
ITM10057,Apparel,394,59,6,8,39.25,1.01,0.49,L69,A,152,3.32,157.93,0.74,1,0.85,239,7.28,0.82,2024-01-09,160.24,0.737,10.038216560509554,314.0,80.0,False,False,62224.420000000006,1.2547770700636942,False
ITM10058,Pharma,181,61,3,7,15.05,9.28,0.1,L16,A,10,3.8,80.41,1.8,5,0.77,924,13.56,0.26,2024-05-13,217.18,0.507,12.0265780730897,105.35000000000001,75.64999999999999,False,False,14554.21,1.7180825818699572,False
ITM10059,Apparel,253,42,6,7,20.72,6.79,0.89,L49,B,116,4.03,139.08,1.16,7,0.93,311,12.0,0.71,2024-10-10,113.56,0.632,12.21042471042471,145.04,107.96000000000001,False,False,35187.240000000005,1.74434638720353,False
ITM10060,Apparel,399,10,5,4,37.24,8.92,0.89,L11,C,37,3.42,137.59,1.54,3,0.91,193,14.54,0.49,2024-10-26,116.45,0.66,10.714285714285714,148.96,250.04,False,False,54898.41,2.6785714285714284,False
ITM10061,Pharma,163,62,4,9,48.46,7.31,0.83,L71,C,59,2.47,160.78,1.41,3,0.78,534,8.57,0.42,2024-10-23,32.27,0.553,3.363598844407759,436.14,-273.14,False,True,26207.14,0.37373320493419543,False
ITM10062,Automotive,377,69,11,6,23.32,1.75,0.32,L38,B,44,4.78,142.46,1.09,1,0.73,690,8.15,0.85,2024-08-01,170.06,0.696,16.1663807890223,139.92000000000002,237.07999999999998,False,False,53707.420000000006,2.694396798170383,False
ITM10063,Apparel,207,43,13,3,41.65,9.44,0.44,L81,C,165,3.7,17.38,1.51,9,0.7,327,1.18,0.24,2024-05-31,130.9,0.273,4.969987995198079,124.94999999999999,82.05000000000001,False,False,3597.66,1.6566626650660263,False
ITM10064,Apparel,341,13,3,5,48.78,9.05,0.77,L80,A,146,2.42,108.7,1.13,0,0.88,863,3.53,0.96,2024-03-19,245.56,0.702,6.990569905699057,243.9,97.1,False,False,37066.700000000004,1.3981139811398113,False
ITM10065,Pharma,469,26,9,5,43.8,3.81,0.54,L47,D,161,2.51,41.57,0.83,9,0.76,751,7.97,0.83,2024-04-10,137.39,0.561,10.707762557077626,219.0,250.0,False,False,19496.33,2.141552511415525,False
ITM10066,Apparel,493,13,6,3,12.13,1.56,0.24,L74,C,141,4.18,194.29,0.93,8,0.7,712,11.54,0.48,2024-06-17,291.53,0.537,40.64303380049464,36.39,456.61,False,False,95784.97,13.547677933498214,False
ITM10067,Apparel,32,52,7,3,1.39,7.19,0.32,L25,D,50,2.48,58.61,1.69,6,0.81,966,12.52,0.99,2024-04-27,59.82,0.638,23.021582733812952,4.17,27.83,True,False,1875.52,7.673860911270984,False
ITM10068,Pharma,203,99,12,9,25.11,7.42,0.98,L91,D,76,2.82,89.82,1.17,8,0.99,356,4.97,0.36,2024-07-13,87.45,0.459,8.084428514536041,225.99,-22.99000000000001,False,True,18233.46,0.898269834948449,False
ITM10069,Pharma,130,13,7,6,27.04,9.02,0.24,L9,A,57,1.81,47.37,0.82,1,0.91,945,10.97,0.52,2024-10-18,123.65,0.73,4.8076923076923075,162.24,-32.24000000000001,False,True,6158.099999999999,0.8012820512820512,False
ITM10070,Electronics,434,10,3,4,10.86,1.0,0.75,L6,D,95,4.28,35.57,0.44,9,0.96,656,12.6,0.91,2024-05-05,59.42,0.718,39.96316758747698,43.44,390.56,False,False,15437.380000000001,9.990791896869245,False
ITM10071,Automotive,309,80,8,3,14.95,1.85,0.53,L85,C,67,2.85,124.18,1.04,4,0.74,599,6.25,1.0,2024-09-12,291.97,0.647,20.668896321070235,44.849999999999994,264.15,False,False,38371.62,6.889632107023412,False
ITM10072,Automotive,314,59,11,4,38.49,6.18,0.77,L30,A,48,2.99,103.7,0.58,1,0.72,205,10.74,0.39,2024-10-08,195.88,0.687,8.157963107300597,153.96,160.04,False,False,32561.8,2.0394907768251493,False
ITM10073,Apparel,470,82,4,9,24.05,6.38,0.7,L99,B,34,4.46,81.19,1.92,9,0.7,349,7.12,0.79,2024-12-01,13.25,0.421,19.54261954261954,216.45000000000002,253.54999999999998,False,False,38159.299999999996,2.171402171402171,False
ITM10074,Automotive,411,70,9,8,16.55,0.82,0.5,L38,A,69,4.64,26.23,1.03,6,0.99,396,14.8,0.44,2024-12-16,177.77,0.66,24.83383685800604,132.4,278.6,False,False,10780.53,3.104229607250755,False
ITM10075,Apparel,234,44,8,2,31.51,4.27,0.42,L11,C,126,4.21,149.83,0.12,8,0.79,472,1.09,0.81,2024-06-21,236.56,0.563,7.4262139003490955,63.02,170.98,False,False,35060.22,3.7131069501745477,False
ITM10076,Electronics,481,17,7,5,32.99,6.05,0.78,L30,A,95,0.79,11.11,0.28,2,0.84,475,6.8,0.3,2024-05-11,24.88,0.651,14.580175810851772,164.95000000000002,316.04999999999995,False,False,5343.91,2.9160351621703544,False
ITM10077,Pharma,139,33,6,6,38.7,7.51,0.39,L13,C,123,2.5,96.96,0.64,0,0.82,91,4.69,0.47,2024-09-07,177.6,0.657,3.5917312661498704,232.20000000000002,-93.20000000000002,False,True,13477.439999999999,0.5986218776916451,False
ITM10078,Pharma,401,92,6,5,8.68,3.5,0.81,L49,C,93,2.04,130.19,0.28,3,0.92,365,12.9,0.26,2024-11-24,118.55,0.72,46.19815668202765,43.4,357.6,False,False,52206.19,9.23963133640553,False
ITM10079,Pharma,74,45,8,6,37.33,5.1,0.71,L36,A,164,1.46,91.84,1.8,3,0.79,687,5.02,0.59,2024-09-08,178.63,0.503,1.982319849986606,223.98,-149.98,False,True,6796.16,0.3303866416644343,False
ITM10080,Automotive,46,59,6,9,30.37,8.23,0.62,L59,C,133,4.59,33.98,1.72,5,0.86,874,8.61,0.76,2024-08-23,83.26,0.567,1.51465261771485,273.33,-227.32999999999998,True,True,1563.08,0.16829473530165,False
ITM10081,Electronics,137,52,7,2,3.82,9.56,0.43,L82,B,120,4.51,157.87,1.94,4,1.0,126,11.36,0.5,2024-03-27,203.14,0.577,35.86387434554974,7.64,129.36,False,False,21628.190000000002,17.93193717277487,False
ITM10082,Automotive,240,36,8,5,39.09,2.69,0.28,L47,C,51,2.59,71.55,1.44,4,0.83,145,7.96,0.69,2024-06-29,204.69,0.586,6.139677666922486,195.45000000000002,44.54999999999998,False,False,17172.0,1.2279355333844972,False
ITM10083,Automotive,250,41,7,2,19.77,2.9,0.74,L21,B,61,1.11,35.6,1.33,8,0.87,312,6.75,0.66,2024-03-27,166.46,0.503,12.645422357106728,39.54,210.46,False,False,8900.0,6.322711178553364,False
ITM10084,Electronics,72,87,9,9,17.19,9.43,0.18,L48,B,57,0.56,114.55,1.85,0,0.85,868,1.6,0.44,2024-03-12,277.89,0.494,4.18848167539267,154.71,-82.71000000000001,True,True,8247.6,0.4653868528214078,False
ITM10085,Electronics,314,27,11,6,22.96,4.26,0.97,L46,C,41,2.47,13.64,1.9,7,0.94,786,1.32,0.59,2024-10-06,273.75,0.394,13.67595818815331,137.76,176.24,False,False,4282.96,2.2793263646922184,False
ITM10086,Electronics,340,37,12,3,17.96,7.32,0.98,L27,D,161,0.68,71.57,1.77,7,0.78,672,14.4,0.26,2024-09-07,23.79,0.483,18.930957683741646,53.88,286.12,False,False,24333.8,6.310319227913882,False
ITM10087,Electronics,420,38,9,8,17.58,6.32,0.22,L86,B,140,3.24,152.62,1.74,7,0.75,799,10.01,0.57,2024-04-04,94.07,0.483,23.890784982935156,140.64,279.36,False,False,64100.4,2.9863481228668944,False
ITM10088,Pharma,252,25,9,5,40.6,3.21,0.19,L35,B,127,3.24,183.42,1.38,2,0.93,254,12.55,0.57,2024-10-04,115.64,0.689,6.206896551724138,203.0,49.0,False,False,46221.84,1.2413793103448276,False
ITM10089,Groceries,177,56,6,2,7.1,6.71,0.47,L90,A,164,4.55,122.43,0.1,9,0.82,337,7.73,0.22,2024-11-24,26.03,0.521,24.929577464788732,14.2,162.8,False,False,21670.11,12.464788732394366,False
ITM10090,Groceries,456,68,3,7,48.56,6.73,0.97,L88,B,177,1.36,51.35,0.92,7,0.97,312,4.66,0.61,2024-01-31,161.85,0.546,9.390444810543658,339.92,116.07999999999998,False,False,23415.600000000002,1.341492115791951,False
ITM10091,Electronics,288,40,10,5,28.19,6.13,0.46,L83,B,32,2.17,51.8,1.31,1,0.89,637,5.12,0.79,2024-09-25,17.13,0.653,10.216388790351187,140.95000000000002,147.04999999999998,False,False,14918.4,2.0432777580702375,False
ITM10092,Groceries,40,13,6,5,9.96,1.45,0.43,L10,B,144,4.37,124.74,1.14,7,0.87,985,1.61,0.56,2024-01-18,206.64,0.453,4.016064257028112,49.800000000000004,-9.800000000000004,False,True,4989.599999999999,0.8032128514056224,False
ITM10093,Groceries,422,46,3,5,7.43,9.95,0.73,L78,B,136,2.63,87.28,1.66,7,0.72,704,12.07,0.72,2024-02-08,10.78,0.543,56.79676985195155,37.15,384.85,False,False,36832.16,11.35935397039031,False
ITM10094,Electronics,72,26,7,4,29.98,4.3,0.26,L82,D,46,0.77,43.68,1.66,2,0.92,364,9.14,0.63,2024-12-08,19.26,0.626,2.401601067378252,119.92,-47.92,False,True,3144.96,0.600400266844563,False
ITM10095,Groceries,294,48,10,2,32.02,6.56,0.43,L22,B,16,1.0,159.61,1.24,3,0.91,418,7.73,0.83,2024-01-25,251.79,0.667,9.181761399125545,64.04,229.95999999999998,False,False,46925.340000000004,4.5908806995627724,False
ITM10096,Automotive,332,57,6,2,3.6,8.91,0.36,L69,C,86,4.16,48.05,0.14,8,0.89,646,12.93,0.61,2024-01-04,83.26,0.698,92.22222222222221,7.2,324.8,False,False,15952.599999999999,46.11111111111111,False
ITM10097,Apparel,300,55,14,5,12.91,4.52,0.64,L94,D,91,3.85,71.11,0.8,8,0.78,957,7.23,0.47,2024-07-30,33.56,0.506,23.237800154918666,64.55,235.45,False,False,21333.0,4.647560030983733,False
ITM10098,Apparel,233,99,10,9,39.98,7.85,0.25,L32,B,104,4.44,21.67,0.53,9,0.98,301,14.27,0.86,2024-03-11,125.85,0.725,5.82791395697849,359.82,-126.82,False,True,5049.110000000001,0.6475459952198322,False
ITM10099,Electronics,50,57,10,9,3.43,9.73,0.59,L21,C,31,1.03,143.26,0.74,8,0.8,382,1.19,0.25,2024-11-18,24.78,0.392,14.577259475218659,30.87,19.13,True,False,7163.0,1.6196954972465176,False
ITM10100,Pharma,356,48,5,3,42.9,3.91,0.87,L60,C,87,3.92,62.3,1.27,9,0.75,793,14.78,0.43,2024-04-28,227.62,0.526,8.298368298368299,128.7,227.3,False,False,22178.8,2.7661227661227663,False
ITM10101,Electronics,202,13,11,5,33.25,4.35,0.56,L49,D,91,3.45,54.24,0.23,5,1.0,475,12.42,0.67,2024-02-04,153.3,0.777,6.075187969924812,166.25,35.75,False,False,10956.48,1.2150375939849625,False
ITM10102,Pharma,42,39,5,4,22.29,9.1,0.72,L35,D,154,1.55,67.64,0.14,0,0.92,344,5.97,0.88,2024-12-28,170.06,0.826,1.8842530282637955,89.16,-47.16,False,True,2840.88,0.47106325706594887,False
ITM10103,Apparel,51,39,3,6,17.98,2.02,0.17,L82,C,28,4.88,176.08,0.93,7,0.82,880,9.34,0.26,2024-03-18,228.37,0.508,2.836484983314794,107.88,-56.879999999999995,False,True,8980.08,0.47274749721913234,False
ITM10104,Electronics,465,31,4,4,1.94,0.77,0.5,L89,D,104,3.07,108.42,1.61,8,0.98,691,13.1,0.28,2024-01-05,237.49,0.506,239.69072164948454,7.76,457.24,False,False,50415.3,59.922680412371136,False
ITM10105,Automotive,93,84,8,9,41.44,9.13,0.19,L72,D,48,4.58,40.0,0.16,7,0.73,334,7.74,0.43,2024-04-21,49.51,0.579,2.2442084942084946,372.96,-279.96,False,True,3720.0,0.2493564993564994,False
ITM10106,Groceries,29,75,14,3,7.99,8.31,0.64,L29,A,126,4.37,157.15,1.71,0,0.73,366,1.71,0.48,2024-09-15,91.28,0.494,3.629536921151439,23.97,5.030000000000001,True,False,4557.35,1.209845640383813,False
ITM10107,Pharma,475,21,12,9,16.17,9.74,0.35,L88,D,45,2.0,49.61,0.83,5,0.9,561,13.65,0.87,2024-08-21,60.94,0.753,29.37538651824366,145.53000000000003,329.46999999999997,False,False,23564.75,3.2639318353604065,False
ITM10108,Groceries,73,45,4,9,28.89,1.05,0.36,L42,A,24,2.91,88.37,0.32,8,0.75,78,8.24,0.97,2024-07-10,25.67,0.662,2.5268258913118724,260.01,-187.01,False,True,6451.01,0.2807584323679858,False
ITM10109,Groceries,71,27,8,9,13.05,1.98,0.17,L99,D,166,2.44,117.93,1.18,8,0.98,789,8.63,0.21,2024-01-31,165.88,0.475,5.440613026819923,117.45,-46.45,False,True,8373.03,0.604512558535547,False
ITM10110,Electronics,167,99,3,5,25.36,1.5,0.38,L100,D,69,3.69,121.04,1.91,6,0.95,343,1.19,0.21,2024-11-12,82.44,0.337,6.585173501577287,126.8,40.2,False,False,20213.68,1.3170347003154574,False
ITM10111,Groceries,179,62,13,9,40.66,6.99,0.56,L8,C,177,3.15,23.12,1.13,6,0.79,56,2.4,0.89,2024-11-22,54.65,0.535,4.402361042793901,365.93999999999994,-186.93999999999994,False,True,4138.4800000000005,0.4891512269771001,False
ITM10112,Automotive,389,80,3,2,24.06,6.26,0.63,L30,A,153,4.03,168.99,1.4,3,0.97,591,11.88,0.31,2024-12-07,157.94,0.614,16.167913549459684,48.12,340.88,False,False,65737.11,8.083956774729842,False
ITM10113,Groceries,33,10,7,8,47.5,3.91,0.16,L5,D,170,0.55,101.09,1.65,6,0.71,264,7.09,0.47,2024-11-11,193.86,0.446,0.6947368421052632,380.0,-347.0,False,True,3335.9700000000003,0.0868421052631579,False
ITM10114,Electronics,197,67,12,7,42.53,1.05,0.69,L41,B,98,3.6,197.96,1.62,9,0.86,676,14.97,0.42,2024-09-04,233.91,0.514,4.632024453327063,297.71000000000004,-100.71000000000004,False,True,38998.12,0.6617177790467234,False
ITM10115,Automotive,431,99,13,5,17.32,6.58,0.54,L52,D,25,1.94,146.31,0.24,4,0.98,264,10.74,0.43,2024-12-03,15.07,0.721,24.884526558891455,86.6,344.4,False,False,63059.61,4.976905311778291,False
ITM10116,Apparel,385,96,11,3,20.6,5.92,0.58,L35,C,167,1.51,198.59,1.51,9,0.96,213,14.29,0.46,2024-09-06,162.62,0.544,18.689320388349515,61.800000000000004,323.2,False,False,76457.15,6.229773462783172,False
ITM10117,Groceries,72,99,10,2,21.74,1.57,0.85,L9,C,107,4.11,96.16,1.9,4,0.81,219,4.91,0.47,2024-01-09,87.45,0.451,3.311867525298988,43.48,28.520000000000003,True,False,6923.5199999999995,1.655933762649494,False
ITM10118,Electronics,427,15,5,4,31.68,9.13,0.41,L28,C,113,0.9,36.75,1.43,0,0.75,270,3.47,0.7,2024-01-04,297.56,0.593,13.478535353535353,126.72,300.28,False,False,15692.25,3.3696338383838382,False
ITM10119,Apparel,354,79,5,9,15.05,2.39,0.26,L73,A,53,1.53,148.19,1.69,1,0.76,309,6.27,0.7,2024-09-29,55.51,0.587,23.52159468438538,135.45000000000002,218.54999999999998,False,False,52459.26,2.6135105204872646,False
ITM10120,Apparel,41,53,3,6,48.49,7.56,0.6,L92,A,175,1.42,157.77,1.02,8,0.85,773,4.71,0.62,2024-10-09,136.98,0.495,0.8455351618890492,290.94,-249.94,True,True,6468.570000000001,0.1409225269815082,False
ITM10121,Pharma,49,81,5,6,30.83,8.91,0.95,L41,A,60,2.39,172.04,0.71,1,0.88,310,9.59,0.89,2024-07-29,291.31,0.791,1.5893610120012975,184.98,-135.98,True,True,8429.96,0.2648935020002163,False
ITM10122,Automotive,210,33,14,8,20.57,6.01,0.57,L28,B,27,1.95,67.28,1.38,9,0.71,863,11.42,0.88,2024-01-07,71.8,0.552,10.209042294603792,164.56,45.44,False,False,14128.800000000001,1.276130286825474,False
ITM10123,Groceries,279,95,14,5,32.61,2.85,0.85,L84,A,14,3.74,107.03,1.04,1,0.82,892,6.63,0.37,2024-01-09,244.0,0.602,8.555657773689052,163.05,115.94999999999999,False,False,29861.37,1.7111315547378105,False
ITM10124,Electronics,224,28,14,4,20.37,3.44,0.78,L64,C,177,3.65,172.93,1.8,8,0.95,691,2.26,0.63,2024-09-28,80.48,0.406,10.996563573883162,81.48,142.51999999999998,False,False,38736.32,2.7491408934707904,False
ITM10125,Pharma,78,27,13,8,41.07,8.91,0.57,L51,A,15,1.96,174.3,1.95,2,0.83,666,1.37,0.83,2024-05-20,31.83,0.515,1.8991964937910883,328.56,-250.56,False,True,13595.400000000001,0.23739956172388604,False
ITM10126,Automotive,490,39,3,7,28.82,3.33,0.68,L83,A,85,2.47,14.88,1.66,1,0.75,615,4.05,0.89,2024-10-01,22.4,0.596,17.002081887578072,201.74,288.26,False,False,7291.200000000001,2.428868841082582,False
ITM10127,Pharma,283,51,10,7,3.06,7.59,0.47,L59,D,124,1.44,137.47,1.99,6,0.99,669,11.25,0.4,2024-05-26,285.13,0.509,92.48366013071896,21.42,261.58,False,False,38904.01,13.211951447245566,False
ITM10128,Automotive,485,42,3,8,9.66,9.91,0.58,L19,A,21,3.52,124.32,0.76,8,0.78,521,4.1,0.6,2024-01-09,71.74,0.495,50.20703933747412,77.28,407.72,False,False,60295.2,6.275879917184265,False
ITM10129,Automotive,31,83,7,3,43.38,10.0,0.56,L34,D,21,2.28,25.83,1.8,5,0.94,876,13.75,0.62,2024-09-14,94.67,0.615,0.714615029967727,130.14000000000001,-99.14000000000001,True,True,800.7299999999999,0.23820500998924232,False
ITM10130,Groceries,138,21,11,6,28.58,5.57,0.74,L18,A,82,1.1,186.73,0.73,6,0.76,850,10.12,0.76,2024-12-23,290.4,0.646,4.828551434569629,171.48,-33.47999999999999,False,True,25768.739999999998,0.8047585724282715,False
ITM10131,Automotive,434,36,9,4,47.57,8.35,0.47,L32,D,115,1.07,94.62,0.32,2,0.83,304,13.07,0.46,2024-12-11,200.64,0.76,9.123397099011981,190.28,243.72,False,False,41065.08,2.2808492747529954,False
ITM10132,Pharma,481,48,6,5,4.55,9.91,0.19,L96,C,159,1.95,138.11,1.28,2,0.85,327,6.4,0.43,2024-08-08,151.56,0.573,105.71428571428572,22.75,458.25,False,False,66430.91,21.142857142857146,False
ITM10133,Automotive,309,18,13,9,15.47,4.06,0.81,L72,A,58,3.86,177.73,0.96,7,0.85,608,14.77,0.76,2024-04-01,136.27,0.683,19.97414350355527,139.23000000000002,169.76999999999998,False,False,54918.57,2.2193492781728077,False
ITM10134,Groceries,357,30,11,2,10.48,2.9,0.72,L69,C,13,0.61,34.72,1.85,6,0.85,695,10.51,0.52,2024-02-24,24.08,0.509,34.0648854961832,20.96,336.04,False,False,12395.039999999999,17.0324427480916,False
ITM10135,Groceries,267,85,11,5,28.14,1.59,0.96,L34,A,12,1.66,172.61,1.04,4,0.77,73,6.0,0.2,2024-02-19,253.29,0.49,9.488272921108742,140.7,126.30000000000001,False,False,46086.87,1.8976545842217483,False
ITM10136,Pharma,373,38,4,5,19.76,1.84,0.49,L96,B,153,1.23,147.62,1.86,5,0.85,482,3.98,0.95,2024-09-25,230.99,0.527,18.87651821862348,98.80000000000001,274.2,False,False,55062.26,3.7753036437246963,False
ITM10137,Apparel,146,42,12,4,8.71,8.61,0.17,L75,B,23,4.8,169.52,0.25,8,0.84,678,13.13,0.32,2024-03-17,36.3,0.622,16.762342135476462,34.84,111.16,False,False,24749.920000000002,4.190585533869116,False
ITM10138,Apparel,94,71,12,6,32.49,6.09,0.21,L55,C,73,3.67,104.02,1.68,2,0.76,800,5.45,0.32,2024-05-03,112.5,0.481,2.8931979070483225,194.94,-100.94,False,True,9777.88,0.4821996511747204,False
ITM10139,Automotive,380,24,13,4,27.28,8.8,0.8,L75,C,129,1.55,16.36,1.54,2,1.0,527,1.62,0.85,2024-04-08,266.77,0.598,13.929618768328446,109.12,270.88,False,False,6216.8,3.4824046920821115,False
ITM10140,Electronics,223,11,14,2,14.46,8.0,0.16,L52,B,178,1.43,137.4,1.47,5,0.96,543,4.9,0.47,2024-11-13,78.57,0.504,15.421853388658366,28.92,194.07999999999998,False,False,30640.2,7.710926694329183,False
ITM10141,Automotive,68,61,8,8,24.51,6.9,0.92,L47,B,77,4.36,81.16,0.77,7,0.97,431,3.51,0.46,2024-09-26,187.26,0.516,2.77437780497756,196.08,-128.08,False,True,5518.88,0.346797225622195,False
ITM10142,Pharma,98,53,6,4,37.54,6.29,0.35,L29,D,68,1.36,86.46,1.59,4,0.91,868,5.48,0.7,2024-05-09,151.5,0.556,2.610548748002131,150.16,-52.16,False,True,8473.08,0.6526371870005327,False
ITM10143,Pharma,460,63,10,3,11.06,0.96,0.91,L18,A,139,4.99,93.84,1.02,0,0.75,423,9.59,0.25,2024-06-30,247.37,0.626,41.59132007233273,33.18,426.82,False,False,43166.4,13.863773357444243,False
ITM10144,Pharma,498,27,14,5,15.35,8.79,0.8,L66,B,128,1.77,103.65,1.46,2,0.87,602,8.01,0.39,2024-05-16,20.46,0.573,32.44299674267101,76.75,421.25,False,False,51617.700000000004,6.488599348534203,False
ITM10145,Pharma,260,12,13,6,17.96,4.47,0.88,L64,C,19,0.88,135.77,1.15,7,0.95,811,10.95,0.24,2024-07-22,246.68,0.529,14.476614699331847,107.76,152.24,False,False,35300.200000000004,2.412769116555308,False
ITM10146,Pharma,368,16,9,9,37.59,5.82,0.29,L12,C,84,3.61,148.09,0.4,3,0.71,372,5.67,0.43,2024-02-10,49.36,0.604,9.789837722798616,338.31000000000006,29.68999999999994,False,False,54497.12,1.087759746977624,False
ITM10147,Groceries,173,52,9,7,42.5,0.71,0.64,L97,B,99,3.24,157.6,0.22,8,0.85,138,2.68,0.9,2024-07-10,14.37,0.604,4.070588235294117,297.5,-124.5,False,True,27264.8,0.5815126050420167,False
ITM10148,Apparel,293,91,13,2,19.44,9.39,0.18,L7,C,110,5.0,137.61,0.8,5,0.82,141,3.24,0.93,2024-07-26,182.7,0.613,15.072016460905349,38.88,254.12,False,False,40319.73,7.5360082304526745,False
ITM10149,Pharma,115,47,12,7,15.53,9.08,0.28,L15,A,163,4.11,162.66,1.87,9,0.76,426,12.16,0.45,2024-08-23,85.01,0.437,7.405022537025113,108.71,6.290000000000006,False,False,18705.899999999998,1.057860362432159,False
ITM10150,Electronics,233,46,11,5,44.58,5.66,0.38,L20,D,141,2.43,33.21,1.11,3,0.81,130,2.37,0.35,2024-10-16,215.69,0.493,5.2265589950650515,222.89999999999998,10.100000000000023,False,False,7737.93,1.0453117990130103,False
ITM10151,Electronics,313,67,7,4,49.97,5.98,0.77,L81,A,37,3.54,169.0,1.62,3,1.0,691,12.17,0.31,2024-05-04,146.24,0.602,6.263758254952972,199.88,113.12,False,False,52897.0,1.565939563738243,False
ITM10152,Electronics,228,42,8,7,33.85,7.2,0.12,L21,D,139,4.18,83.58,1.19,9,0.92,652,3.98,0.52,2024-12-22,185.6,0.442,6.73559822747415,236.95000000000002,-8.950000000000017,False,True,19056.239999999998,0.9622283182105928,False
ITM10153,Electronics,362,68,3,3,49.51,3.01,0.91,L88,D,75,2.81,110.47,1.92,4,0.79,149,10.5,0.86,2024-04-25,210.01,0.598,7.311654211270451,148.53,213.47,False,False,39990.14,2.4372180704234836,False
ITM10154,Groceries,107,20,8,4,33.34,2.61,0.16,L55,B,153,1.73,92.42,0.8,6,0.88,639,9.72,0.88,2024-06-02,278.81,0.682,3.209358128374325,133.36,-26.360000000000014,False,True,9888.94,0.8023395320935812,False
ITM10155,Electronics,325,77,4,5,36.94,6.9,0.44,L77,C,133,1.45,100.39,0.21,6,0.77,604,2.38,0.24,2024-12-16,248.7,0.493,8.798050893340553,184.7,140.3,False,False,32626.75,1.7596101786681106,False
ITM10156,Pharma,283,91,8,7,20.04,1.49,0.17,L9,D,66,1.83,64.23,1.58,9,0.88,172,10.32,0.37,2024-02-11,153.58,0.45,14.121756487025948,140.28,142.72,False,False,18177.09,2.0173937838608498,False
ITM10157,Automotive,444,77,11,9,22.22,4.81,0.79,L50,B,160,4.32,42.29,1.44,6,0.97,849,7.27,0.36,2024-11-30,137.02,0.499,19.981998199819984,199.98,244.02,False,False,18776.76,2.22022202220222,False
ITM10158,Electronics,409,97,10,8,8.06,5.18,0.23,L49,C,160,2.21,29.93,1.1,4,0.87,445,10.9,0.86,2024-11-28,199.86,0.701,50.744416873449126,64.48,344.52,False,False,12241.369999999999,6.343052109181141,False
ITM10159,Groceries,344,31,11,2,41.31,4.12,0.9,L77,C,30,1.79,95.77,0.72,8,0.92,72,12.7,0.57,2024-01-17,222.72,0.635,8.327281529895908,82.62,261.38,False,False,32944.88,4.163640764947954,False
ITM10160,Groceries,447,75,12,7,46.62,2.26,0.58,L60,D,112,4.13,33.8,0.46,1,0.84,705,1.55,0.49,2024-02-17,60.07,0.621,9.588159588159588,326.34,120.66000000000003,False,False,15108.599999999999,1.3697370840227983,False
ITM10161,Electronics,396,53,10,9,31.55,3.88,0.95,L68,C,162,0.64,56.55,1.02,7,0.86,989,10.07,0.97,2024-07-26,19.43,0.658,12.551505546751189,283.95,112.05000000000001,False,False,22393.8,1.3946117274167988,False
ITM10162,Automotive,339,15,5,8,17.84,3.71,0.36,L33,A,67,3.17,35.39,1.37,9,0.91,819,2.47,0.94,2024-07-13,141.85,0.486,19.00224215246637,142.72,196.28,False,False,11997.210000000001,2.375280269058296,False
ITM10163,Electronics,176,51,10,8,8.55,5.24,0.51,L71,C,46,4.43,30.73,1.2,7,0.94,568,6.3,0.55,2024-07-12,38.84,0.522,20.584795321637426,68.4,107.6,False,False,5408.4800000000005,2.573099415204678,False
ITM10164,Groceries,175,34,8,7,13.99,6.91,0.72,L2,A,152,2.35,177.67,0.93,2,0.9,326,1.18,0.3,2024-10-09,89.09,0.523,12.508934953538242,97.93,77.07,False,False,31092.249999999996,1.7869907076483202,False
ITM10165,Apparel,158,66,8,6,13.52,9.7,0.85,L88,C,165,1.71,138.06,1.13,4,0.99,747,5.6,0.34,2024-08-31,179.57,0.548,11.68639053254438,81.12,76.88,False,False,21813.48,1.9477317554240632,False
ITM10166,Pharma,140,94,8,7,31.06,1.87,0.48,L93,D,141,2.71,185.51,0.31,7,0.95,144,3.37,0.29,2024-01-29,53.92,0.522,4.507405022537025,217.42,-77.41999999999999,False,True,25971.399999999998,0.643915003219575,False
ITM10167,Groceries,84,64,5,5,47.31,8.79,0.9,L15,D,56,3.73,132.36,1.42,9,0.93,968,8.79,0.74,2024-11-22,18.26,0.529,1.7755231452124285,236.55,-152.55,False,True,11118.240000000002,0.3551046290424857,False
ITM10168,Electronics,126,25,12,8,3.37,3.2,0.21,L88,B,112,2.82,170.35,1.5,8,0.95,431,8.17,0.64,2024-01-05,170.83,0.517,37.388724035608305,26.96,99.03999999999999,False,False,21464.1,4.673590504451038,False
ITM10169,Pharma,166,23,3,2,1.05,6.12,0.74,L69,A,81,0.53,115.51,0.12,6,0.78,426,12.11,0.65,2024-12-25,145.21,0.715,158.0952380952381,2.1,163.9,False,False,19174.66,79.04761904761905,False
ITM10170,Electronics,156,48,14,5,30.41,5.69,0.41,L97,A,98,0.85,97.9,0.61,3,0.83,74,9.96,0.28,2024-03-28,98.83,0.634,5.129891483064782,152.05,3.9499999999999886,False,False,15272.400000000001,1.0259782966129563,False
ITM10171,Electronics,430,37,6,3,14.92,5.79,0.19,L35,D,67,3.75,110.41,0.28,3,0.87,340,11.0,0.83,2024-02-12,145.95,0.799,28.820375335120644,44.76,385.24,False,False,47476.299999999996,9.606791778373548,False
ITM10172,Apparel,181,60,12,4,44.15,7.37,0.45,L99,D,114,2.3,70.84,2.0,2,0.84,276,2.29,0.63,2024-09-12,208.22,0.485,4.099660249150623,176.6,4.400000000000006,False,False,12822.04,1.0249150622876557,False
ITM10173,Pharma,447,58,14,7,17.04,4.13,0.89,L83,D,78,4.03,135.01,1.23,7,0.95,222,1.39,0.27,2024-08-10,41.61,0.4,26.232394366197184,119.28,327.72,False,False,60349.469999999994,3.7474849094567406,False
ITM10174,Pharma,471,18,8,6,15.2,3.53,0.98,L44,A,55,3.42,180.46,0.98,5,0.71,696,14.57,0.8,2024-11-26,84.15,0.698,30.98684210526316,91.19999999999999,379.8,False,False,84996.66,5.1644736842105265,False
ITM10175,Apparel,119,67,13,2,14.21,8.6,0.45,L15,B,162,3.12,158.65,0.98,9,0.76,502,6.98,0.99,2024-06-18,240.54,0.565,8.374384236453201,28.42,90.58,False,False,18879.350000000002,4.1871921182266005,False
ITM10176,Groceries,357,54,14,6,8.1,2.59,0.9,L38,A,34,4.56,97.78,1.93,5,0.96,337,6.53,0.55,2024-10-16,204.34,0.496,44.074074074074076,48.599999999999994,308.4,False,False,34907.46,7.34567901234568,False
ITM10177,Electronics,418,31,12,6,29.49,2.21,0.56,L56,D,130,0.6,191.24,1.35,9,0.72,870,1.49,0.29,2024-02-18,87.21,0.307,14.174296371651408,176.94,241.06,False,False,79938.32,2.362382728608568,False
ITM10178,Automotive,326,41,4,6,9.24,0.65,0.75,L21,B,44,1.2,197.23,0.42,9,0.77,118,2.66,0.28,2024-09-27,125.46,0.423,35.28138528138528,55.44,270.56,False,False,64296.979999999996,5.88023088023088,False
ITM10179,Electronics,160,78,9,7,21.81,2.5,0.14,L59,C,24,3.31,103.69,0.95,8,0.81,330,14.17,0.22,2024-01-22,44.73,0.54,7.336084364970198,152.67,7.3300000000000125,False,False,16590.4,1.0480120521385996,False
ITM10180,Electronics,102,96,9,2,23.59,5.43,0.6,L1,C,115,0.8,174.28,1.57,2,0.93,912,10.73,0.82,2024-04-27,83.41,0.696,4.323866044934294,47.18,54.82,False,False,17776.56,2.161933022467147,False
ITM10181,Groceries,196,78,13,2,2.0,5.62,0.16,L93,D,137,3.4,10.91,0.9,3,0.87,391,6.73,0.76,2024-04-18,253.93,0.666,98.0,4.0,192.0,False,False,2138.36,49.0,False
ITM10182,Electronics,217,51,6,8,1.82,2.92,0.34,L93,B,83,4.93,22.66,0.69,2,0.99,919,13.66,0.67,2024-12-20,137.72,0.805,119.23076923076923,14.56,202.44,False,False,4917.22,14.903846153846153,False
ITM10183,Apparel,131,62,6,6,26.49,1.19,0.61,L34,D,97,4.45,14.25,1.98,2,0.77,382,9.26,0.81,2024-10-17,195.68,0.601,4.9452623631559085,158.94,-27.939999999999998,False,True,1866.75,0.824210393859318,False
ITM10184,Apparel,75,68,3,8,35.11,7.57,0.83,L65,A,172,3.16,156.9,1.88,0,0.96,792,11.45,1.0,2024-08-31,56.33,0.757,2.1361435488464826,280.88,-205.88,False,True,11767.5,0.2670179436058103,False
ITM10185,Pharma,479,83,4,8,47.16,7.7,0.6,L98,A,38,4.52,25.16,1.89,9,0.78,435,7.04,0.52,2024-05-18,63.16,0.385,10.156912637828668,377.28,101.72000000000003,False,False,12051.64,1.2696140797285835,False
ITM10186,Automotive,198,48,11,4,9.78,9.98,0.94,L23,B,47,1.02,13.24,0.35,5,0.77,391,7.04,0.76,2024-01-24,282.87,0.665,20.245398773006137,39.12,158.88,False,False,2621.52,5.061349693251534,False
ITM10187,Electronics,440,24,12,7,6.06,9.05,0.83,L65,D,33,2.55,38.01,0.55,8,0.85,366,1.96,0.5,2024-02-08,254.02,0.481,72.60726072607261,42.419999999999995,397.58,False,False,16724.399999999998,10.372465818010372,True
ITM10188,Electronics,420,80,10,7,3.55,9.3,0.24,L14,D,28,2.43,68.2,0.94,4,0.72,954,11.28,0.48,2024-12-16,239.2,0.616,118.30985915492958,24.849999999999998,395.15,False,False,28644.0,16.901408450704228,False
ITM10189,Groceries,205,38,10,5,22.37,8.08,0.45,L81,C,58,2.01,98.29,1.68,9,0.82,356,2.39,0.88,2024-05-23,105.58,0.424,9.164059007599462,111.85000000000001,93.14999999999999,False,False,20149.45,1.8328118015198924,False
ITM10190,Apparel,490,12,11,9,31.53,6.35,0.7,L39,B,53,0.5,22.43,1.5,1,0.81,819,11.7,0.66,2024-10-05,173.2,0.68,15.540754836663494,283.77,206.23000000000002,False,False,10990.7,1.7267505374070549,False
ITM10191,Automotive,237,92,9,8,42.19,1.72,0.94,L82,D,163,4.51,104.81,1.71,9,0.75,222,3.67,0.3,2024-10-15,152.78,0.308,5.6174448921545395,337.52,-100.51999999999998,False,True,24839.97,0.7021806115193174,False
ITM10192,Pharma,432,19,11,7,34.45,6.41,0.99,L65,A,162,4.0,57.13,1.85,3,0.96,593,4.46,0.52,2024-12-02,287.31,0.51,12.539912917271407,241.15000000000003,190.84999999999997,False,False,24680.16,1.7914161310387724,False
ITM10193,Apparel,436,38,12,6,11.21,1.03,0.79,L78,D,44,3.44,62.13,1.58,5,0.82,249,13.85,0.84,2024-01-17,79.49,0.659,38.89384478144513,67.26,368.74,False,False,27088.68,6.482307463574188,False
ITM10194,Pharma,335,88,14,9,23.63,8.91,0.62,L26,D,173,1.08,166.16,0.6,6,0.99,641,7.6,0.95,2024-04-01,284.7,0.709,14.176893779094373,212.67,122.33000000000001,False,False,55663.6,1.5752104198993748,False
ITM10195,Groceries,494,44,4,3,45.61,5.08,0.78,L20,A,151,2.2,197.52,0.64,6,0.97,914,2.75,0.69,2024-06-10,214.99,0.585,10.830958123218593,136.82999999999998,357.17,False,False,97574.88,3.6103193744061977,False
ITM10196,Groceries,236,15,8,6,17.01,7.13,0.35,L48,A,65,4.66,98.13,0.77,3,0.76,124,13.67,0.52,2024-01-09,129.97,0.701,13.87419165196943,102.06,133.94,False,False,23158.68,2.312365275328238,False
ITM10197,Electronics,139,21,5,2,25.44,1.0,0.36,L98,D,143,3.28,71.14,0.68,9,0.85,977,7.33,0.4,2024-04-16,87.24,0.5,5.463836477987421,50.88,88.12,False,False,9888.460000000001,2.7319182389937104,False
ITM10198,Automotive,458,47,13,7,47.97,5.58,0.69,L21,A,41,3.22,186.98,0.57,9,0.88,825,2.83,0.54,2024-10-27,229.63,0.485,9.54763393787784,335.78999999999996,122.21000000000004,False,False,85636.84,1.36394770541112,False
ITM10199,Pharma,413,86,8,9,37.0,3.36,0.88,L70,C,35,4.61,105.09,1.53,4,0.95,646,6.47,0.65,2024-03-14,248.65,0.573,11.162162162162161,333.0,80.0,False,False,43402.17,1.2402402402402402,False
ITM10200,Apparel,194,28,5,7,37.64,3.21,0.97,L100,C,152,3.02,148.77,0.16,3,0.97,266,9.25,0.2,2024-12-30,113.68,0.681,5.154091392136025,263.48,-69.48000000000002,False,True,28861.38,0.7362987703051465,False
ITM10201,Groceries,42,76,10,5,13.36,4.2,0.41,L68,C,65,3.19,88.61,1.48,9,0.89,682,6.07,0.41,2024-07-22,59.85,0.413,3.1437125748502996,66.8,-24.799999999999997,True,True,3721.62,0.62874251497006,False
ITM10202,Electronics,232,17,13,8,21.32,0.51,0.82,L1,A,46,2.06,48.48,1.66,5,0.71,581,13.94,0.74,2024-02-09,152.75,0.61,10.881801125703564,170.56,61.44,False,False,11247.359999999999,1.3602251407129455,False
ITM10203,Electronics,424,17,6,3,5.03,4.93,0.87,L77,A,134,2.17,134.43,0.23,6,0.84,498,4.78,0.74,2024-06-02,145.87,0.637,84.29423459244532,15.09,408.91,False,False,56998.32,28.098078197481772,False
ITM10204,Pharma,254,93,14,7,30.72,5.12,0.66,L42,A,62,3.59,136.32,0.22,1,0.97,710,3.46,0.72,2024-03-24,220.37,0.742,8.268229166666668,215.04,38.96000000000001,False,False,34625.28,1.1811755952380953,False
ITM10205,Groceries,32,56,12,5,6.08,8.7,0.41,L63,B,110,1.94,97.43,0.64,9,0.91,56,4.09,0.96,2024-10-15,292.22,0.585,5.2631578947368425,30.4,1.6000000000000014,True,False,3117.76,1.0526315789473686,False
ITM10206,Automotive,120,13,8,5,41.96,4.76,0.66,L3,A,87,3.02,61.29,0.5,2,0.96,938,2.17,0.65,2024-05-03,164.07,0.661,2.8598665395614873,209.8,-89.80000000000001,False,True,7354.8,0.5719733079122975,False
ITM10207,Groceries,436,60,11,3,40.91,3.95,0.63,L15,C,45,1.76,168.04,1.2,7,0.9,939,7.33,0.42,2024-10-17,222.2,0.502,10.657540943534588,122.72999999999999,313.27,False,False,73265.44,3.552513647844863,False
ITM10208,Pharma,43,94,4,6,27.15,9.95,0.65,L47,C,110,1.25,62.31,1.38,6,0.71,442,13.3,0.85,2024-07-18,111.67,0.631,1.5837937384898713,162.89999999999998,-119.89999999999998,True,True,2679.33,0.26396562308164523,False
ITM10209,Pharma,383,76,4,6,7.92,5.93,0.66,L40,C,20,2.54,135.21,1.3,0,0.99,647,5.27,0.51,2024-12-12,183.88,0.64,48.35858585858586,47.519999999999996,335.48,False,False,51785.43,8.05976430976431,False
ITM10210,Groceries,30,54,9,6,2.25,4.99,0.86,L31,B,36,1.48,82.96,0.78,3,0.98,435,4.62,0.39,2024-10-03,43.45,0.598,13.333333333333334,13.5,16.5,True,False,2488.7999999999997,2.2222222222222223,False
ITM10211,Pharma,292,17,4,4,40.04,5.21,0.25,L8,D,11,4.54,99.77,1.05,4,0.74,550,12.72,0.65,2024-06-18,246.33,0.663,7.292707292707293,160.16,131.84,False,False,29132.84,1.8231768231768233,False
ITM10212,Groceries,471,96,4,8,30.41,8.19,0.43,L31,C,31,1.87,50.17,1.32,2,0.73,196,5.28,0.43,2024-07-15,109.85,0.53,15.488326208484052,243.28,227.72,False,False,23630.07,1.9360407760605065,False
ITM10213,Apparel,450,25,6,9,35.84,3.74,0.63,L73,B,75,3.19,133.4,0.33,3,0.86,365,7.68,0.52,2024-03-12,33.21,0.685,12.55580357142857,322.56000000000006,127.43999999999994,False,False,60030.0,1.3950892857142856,False
ITM10214,Groceries,300,86,11,8,15.89,4.2,0.35,L11,D,121,1.69,52.91,0.54,9,0.93,503,1.44,0.75,2024-12-18,297.26,0.521,18.879798615481434,127.12,172.88,False,False,15872.999999999998,2.3599748269351792,False
ITM10215,Groceries,113,76,10,6,25.96,7.68,0.98,L11,B,26,1.66,102.29,1.79,9,0.81,236,5.02,1.0,2024-02-10,271.52,0.47,4.352850539291217,155.76,-42.75999999999999,False,True,11558.77,0.7254750898818695,False
ITM10216,Pharma,220,18,4,3,37.61,1.19,0.34,L94,B,141,2.08,72.41,0.75,9,0.74,374,2.83,0.72,2024-09-13,67.26,0.475,5.849508109545334,112.83,107.17,False,False,15930.199999999999,1.9498360365151113,False
ITM10217,Pharma,40,69,10,4,23.67,8.72,0.52,L63,D,23,4.62,193.09,1.62,6,0.85,862,2.48,0.42,2024-06-26,115.33,0.405,1.6899028305872412,94.68,-54.68000000000001,True,True,7723.6,0.4224757076468103,False
ITM10218,Electronics,359,87,6,8,30.47,4.59,0.89,L9,A,16,2.26,196.62,0.58,7,0.8,367,7.04,0.27,2024-01-28,281.65,0.51,11.782080735149327,243.76,115.24000000000001,False,False,70586.58,1.4727600918936659,False
ITM10219,Electronics,486,86,4,6,39.7,6.02,0.17,L98,A,88,4.2,153.16,0.18,8,0.81,443,4.88,0.49,2024-02-20,240.94,0.547,12.241813602015112,238.20000000000002,247.79999999999998,False,False,74435.76,2.040302267002519,False
ITM10220,Apparel,230,80,13,4,11.55,7.7,0.84,L69,C,153,1.39,196.94,1.05,1,0.89,428,3.33,0.22,2024-08-11,272.86,0.541,19.91341991341991,46.2,183.8,False,False,45296.2,4.978354978354978,False
ITM10221,Electronics,159,24,12,9,4.23,3.03,0.61,L99,D,113,0.72,31.57,1.8,3,0.97,754,8.16,0.57,2024-04-28,173.14,0.577,37.5886524822695,38.07000000000001,120.92999999999999,False,False,5019.63,4.1765169424743895,False
ITM10222,Groceries,312,80,9,3,27.06,8.96,0.13,L17,C,156,4.02,198.54,1.66,0,0.87,843,11.98,0.73,2024-02-08,80.5,0.714,11.529933481152995,81.17999999999999,230.82,False,False,61944.479999999996,3.8433111603843315,False
ITM10223,Pharma,317,50,8,6,4.04,9.8,0.91,L17,B,10,2.94,29.68,0.58,2,0.91,523,11.29,0.61,2024-06-23,75.85,0.757,78.46534653465346,24.240000000000002,292.76,False,False,9408.56,13.077557755775578,False
ITM10224,Electronics,420,31,12,9,38.56,5.2,0.14,L85,A,40,2.77,88.94,1.83,7,0.9,749,4.51,0.89,2024-11-05,162.44,0.495,10.892116182572613,347.04,72.95999999999998,False,False,37354.799999999996,1.210235131396957,False
ITM10225,Electronics,120,33,7,2,36.24,9.4,0.56,L61,C,137,1.72,55.4,1.01,6,0.87,67,4.68,0.6,2024-11-10,277.96,0.535,3.3112582781456954,72.48,47.519999999999996,False,False,6648.0,1.6556291390728477,False
ITM10226,Apparel,323,53,13,9,44.2,0.51,0.14,L71,C,141,0.83,191.23,0.19,7,0.79,876,11.25,0.57,2024-10-31,193.16,0.663,7.3076923076923075,397.8,-74.80000000000001,False,True,61767.28999999999,0.811965811965812,False
ITM10227,Apparel,378,10,3,7,32.34,9.0,0.16,L22,A,100,2.67,130.8,0.15,5,0.81,198,8.8,0.45,2024-07-22,19.97,0.654,11.688311688311687,226.38000000000002,151.61999999999998,False,False,49442.4,1.6697588126159553,False
ITM10228,Groceries,47,19,4,3,4.29,3.45,0.9,L34,B,67,4.4,123.45,1.02,4,0.79,607,11.39,0.87,2024-06-16,172.54,0.702,10.955710955710956,12.870000000000001,34.129999999999995,False,False,5802.150000000001,3.651903651903652,False
ITM10229,Pharma,60,89,10,9,13.4,3.46,0.79,L68,C,65,1.04,199.51,1.14,9,0.98,61,1.02,0.92,2024-01-16,186.45,0.5,4.477611940298507,120.60000000000001,-60.60000000000001,True,True,11970.599999999999,0.49751243781094523,False
ITM10230,Apparel,374,81,3,9,40.59,2.67,0.28,L78,C,52,4.68,126.36,0.25,8,0.95,791,2.22,0.98,2024-11-20,178.65,0.631,9.214092140921409,365.31000000000006,8.68999999999994,False,False,47258.64,1.0237880156579342,False
ITM10231,Electronics,322,65,5,5,9.19,3.51,0.66,L55,D,83,1.74,132.77,1.85,4,0.87,511,12.23,0.98,2024-05-19,210.41,0.668,35.03808487486398,45.949999999999996,276.05,False,False,42751.94,7.007616974972796,False
ITM10232,Pharma,165,98,4,5,35.23,2.53,0.82,L28,D,58,2.89,18.51,1.46,8,0.97,674,12.92,0.98,2024-08-18,95.12,0.656,4.6835083735452745,176.14999999999998,-11.149999999999977,False,True,3054.15,0.9367016747090549,False
ITM10233,Pharma,275,59,7,9,39.23,9.11,0.9,L70,A,121,0.8,173.22,1.62,3,0.97,209,5.81,0.77,2024-09-08,51.69,0.603,7.00994137139944,353.07,-78.07,False,True,47635.5,0.7788823745999377,False
ITM10234,Electronics,481,21,6,9,17.18,9.04,0.52,L97,A,117,2.41,194.32,1.21,4,0.98,984,14.42,0.65,2024-04-26,227.51,0.717,27.997671711292202,154.62,326.38,False,False,93467.92,3.1108524123658,False
ITM10235,Apparel,246,98,9,3,16.79,1.47,0.91,L94,B,69,1.07,192.46,1.36,0,0.77,788,5.22,0.34,2024-07-01,66.94,0.556,14.651578320428827,50.37,195.63,False,False,47345.16,4.883859440142943,False
ITM10236,Electronics,255,90,7,5,28.33,1.86,0.56,L89,B,103,0.72,52.01,0.84,5,0.92,744,13.46,0.81,2024-10-10,43.11,0.741,9.001058948111544,141.64999999999998,113.35000000000002,False,False,13262.55,1.8002117896223087,False
ITM10237,Pharma,380,69,10,8,43.2,8.69,0.72,L26,C,153,4.85,52.92,1.39,2,0.88,616,6.9,0.79,2024-07-11,114.22,0.647,8.796296296296296,345.6,34.39999999999998,False,False,20109.600000000002,1.099537037037037,False
ITM10238,Automotive,399,35,6,3,11.97,4.29,0.98,L92,D,82,3.79,79.55,1.96,9,0.92,315,8.87,0.87,2024-08-09,251.5,0.5,33.33333333333333,35.910000000000004,363.09,False,False,31740.449999999997,11.111111111111109,False
ITM10239,Automotive,474,87,14,2,47.12,2.11,0.31,L40,B,108,3.74,68.94,1.33,1,0.78,596,10.01,0.57,2024-04-05,33.81,0.65,10.05942275042445,94.24,379.76,False,False,32677.559999999998,5.029711375212225,False
ITM10240,Groceries,32,50,8,3,30.36,5.35,0.25,L52,C,123,0.91,68.07,0.75,5,0.91,129,2.86,0.91,2024-12-14,66.71,0.627,1.0540184453227932,91.08,-59.08,True,True,2178.24,0.3513394817742644,False
ITM10241,Electronics,229,45,6,6,49.61,4.46,0.41,L86,C,24,4.68,124.99,0.64,0,0.82,567,1.52,0.77,2024-10-26,147.83,0.674,4.6160048377343275,297.65999999999997,-68.65999999999997,False,True,28622.71,0.769334139622388,False
ITM10242,Electronics,248,32,4,6,5.39,2.58,0.25,L84,A,72,2.61,163.07,1.93,8,0.95,688,6.98,0.34,2024-12-04,93.42,0.398,46.01113172541744,32.339999999999996,215.66,False,False,40441.36,7.66852195423624,False
ITM10243,Groceries,416,52,3,4,7.2,7.35,0.36,L48,D,37,4.34,187.99,0.45,4,0.94,117,3.24,0.37,2024-07-13,219.28,0.58,57.77777777777778,28.8,387.2,False,False,78203.84,14.444444444444445,True
ITM10244,Groceries,119,15,3,5,41.51,6.5,0.77,L57,C,157,0.56,22.89,1.63,6,0.76,751,8.69,0.85,2024-02-13,205.72,0.555,2.8667790893760543,207.54999999999998,-88.54999999999998,False,True,2723.91,0.5733558178752108,False
ITM10245,Groceries,50,78,10,9,43.37,1.45,0.53,L67,A,170,1.84,62.82,0.98,9,0.76,293,7.35,0.54,2024-11-12,254.33,0.48,1.1528706479133042,390.33,-340.33,True,True,3141.0,0.1280967386570338,False
ITM10246,Pharma,405,52,6,7,22.83,9.29,0.44,L58,C,45,4.98,58.45,0.94,8,0.92,58,2.71,0.4,2024-05-31,69.11,0.446,17.73981603153745,159.81,245.19,False,False,23672.25,2.534259433076779,False
ITM10247,Electronics,35,34,7,5,35.99,5.81,0.43,L16,D,134,2.43,77.91,1.52,8,0.87,206,10.32,0.54,2024-05-06,198.19,0.508,0.9724923589886079,179.95000000000002,-144.95000000000002,False,True,2726.85,0.19449847179772156,False
ITM10248,Pharma,156,27,13,8,43.51,2.88,0.28,L32,C,150,4.5,90.62,0.38,6,0.87,632,1.29,0.33,2024-02-07,234.67,0.499,3.5853826706504255,348.08,-192.07999999999998,False,True,14136.720000000001,0.4481728338313032,False
ITM10249,Groceries,348,71,10,3,3.11,2.46,0.5,L29,C,71,1.98,83.94,0.99,3,0.93,513,2.77,0.91,2024-02-12,28.17,0.646,111.89710610932477,9.33,338.67,False,False,29211.12,37.29903536977492,True
ITM10250,Electronics,185,22,14,7,29.12,1.79,0.66,L9,B,160,2.86,190.91,0.17,3,0.96,695,10.8,0.26,2024-05-17,20.68,0.711,6.353021978021978,203.84,-18.840000000000003,False,True,35318.35,0.907574568288854,False
ITM10251,Pharma,478,52,9,7,42.82,4.53,0.23,L44,B,22,4.34,93.05,1.37,6,0.77,349,8.39,0.48,2024-03-19,172.18,0.505,11.163007940214852,299.74,178.26,False,False,44477.9,1.5947154200306932,False
ITM10252,Pharma,329,87,10,9,20.51,1.79,0.98,L3,A,97,3.23,114.8,0.21,7,0.87,369,4.95,0.65,2024-07-13,180.48,0.609,16.040955631399317,184.59,144.41,False,False,37769.2,1.782328403488813,False
ITM10253,Groceries,459,37,10,9,15.82,4.45,0.5,L76,C,49,3.76,152.24,0.27,6,0.95,298,3.52,0.9,2024-12-30,123.91,0.67,29.013906447534765,142.38,316.62,False,False,69878.16,3.2237673830594185,False
ITM10254,Electronics,489,27,8,5,39.99,1.91,0.95,L71,A,167,1.53,147.77,1.71,9,0.96,372,9.99,0.83,2024-11-20,20.46,0.54,12.228057014253563,199.95000000000002,289.04999999999995,False,False,72259.53,2.4456114028507128,False
ITM10255,Groceries,119,68,12,7,17.45,6.74,0.22,L30,D,133,1.2,120.76,0.94,3,0.79,605,3.88,0.22,2024-03-19,126.56,0.5,6.81948424068768,122.14999999999999,-3.1499999999999915,False,True,14370.44,0.9742120343839542,False
ITM10256,Electronics,128,69,4,7,1.16,7.96,0.79,L76,A,34,1.54,173.56,0.48,3,0.73,677,14.78,0.86,2024-07-18,196.21,0.807,110.3448275862069,8.12,119.88,False,False,22215.68,15.763546798029557,False
ITM10257,Automotive,362,72,8,6,48.02,5.72,0.66,L29,C,163,2.72,128.59,1.23,7,0.77,511,13.17,0.71,2024-06-11,213.55,0.609,7.538525614327363,288.12,73.88,False,False,46549.58,1.2564209357212273,False
ITM10258,Apparel,192,66,3,2,30.01,6.96,0.84,L1,B,33,4.1,176.2,1.09,8,0.98,447,2.85,0.31,2024-07-03,152.91,0.427,6.39786737754082,60.02,131.98,False,False,33830.399999999994,3.19893368877041,False
ITM10259,Apparel,256,60,3,9,41.16,9.41,0.64,L10,B,106,2.09,67.53,0.88,6,0.84,442,13.03,0.69,2024-02-24,162.26,0.672,6.219630709426628,370.43999999999994,-114.43999999999994,False,True,17287.68,0.6910700788251809,False
ITM10260,Apparel,181,65,13,3,41.44,6.56,0.97,L91,A,48,3.04,35.08,1.82,2,0.83,277,5.83,0.85,2024-02-16,205.08,0.592,4.367760617760618,124.32,56.68000000000001,False,False,6349.48,1.455920205920206,False
ITM10261,Groceries,412,36,5,5,4.25,3.96,0.66,L81,B,118,4.12,165.71,1.52,9,0.7,968,7.86,0.68,2024-01-03,140.3,0.449,96.94117647058823,21.25,390.75,False,False,68272.52,19.388235294117646,False
ITM10262,Automotive,235,41,5,9,9.37,4.77,0.81,L8,C,70,1.57,82.68,0.39,0,0.72,618,3.0,1.0,2024-06-06,86.42,0.745,25.080042689434368,84.33,150.67000000000002,False,False,19429.800000000003,2.786671409937152,False
ITM10263,Electronics,283,18,13,6,16.24,8.67,0.89,L30,C,178,4.47,133.71,1.18,4,0.9,293,2.66,0.61,2024-08-15,74.66,0.539,17.42610837438424,97.44,185.56,False,False,37839.93,2.9043513957307066,False
ITM10264,Pharma,282,93,7,8,16.71,1.74,0.74,L9,D,29,4.79,150.09,0.27,5,0.88,106,13.12,0.74,2024-07-03,228.3,0.772,16.876122082585276,133.68,148.32,False,False,42325.38,2.1095152603231595,False
ITM10265,Electronics,311,77,3,9,33.28,3.59,0.57,L5,B,25,0.68,72.07,0.56,8,0.87,192,9.82,0.26,2024-05-18,151.39,0.541,9.344951923076923,299.52,11.480000000000018,False,False,22413.769999999997,1.0383279914529915,False
ITM10266,Pharma,293,55,12,8,31.53,5.98,0.35,L43,B,158,0.77,105.98,1.83,4,0.73,241,7.45,0.85,2024-02-22,190.98,0.552,9.292737075800824,252.24,40.75999999999999,False,False,31052.14,1.161592134475103,False
ITM10267,Electronics,22,76,8,4,25.23,6.93,0.87,L10,D,24,0.91,180.04,0.98,0,0.81,568,1.51,0.7,2024-03-08,146.62,0.624,0.8719778042013476,100.92,-78.92,True,True,3960.8799999999997,0.2179944510503369,False
ITM10268,Automotive,47,35,9,7,11.35,7.75,0.53,L66,A,176,4.0,177.16,1.8,3,0.94,453,13.91,0.65,2024-02-14,247.46,0.663,4.140969162995595,79.45,-32.45,False,True,8326.52,0.591567023285085,False
ITM10269,Pharma,345,17,12,7,19.72,3.52,0.66,L31,D,51,1.35,152.38,0.42,1,0.75,324,6.27,0.77,2024-04-05,154.09,0.726,17.494929006085194,138.04,206.96,False,False,52571.1,2.499275572297885,False
ITM10270,Groceries,447,15,14,5,27.64,1.89,0.17,L36,B,13,3.77,154.92,0.49,3,0.96,695,6.83,0.65,2024-08-08,296.54,0.704,16.17221418234443,138.2,308.8,False,False,69249.23999999999,3.2344428364688858,False
ITM10271,Electronics,168,89,13,2,23.93,9.57,0.55,L86,A,161,2.49,180.56,0.77,6,0.74,996,5.06,0.81,2024-08-17,80.36,0.58,7.020476389469286,47.86,120.14,False,False,30334.08,3.510238194734643,False
ITM10272,Electronics,47,33,5,2,7.24,1.23,0.73,L63,C,140,4.26,149.9,0.8,8,0.75,88,13.48,0.67,2024-10-12,50.17,0.624,6.49171270718232,14.48,32.519999999999996,False,False,7045.3,3.24585635359116,False
ITM10273,Pharma,329,57,6,5,32.83,1.41,0.63,L28,C,123,4.14,74.52,1.52,2,0.84,242,5.82,0.62,2024-10-11,118.34,0.578,10.021321961620469,164.14999999999998,164.85000000000002,False,False,24517.079999999998,2.0042643923240937,False
ITM10274,Groceries,457,54,12,5,4.58,5.2,0.5,L70,D,138,4.82,32.95,1.24,2,0.98,376,3.44,0.31,2024-09-19,276.41,0.54,99.78165938864629,22.9,434.1,False,False,15058.150000000001,19.95633187772926,True
ITM10275,Groceries,84,22,13,6,19.53,8.28,0.3,L17,C,150,1.63,90.16,1.15,3,0.8,532,8.01,0.58,2024-07-27,257.17,0.608,4.301075268817204,117.18,-33.18000000000001,False,True,7573.44,0.7168458781362007,False
ITM10276,Automotive,375,78,12,8,35.79,7.86,0.38,L93,B,63,1.53,26.6,1.24,6,0.9,74,11.94,0.63,2024-02-22,81.73,0.621,10.477787091366304,286.32,88.68,False,False,9975.0,1.309723386420788,False
ITM10277,Groceries,40,34,14,5,1.98,9.41,0.73,L74,D,91,0.64,32.0,1.49,5,0.88,151,6.2,0.7,2024-01-14,183.91,0.55,20.2020202020202,9.9,30.1,False,False,1280.0,4.04040404040404,False
ITM10278,Groceries,271,29,12,8,28.93,1.85,0.3,L74,B,49,2.35,190.53,1.8,4,0.74,712,10.13,0.56,2024-02-15,180.79,0.535,9.367438645005185,231.44,39.56,False,False,51633.63,1.1709298306256481,False
ITM10279,Groceries,254,91,12,9,17.39,4.07,0.66,L61,B,136,2.57,138.42,0.89,3,0.77,266,5.26,0.32,2024-06-30,95.09,0.539,14.606095457159286,156.51,97.49000000000001,False,False,35158.68,1.6228994952399207,False
ITM10280,Apparel,246,91,12,9,1.43,3.18,0.63,L32,A,148,4.84,171.81,1.63,7,0.98,791,11.08,0.32,2024-10-10,78.26,0.505,172.02797202797203,12.87,233.13,False,False,42265.26,19.114219114219114,False
ITM10281,Automotive,32,75,5,4,10.33,8.68,0.97,L61,A,51,4.24,132.15,1.04,3,0.76,316,10.36,0.78,2024-02-17,123.11,0.682,3.0977734753146176,41.32,-9.32,True,True,4228.8,0.7744433688286544,False
ITM10282,Electronics,332,83,3,8,47.11,5.14,0.15,L53,A,102,1.25,89.52,1.47,2,0.91,211,10.53,0.73,2024-11-01,238.7,0.681,7.047336022075992,376.88,-44.879999999999995,False,True,29720.64,0.880917002759499,False
ITM10283,Pharma,68,54,10,6,26.54,0.76,0.2,L25,C,13,4.09,14.78,1.76,6,0.99,336,10.04,0.41,2024-11-02,65.6,0.518,2.562170308967596,159.24,-91.24000000000001,False,True,1005.04,0.42702838482793265,False
ITM10284,Electronics,137,56,12,9,49.86,7.23,0.56,L13,A,34,1.3,191.61,0.16,1,0.74,727,3.19,0.56,2024-06-15,139.26,0.667,2.7476935419173687,448.74,-311.74,False,True,26250.570000000003,0.30529928243526316,False
ITM10285,Automotive,73,72,12,7,26.72,4.19,0.57,L13,B,109,0.85,23.48,1.14,3,0.82,935,13.43,0.45,2024-07-16,149.69,0.659,2.7320359281437128,187.04,-114.03999999999999,False,True,1714.04,0.39029084687767324,False
ITM10286,Pharma,157,85,4,7,27.65,5.55,0.14,L85,D,173,4.27,125.93,1.98,7,0.77,931,9.2,0.34,2024-01-07,282.35,0.407,5.678119349005425,193.54999999999998,-36.54999999999998,False,True,19771.010000000002,0.811159907000775,False
ITM10287,Automotive,72,86,3,9,20.2,8.99,0.84,L56,D,134,4.89,29.42,1.04,3,0.77,296,6.35,0.46,2024-05-29,98.02,0.567,3.5643564356435644,181.79999999999998,-109.79999999999998,True,True,2118.2400000000002,0.39603960396039606,False
ITM10288,Groceries,63,64,10,9,16.19,2.94,0.55,L46,B,49,0.9,63.99,1.74,9,0.74,223,3.41,0.41,2024-07-30,15.7,0.321,3.8912909203211856,145.71,-82.71000000000001,True,True,4031.3700000000003,0.4323656578134651,False
ITM10289,Pharma,322,84,9,9,13.33,2.78,0.41,L55,C,101,4.16,45.31,0.45,6,0.89,445,11.97,0.27,2024-07-17,211.18,0.627,24.156039009752437,119.97,202.03,False,False,14589.820000000002,2.6840043344169375,False
ITM10290,Groceries,72,28,9,8,17.83,3.0,0.39,L53,D,145,4.37,115.21,1.25,1,0.92,58,8.13,0.6,2024-02-13,229.18,0.667,4.038137969713966,142.64,-70.63999999999999,False,True,8295.119999999999,0.5047672462142457,False
ITM10291,Electronics,93,44,6,7,23.53,3.71,0.88,L60,B,94,1.03,178.54,1.75,4,0.9,958,3.06,0.56,2024-10-13,213.88,0.478,3.9524011899702507,164.71,-71.71000000000001,False,True,16604.219999999998,0.5646287414243215,False
ITM10292,Electronics,65,62,13,7,10.41,1.52,0.28,L94,B,44,1.77,130.77,0.92,3,0.98,497,13.9,0.77,2024-05-04,213.21,0.783,6.243996157540826,72.87,-7.8700000000000045,False,True,8500.050000000001,0.8919994510772609,False
ITM10293,Pharma,32,35,11,3,12.02,7.12,0.24,L7,B,155,3.8,136.2,1.02,8,0.74,837,2.49,0.7,2024-10-19,150.14,0.459,2.662229617304493,36.06,-4.060000000000002,True,True,4358.4,0.8874098724348309,False
ITM10294,Pharma,184,23,8,9,14.31,2.47,0.29,L87,D,56,4.13,182.7,0.26,6,0.8,620,8.34,0.47,2024-09-23,15.41,0.619,12.858141160027952,128.79,55.21000000000001,False,False,33616.799999999996,1.4286823511142168,False
ITM10295,Automotive,121,54,4,4,23.01,9.3,0.66,L84,D,162,2.09,152.39,0.18,8,0.8,646,9.55,0.6,2024-03-27,221.68,0.629,5.258583224684919,92.04,28.959999999999994,False,False,18439.19,1.3146458061712298,False
ITM10296,Automotive,299,53,3,9,32.99,2.55,0.83,L83,A,178,1.22,174.53,0.99,9,0.77,711,14.99,0.63,2024-12-16,281.59,0.601,9.06335253107002,296.91,2.089999999999975,False,False,52184.47,1.0070391701188912,False
ITM10297,Groceries,277,97,3,6,42.95,2.93,0.4,L13,A,14,3.42,89.11,1.7,6,0.74,370,2.97,0.93,2024-07-13,55.64,0.484,6.449359720605354,257.70000000000005,19.299999999999955,False,False,24683.47,1.0748932867675591,False
ITM10298,Pharma,489,74,11,6,15.07,3.32,0.26,L8,B,134,3.66,174.42,1.87,1,0.85,621,9.59,0.99,2024-03-27,29.7,0.689,32.448573324485736,90.42,398.58,False,False,85291.37999999999,5.408095554080956,False
ITM10299,Electronics,356,60,6,7,10.0,7.8,0.29,L52,B,120,2.77,132.71,1.35,1,0.95,174,7.67,0.85,2024-03-12,86.91,0.707,35.6,70.0,286.0,False,False,47244.76,5.085714285714286,False
ITM10300,Automotive,375,52,7,9,19.56,4.56,0.66,L94,B,81,1.15,35.77,1.67,1,0.99,90,4.6,0.65,2024-05-17,256.44,0.602,19.171779141104295,176.04,198.96,False,False,13413.750000000002,2.130197682344922,False
ITM10301,Automotive,417,95,5,2,44.82,8.28,0.32,L44,B,96,4.3,17.36,1.5,4,0.74,386,14.19,0.94,2024-06-03,40.78,0.695,9.30388219544846,89.64,327.36,False,False,7239.12,4.65194109772423,False
ITM10302,Electronics,157,32,6,6,1.48,7.96,0.89,L14,D,12,3.4,56.37,1.43,0,0.95,734,12.07,0.34,2024-05-17,217.4,0.676,106.08108108108108,8.879999999999999,148.12,False,False,8850.09,17.68018018018018,False
ITM10303,Automotive,182,65,14,9,34.22,9.33,0.19,L32,A,174,4.41,81.89,1.56,6,0.95,821,11.88,0.76,2024-09-09,28.25,0.624,5.318527177089422,307.98,-125.98000000000002,False,True,14903.98,0.5909474641210468,False
ITM10304,Groceries,428,28,10,4,24.38,7.69,0.13,L25,C,102,4.7,169.14,1.06,1,0.82,375,13.59,0.57,2024-03-15,19.51,0.733,17.555373256767844,97.52,330.48,False,False,72391.92,4.388843314191961,False
ITM10305,Pharma,406,91,6,5,8.89,0.99,0.18,L25,B,50,4.13,150.84,0.97,3,0.73,734,11.15,0.32,2024-02-02,268.48,0.602,45.669291338582674,44.45,361.55,False,False,61241.04,9.133858267716535,False
ITM10306,Electronics,130,85,11,9,16.73,8.45,0.86,L69,A,157,4.81,191.52,0.4,8,1.0,235,8.09,0.26,2024-03-26,233.46,0.56,7.770472205618649,150.57,-20.569999999999993,False,True,24897.600000000002,0.8633858006242944,False
ITM10307,Pharma,121,64,11,4,12.02,9.41,0.69,L58,B,96,4.79,116.24,1.7,7,0.9,290,6.48,0.58,2024-08-10,183.59,0.472,10.066555740432612,48.08,72.92,False,False,14065.039999999999,2.516638935108153,False
ITM10308,Automotive,36,69,8,7,44.01,9.94,0.96,L18,D,177,3.29,152.07,0.18,9,0.99,388,10.86,0.39,2024-05-21,59.88,0.623,0.8179959100204499,308.07,-272.07,True,True,5474.5199999999995,0.11685655857434998,False
ITM10309,Automotive,287,68,4,7,24.61,1.69,0.4,L55,C,94,3.78,62.3,0.61,1,0.85,143,9.44,0.4,2024-08-03,90.87,0.695,11.661926046322634,172.26999999999998,114.73000000000002,False,False,17880.1,1.6659894351889477,False
ITM10310,Electronics,201,42,14,3,28.59,6.33,0.29,L24,A,145,3.65,139.12,1.09,3,0.82,968,8.6,0.46,2024-06-02,24.1,0.602,7.030430220356768,85.77,115.23,False,False,27963.120000000003,2.343476740118923,False
ITM10311,Groceries,391,28,12,8,30.09,2.39,0.61,L36,A,142,3.3,144.17,1.95,3,0.77,465,9.25,0.77,2024-09-04,197.16,0.576,12.994350282485875,240.72,150.28,False,False,56370.469999999994,1.6242937853107344,False
ITM10312,Apparel,43,37,13,6,32.34,2.99,0.58,L60,C,34,0.59,171.2,1.59,1,1.0,112,10.17,0.33,2024-02-09,208.96,0.623,1.3296227581941866,194.04000000000002,-151.04000000000002,False,True,7361.599999999999,0.22160379303236444,False
ITM10313,Electronics,48,61,9,8,25.28,7.58,0.63,L32,D,48,2.1,111.92,0.8,1,0.78,782,14.56,0.77,2024-07-03,104.77,0.804,1.8987341772151898,202.24,-154.24,True,True,5372.16,0.23734177215189872,False
ITM10314,Apparel,190,58,11,9,1.88,9.79,0.41,L10,C,174,0.95,133.31,1.46,4,0.71,569,11.54,0.83,2024-05-08,108.14,0.636,101.06382978723404,16.919999999999998,173.08,False,False,25328.9,11.229314420803782,False
ITM10315,Apparel,428,46,8,8,17.4,6.15,0.11,L57,A,134,1.85,48.58,1.87,3,0.85,774,3.47,0.68,2024-05-06,192.4,0.505,24.59770114942529,139.2,288.8,False,False,20792.239999999998,3.0747126436781613,False
ITM10316,Groceries,247,35,5,6,10.01,8.58,0.13,L71,C,114,0.81,149.98,1.12,7,0.81,258,7.53,0.4,2024-11-16,284.24,0.49,24.675324675324674,60.06,186.94,False,False,37045.06,4.112554112554112,False
ITM10317,Apparel,397,49,9,6,34.33,0.58,0.7,L13,D,14,4.64,169.3,0.98,3,0.78,258,10.5,0.24,2024-09-10,124.47,0.586,11.564229536848238,205.98,191.02,False,False,67212.1,1.9273715894747063,False
ITM10318,Apparel,207,89,7,9,3.78,0.85,0.57,L7,D,145,2.53,122.81,1.15,7,0.89,425,3.46,0.53,2024-10-31,153.14,0.475,54.761904761904766,34.019999999999996,172.98000000000002,False,False,25421.670000000002,6.0846560846560855,False
ITM10319,Groceries,365,47,3,7,28.63,6.17,0.84,L84,B,13,1.35,31.98,0.69,4,0.81,134,14.06,0.88,2024-11-11,212.5,0.776,12.748864827104436,200.41,164.59,False,False,11672.7,1.8212664038720623,False
ITM10320,Apparel,249,86,5,6,11.32,4.2,0.37,L70,C,178,3.13,69.44,1.82,0,0.82,256,2.08,0.28,2024-04-10,109.27,0.466,21.996466431095406,67.92,181.07999999999998,False,False,17290.559999999998,3.666077738515901,False
ITM10321,Apparel,340,96,7,2,47.49,8.95,0.83,L2,C,69,1.38,100.35,1.61,8,0.71,396,9.55,0.8,2024-08-22,261.97,0.508,7.159401979364076,94.98,245.01999999999998,False,False,34119.0,3.579700989682038,False
ITM10322,Apparel,359,63,9,2,17.44,3.37,0.48,L12,A,63,4.12,138.66,1.44,7,0.88,714,14.66,0.57,2024-02-24,255.39,0.601,20.5848623853211,34.88,324.12,False,False,49778.94,10.29243119266055,False
ITM10323,Electronics,138,31,5,5,16.94,4.6,0.19,L97,D,159,1.88,70.86,1.22,0,0.74,210,11.19,0.92,2024-03-10,205.54,0.759,8.146399055489963,84.7,53.3,False,False,9778.68,1.6292798110979927,False
ITM10324,Electronics,175,25,8,6,46.25,5.52,0.98,L31,C,87,1.92,169.66,1.94,2,0.76,499,10.48,0.48,2024-06-04,165.71,0.554,3.7837837837837838,277.5,-102.5,False,True,29690.5,0.6306306306306306,False
ITM10325,Electronics,291,37,7,3,21.45,3.09,0.56,L22,A,28,4.41,80.64,0.67,2,0.92,165,14.96,0.76,2024-01-04,295.22,0.828,13.566433566433567,64.35,226.65,False,False,23466.24,4.522144522144522,False
ITM10326,Groceries,194,44,3,5,48.18,9.13,0.67,L53,B,108,3.02,18.14,0.64,4,0.79,411,12.09,0.79,2024-07-21,213.69,0.733,4.026567040265671,240.9,-46.900000000000006,False,True,3519.1600000000003,0.8053134080531341,False
ITM10327,Automotive,484,69,12,7,2.18,4.91,0.7,L63,C,77,4.49,160.86,0.56,6,0.75,300,14.58,0.36,2024-06-19,196.54,0.64,222.0183486238532,15.260000000000002,468.74,False,False,77856.24,31.716906946264743,False
ITM10328,Apparel,123,54,8,6,16.01,4.53,0.43,L62,C,42,2.36,132.4,1.51,0,0.87,961,10.78,0.33,2024-11-13,264.28,0.633,7.682698313554028,96.06,26.939999999999998,False,False,16285.2,1.2804497189256714,False
ITM10329,Apparel,111,55,10,2,33.64,8.57,0.77,L28,A,159,2.05,162.37,1.61,0,0.76,232,10.32,0.27,2024-07-13,170.95,0.583,3.299643281807372,67.28,43.72,False,False,18023.07,1.649821640903686,False
ITM10330,Groceries,205,81,3,3,44.65,3.46,0.88,L52,A,148,2.78,76.29,1.23,9,0.78,725,11.68,0.76,2024-06-17,80.45,0.561,4.591265397536394,133.95,71.05000000000001,False,False,15639.45,1.530421799178798,False
ITM10331,Apparel,479,64,4,9,13.56,8.27,0.45,L8,D,25,0.78,13.35,1.34,5,0.89,377,3.64,0.64,2024-08-13,49.95,0.521,35.32448377581121,122.04,356.96,False,False,6394.65,3.924942641756801,False
ITM10332,Electronics,302,95,6,5,46.59,1.66,0.69,L22,D,136,1.19,24.01,0.76,4,0.92,641,12.28,0.27,2024-06-20,146.6,0.646,6.482077699077054,232.95000000000002,69.04999999999998,False,False,7251.02,1.296415539815411,False
ITM10333,Automotive,200,94,14,3,30.11,2.24,0.78,L49,D,102,1.49,31.24,0.18,2,0.92,56,14.58,0.45,2024-08-08,159.54,0.81,6.642311524410495,90.33,109.67,False,False,6248.0,2.214103841470165,False
ITM10334,Pharma,189,35,4,6,40.25,9.53,0.27,L1,C,53,4.18,162.98,0.58,2,0.84,886,9.56,0.31,2024-11-29,250.03,0.659,4.695652173913044,241.5,-52.5,False,True,30803.219999999998,0.782608695652174,False
ITM10335,Apparel,206,94,13,4,20.46,8.5,0.4,L50,A,18,3.8,67.27,1.21,3,0.84,648,1.17,0.27,2024-10-31,50.45,0.457,10.068426197458455,81.84,124.16,False,False,13857.619999999999,2.517106549364614,False
ITM10336,Electronics,194,34,11,3,11.4,4.19,0.2,L34,D,87,1.37,199.6,1.64,9,0.94,569,2.01,0.44,2024-03-10,207.56,0.359,17.017543859649123,34.2,159.8,False,False,38722.4,5.672514619883041,False
ITM10337,Pharma,241,74,12,3,45.65,6.57,0.64,L59,C,88,1.75,154.09,1.58,1,0.76,436,4.29,0.28,2024-06-02,98.2,0.487,5.279299014238774,136.95,104.05000000000001,False,False,37135.69,1.7597663380795912,False
ITM10338,Automotive,252,15,10,7,46.72,9.46,0.82,L37,D,95,4.75,124.22,0.44,8,0.75,980,7.88,0.41,2024-06-13,282.32,0.533,5.3938356164383565,327.03999999999996,-75.03999999999996,False,True,31303.44,0.7705479452054795,False
ITM10339,Pharma,181,32,10,2,25.38,2.51,0.65,L55,B,24,0.89,196.89,0.2,3,0.9,419,6.79,0.64,2024-11-04,146.42,0.719,7.1315996847911745,50.76,130.24,False,False,35637.09,3.5657998423955872,False
ITM10340,Electronics,440,73,6,9,1.32,1.06,0.26,L90,C,15,2.96,70.1,1.72,9,0.82,597,14.71,0.65,2024-12-21,190.5,0.538,333.3333333333333,11.88,428.12,False,False,30843.999999999996,37.03703703703704,False
ITM10341,Pharma,153,96,7,6,6.38,5.61,0.59,L94,D,10,2.85,41.47,0.24,2,0.91,812,14.24,0.33,2024-04-12,198.53,0.774,23.981191222570533,38.28,114.72,False,False,6344.91,3.9968652037617556,False
ITM10342,Groceries,410,52,6,3,29.08,1.85,0.85,L72,D,29,3.77,150.08,0.85,9,0.78,661,6.5,0.35,2024-09-02,36.39,0.448,14.099037138927098,87.24,322.76,False,False,61532.8,4.699679046309033,False
ITM10343,Pharma,499,32,11,6,2.17,2.28,0.37,L85,B,173,1.68,62.84,0.28,6,0.8,128,12.12,0.88,2024-06-09,257.14,0.75,229.95391705069125,13.02,485.98,False,False,31357.160000000003,38.325652841781874,False
ITM10344,Apparel,243,39,4,2,20.45,8.97,0.85,L92,B,139,4.71,192.6,1.17,8,0.97,847,9.91,0.33,2024-03-31,57.63,0.515,11.882640586797066,40.9,202.1,False,False,46801.799999999996,5.941320293398533,False
ITM10345,Apparel,172,86,13,7,15.87,0.57,0.81,L63,D,79,2.35,197.73,0.79,1,0.83,832,4.4,0.24,2024-07-22,125.25,0.574,10.838059231253938,111.08999999999999,60.91000000000001,False,False,34009.56,1.5482941758934197,False
ITM10346,Groceries,52,27,10,6,36.0,8.26,0.12,L20,D,11,1.79,186.02,0.48,5,0.88,270,14.04,0.4,2024-06-12,205.04,0.695,1.4444444444444444,216.0,-164.0,False,True,9673.04,0.24074074074074073,False
ITM10347,Electronics,74,96,4,8,3.72,5.41,0.32,L25,A,140,2.02,189.5,1.23,4,0.73,757,4.63,0.66,2024-05-29,26.01,0.537,19.892473118279568,29.76,44.239999999999995,True,False,14023.0,2.486559139784946,False
ITM10348,Apparel,461,88,3,2,24.95,5.81,0.59,L38,D,16,2.07,126.97,0.79,0,0.75,787,13.18,0.21,2024-12-21,178.32,0.689,18.47695390781563,49.9,411.1,False,False,58533.17,9.238476953907815,False
ITM10349,Automotive,26,30,12,2,29.38,6.88,0.75,L28,D,93,1.4,141.5,0.42,6,0.71,648,9.93,0.99,2024-11-20,128.88,0.71,0.8849557522123894,58.76,-32.76,True,True,3679.0,0.4424778761061947,False
ITM10350,Apparel,263,66,5,9,31.25,4.6,0.89,L8,A,178,4.68,27.91,1.43,0,0.83,619,9.7,0.38,2024-09-08,28.52,0.628,8.416,281.25,-18.25,False,True,7340.33,0.9351111111111111,False
ITM10351,Apparel,332,32,11,5,20.85,1.6,0.68,L75,A,63,1.29,154.98,1.69,9,1.0,461,12.74,0.39,2024-10-21,220.65,0.499,15.923261390887289,104.25,227.75,False,False,51453.35999999999,3.1846522781774578,False
ITM10352,Electronics,145,54,14,7,15.91,1.48,0.44,L95,D,50,4.47,48.39,0.62,8,0.96,528,7.92,0.79,2024-05-04,155.39,0.634,9.113764927718416,111.37,33.629999999999995,False,False,7016.55,1.301966418245488,False
ITM10353,Pharma,31,53,5,7,34.44,7.67,0.27,L70,A,124,2.32,169.66,0.45,3,0.89,731,12.95,0.4,2024-06-15,98.0,0.726,0.9001161440185831,241.07999999999998,-210.07999999999998,True,True,5259.46,0.1285880205740833,False
ITM10354,Apparel,35,91,11,9,42.53,2.6,0.78,L8,C,142,1.71,192.69,0.24,7,0.96,146,8.7,0.52,2024-07-11,34.46,0.648,0.8229485069362803,382.77,-347.77,True,True,6744.15,0.09143872299292004,False
ITM10355,Groceries,227,97,9,8,34.99,0.77,0.29,L96,B,111,1.39,50.35,1.1,0,0.88,707,14.79,0.64,2024-05-23,168.77,0.791,6.487567876536152,279.92,-52.920000000000016,False,True,11429.45,0.810945984567019,False
ITM10356,Pharma,62,56,12,6,46.67,9.81,0.73,L41,C,91,2.77,24.83,1.68,4,0.81,950,10.24,0.22,2024-07-20,98.73,0.495,1.3284765373901863,280.02,-218.01999999999998,False,True,1539.4599999999998,0.22141275623169773,False
ITM10357,Automotive,392,49,3,4,36.15,9.81,0.26,L8,B,72,3.51,101.94,0.58,2,0.75,442,6.24,0.87,2024-07-05,284.54,0.709,10.843706777316736,144.6,247.4,False,False,39960.479999999996,2.710926694329184,False
ITM10358,Electronics,480,60,12,8,38.47,4.09,0.18,L7,B,10,4.54,160.39,0.98,3,0.9,517,11.69,0.61,2024-02-28,181.54,0.7,12.477255003899142,307.76,172.24,False,False,76987.2,1.5596568754873927,False
ITM10359,Automotive,154,51,7,5,9.23,0.74,0.33,L75,D,34,3.44,156.42,0.41,3,0.76,919,8.14,0.45,2024-10-15,92.67,0.65,16.684723726977246,46.150000000000006,107.85,False,False,24088.679999999997,3.3369447453954493,False
ITM10360,Pharma,247,16,11,7,21.56,7.41,0.36,L62,B,152,2.68,142.4,0.87,7,0.83,420,12.28,0.52,2024-04-12,163.3,0.607,11.45640074211503,150.92,96.08000000000001,False,False,35172.8,1.6366286774450043,False
ITM10361,Pharma,130,59,14,2,24.77,8.39,0.68,L65,C,154,0.65,165.93,0.13,9,0.95,442,12.67,0.24,2024-10-30,166.45,0.614,5.248284214775938,49.54,80.46000000000001,False,False,21570.9,2.624142107387969,False
ITM10362,Pharma,326,57,5,7,13.56,1.69,0.24,L68,D,158,4.62,43.25,1.83,9,0.74,67,9.64,0.77,2024-10-06,220.76,0.468,24.041297935103245,94.92,231.07999999999998,False,False,14099.5,3.434471133586178,False
ITM10363,Automotive,476,93,11,8,26.9,1.79,0.94,L21,A,64,4.56,133.87,1.39,2,0.74,233,13.21,0.63,2024-04-02,271.64,0.671,17.695167286245354,215.2,260.8,False,False,63722.12,2.2118959107806693,False
ITM10364,Pharma,179,15,7,4,15.25,8.31,0.6,L8,C,116,2.2,125.08,0.73,0,0.77,192,6.65,0.93,2024-12-15,289.15,0.756,11.737704918032787,61.0,118.0,False,False,22389.32,2.9344262295081966,False
ITM10365,Automotive,350,18,11,3,34.69,9.26,0.54,L66,D,147,0.63,39.15,1.77,4,0.87,512,1.8,0.57,2024-10-08,218.19,0.455,10.089362928797925,104.07,245.93,False,False,13702.5,3.363120976265975,False
ITM10366,Pharma,283,66,12,3,24.04,8.01,0.49,L11,B,74,3.8,88.74,0.45,1,0.78,556,10.28,0.86,2024-01-14,168.31,0.8,11.772046589018304,72.12,210.88,False,False,25113.42,3.924015529672768,False
ITM10367,Groceries,244,40,8,9,23.48,2.41,0.61,L24,C,46,4.06,171.98,0.25,5,0.85,383,11.7,0.35,2024-08-24,75.23,0.671,10.391822827938672,211.32,32.68000000000001,False,False,41963.119999999995,1.1546469808820747,False
ITM10368,Pharma,490,30,11,7,49.2,4.41,0.12,L9,B,121,2.94,194.64,1.89,3,0.79,111,2.02,0.25,2024-12-28,126.88,0.386,9.959349593495935,344.40000000000003,145.59999999999997,False,False,95373.59999999999,1.4227642276422763,False
ITM10369,Automotive,236,99,9,7,20.23,6.21,0.99,L77,D,16,2.31,136.43,0.69,8,0.85,212,11.79,0.96,2024-04-17,151.75,0.69,11.66584280771132,141.61,94.38999999999999,False,False,32197.480000000003,1.6665489725301885,False
ITM10370,Apparel,475,49,9,5,18.75,2.02,0.6,L9,D,85,4.33,185.17,1.88,6,0.78,601,9.95,0.41,2024-08-12,47.23,0.463,25.333333333333332,93.75,381.25,False,False,87955.75,5.066666666666666,False
ITM10371,Pharma,64,54,10,7,16.61,2.5,0.13,L87,A,49,1.37,35.09,1.31,1,0.99,228,2.63,0.87,2024-05-29,84.36,0.656,3.853100541842264,116.27,-52.269999999999996,False,True,2245.76,0.5504429345488948,False
ITM10372,Apparel,233,86,9,4,44.84,3.19,0.63,L31,A,10,2.48,195.26,1.96,6,0.85,284,8.56,0.41,2024-12-20,295.49,0.45,5.1962533452274755,179.36,53.639999999999986,False,False,45495.579999999994,1.2990633363068689,False
ITM10373,Groceries,78,58,14,7,25.34,5.34,0.49,L52,C,157,0.61,16.37,1.53,9,0.92,941,2.52,0.32,2024-02-05,229.44,0.349,3.0781373322809786,177.38,-99.38,False,True,1276.8600000000001,0.43973390461156836,False
ITM10374,Electronics,151,96,11,6,30.4,5.35,0.12,L16,A,117,1.24,110.18,0.3,7,0.91,109,5.5,0.79,2024-07-28,149.78,0.643,4.967105263157895,182.39999999999998,-31.399999999999977,False,True,16637.18,0.8278508771929824,False
ITM10375,Groceries,123,29,13,8,9.86,8.24,0.93,L73,B,168,4.73,65.29,1.72,2,0.85,277,12.26,0.82,2024-12-10,75.55,0.685,12.474645030425965,78.88,44.120000000000005,False,False,8030.670000000001,1.5593306288032456,False
ITM10376,Pharma,214,26,11,9,27.51,7.65,0.11,L32,B,77,3.1,164.64,0.38,2,0.77,288,2.41,0.87,2024-09-12,176.3,0.682,7.778989458378771,247.59,-33.59,False,True,35232.96,0.8643321620420856,False
ITM10377,Apparel,432,37,8,4,14.46,9.18,0.62,L75,A,21,4.13,51.33,1.42,1,0.85,617,7.43,0.89,2024-03-12,77.24,0.685,29.875518672199167,57.84,374.15999999999997,False,False,22174.559999999998,7.468879668049792,False
ITM10378,Apparel,176,50,9,5,36.8,8.41,0.97,L77,A,159,2.69,12.19,1.05,0,0.9,795,9.48,0.59,2024-11-20,66.0,0.719,4.782608695652175,184.0,-8.0,False,True,2145.44,0.9565217391304349,False
ITM10379,Automotive,117,75,4,6,41.79,2.91,0.31,L6,A,138,4.26,88.78,1.44,2,0.84,133,14.17,0.52,2024-06-04,37.19,0.677,2.799712849964106,250.74,-133.74,False,True,10387.26,0.46661880832735103,False
ITM10380,Apparel,245,34,11,6,36.03,3.65,0.33,L80,C,135,2.93,22.18,1.55,9,0.72,764,11.32,0.8,2024-05-03,110.3,0.52,6.799888981404385,216.18,28.819999999999993,False,False,5434.1,1.133314830234064,False
ITM10381,Automotive,431,67,14,8,36.78,5.25,0.1,L11,C,10,0.52,65.12,1.63,6,0.71,90,2.95,0.66,2024-05-09,167.1,0.43,11.71832517672648,294.24,136.76,False,False,28066.72,1.46479064709081,False
ITM10382,Electronics,224,50,3,3,26.11,0.64,0.16,L54,B,140,4.55,132.31,1.69,8,0.8,487,14.56,0.97,2024-12-03,56.21,0.619,8.579088471849866,78.33,145.67000000000002,False,False,29637.440000000002,2.8596961572832886,False
ITM10383,Pharma,98,15,3,4,35.89,9.09,0.14,L85,C,126,1.17,65.99,1.71,8,0.75,578,7.69,0.5,2024-03-19,68.13,0.422,2.7305656171635553,143.56,-45.56,False,True,6467.0199999999995,0.6826414042908888,False
ITM10384,Automotive,143,84,5,8,21.71,0.92,0.84,L75,C,158,2.53,56.7,0.88,5,0.97,154,6.18,0.23,2024-08-04,123.43,0.534,6.586826347305389,173.68,-30.680000000000007,False,True,8108.1,0.8233532934131736,False
ITM10385,Electronics,490,47,14,6,32.92,3.56,0.85,L73,D,22,2.65,39.54,1.79,5,0.75,586,2.8,0.67,2024-07-12,151.96,0.442,14.884568651275819,197.52,292.48,False,False,19374.6,2.480761441879303,False
ITM10386,Apparel,447,15,8,5,13.69,5.91,0.75,L67,B,150,0.71,35.68,1.47,4,0.82,431,14.07,0.48,2024-02-07,231.06,0.621,32.65157048940833,68.45,378.55,False,False,15948.96,6.530314097881666,False
ITM10387,Apparel,237,54,7,8,4.42,5.42,0.42,L41,B,114,0.74,109.91,1.69,1,0.91,142,9.21,0.47,2024-08-17,174.32,0.61,53.619909502262445,35.36,201.64,False,False,26048.67,6.702488687782806,False
ITM10388,Electronics,23,84,4,3,21.26,6.72,0.84,L34,A,170,3.93,139.49,1.98,6,0.94,264,14.83,0.65,2024-11-02,189.13,0.598,1.0818438381937912,63.78,-40.78,True,True,3208.2700000000004,0.3606146127312637,False
ITM10389,Apparel,109,23,11,6,23.63,5.51,0.59,L27,D,143,1.85,96.02,0.32,0,0.84,954,3.43,0.94,2024-09-02,211.9,0.77,4.612780363944139,141.78,-32.78,False,True,10466.18,0.7687967273240232,False
ITM10390,Electronics,123,75,12,8,13.56,2.68,0.37,L86,A,34,2.34,33.48,0.8,5,0.75,745,8.64,0.41,2024-10-25,140.79,0.567,9.070796460176991,108.48,14.519999999999996,False,False,4118.04,1.133849557522124,False
ITM10391,Automotive,412,49,6,4,36.66,2.41,0.49,L92,C,160,3.04,133.07,1.63,3,0.78,266,2.54,0.5,2024-07-24,109.51,0.467,11.238406983087835,146.64,265.36,False,False,54824.84,2.8096017457719586,False
ITM10392,Automotive,138,12,6,3,4.6,9.12,0.16,L41,B,97,2.18,115.85,0.26,2,0.83,538,8.34,0.91,2024-09-30,242.12,0.793,30.000000000000004,13.799999999999999,124.2,False,False,15987.3,10.000000000000002,False
ITM10393,Electronics,152,33,7,4,11.91,3.01,0.95,L31,C,110,3.99,82.44,1.13,0,0.81,200,13.46,0.92,2024-09-16,250.21,0.812,12.762384550797648,47.64,104.36,False,False,12530.88,3.190596137699412,False
ITM10394,Automotive,331,28,10,4,37.68,3.17,0.66,L34,C,35,4.48,72.71,1.73,5,0.8,423,2.53,0.39,2024-12-20,54.65,0.399,8.784501061571126,150.72,180.28,False,False,24067.01,2.1961252653927814,False
ITM10395,Automotive,115,27,12,4,22.42,4.42,0.76,L51,D,141,0.77,44.8,0.14,6,0.74,819,4.78,0.77,2024-08-02,286.48,0.632,5.1293487957181085,89.68,25.319999999999993,False,False,5152.0,1.2823371989295271,False
ITM10396,Automotive,487,73,6,8,35.56,1.82,0.71,L17,D,111,3.36,37.8,1.89,0,0.97,862,10.55,0.53,2024-10-05,279.68,0.652,13.695163104611922,284.48,202.51999999999998,False,False,18408.6,1.7118953880764902,False
ITM10397,Groceries,453,97,7,3,28.81,5.32,0.7,L86,B,172,1.93,74.37,1.96,0,0.71,680,2.07,0.95,2024-01-19,262.55,0.564,15.723707046164527,86.42999999999999,366.57,False,False,33689.61,5.2412356820548425,False
ITM10398,Pharma,350,44,14,8,47.58,6.82,0.12,L83,B,109,3.12,17.91,0.71,6,0.83,498,7.36,0.79,2024-07-03,132.57,0.631,7.3560319461958805,380.64,-30.639999999999986,False,True,6268.5,0.9195039932744851,False
ITM10399,Apparel,162,71,6,8,30.29,7.97,0.57,L39,D,34,2.68,92.96,1.56,5,0.99,471,5.66,0.6,2024-12-25,254.23,0.537,5.3482997689006275,242.32,-80.32,False,True,15059.519999999999,0.6685374711125784,False
ITM10400,Groceries,307,10,8,8,1.73,7.26,0.84,L59,D,157,2.0,124.3,0.34,6,0.9,695,12.73,0.85,2024-10-01,192.14,0.766,177.45664739884393,13.84,293.16,False,False,38160.1,22.18208092485549,False
ITM10401,Automotive,47,34,14,6,18.29,1.9,0.14,L41,D,10,0.93,188.91,1.57,7,0.81,993,1.69,1.0,2024-10-31,69.56,0.488,2.569710224166211,109.74,-62.739999999999995,False,True,8878.77,0.4282850373610352,False
ITM10402,Electronics,297,54,5,7,8.01,4.83,0.96,L97,D,103,3.02,128.91,1.01,7,0.74,989,13.09,0.56,2024-11-22,234.72,0.594,37.07865168539326,56.07,240.93,False,False,38286.27,5.296950240770466,False
ITM10403,Automotive,252,58,10,2,46.31,0.87,0.48,L10,B,77,1.01,128.57,1.73,8,0.99,256,10.85,0.5,2024-02-13,127.77,0.51,5.441589289570287,92.62,159.38,False,False,32399.64,2.7207946447851437,False
ITM10404,Pharma,36,98,8,6,6.1,0.67,0.36,L2,B,32,1.2,81.14,0.5,8,0.7,824,5.16,0.69,2024-02-25,94.73,0.537,5.901639344262295,36.599999999999994,-0.5999999999999943,True,True,2921.04,0.9836065573770493,False
ITM10405,Automotive,78,25,12,3,20.0,4.68,0.58,L59,C,115,4.92,35.33,1.38,6,0.9,883,3.77,0.75,2024-05-07,264.7,0.522,3.9,60.0,18.0,False,False,2755.74,1.3,False
ITM10406,Electronics,109,28,7,2,12.08,2.9,0.82,L80,C,159,1.93,94.92,1.59,8,0.96,751,14.3,0.76,2024-12-02,260.06,0.616,9.02317880794702,24.16,84.84,False,False,10346.28,4.51158940397351,False
ITM10407,Pharma,218,32,4,2,42.49,6.99,0.53,L73,C,104,3.13,123.75,0.48,5,0.71,719,8.75,0.58,2024-12-06,260.67,0.627,5.130618969169216,84.98,133.01999999999998,False,False,26977.5,2.565309484584608,False
ITM10408,Automotive,381,92,12,2,16.12,7.38,0.68,L13,B,71,1.73,147.57,1.65,8,0.92,526,5.83,0.47,2024-06-30,259.26,0.431,23.635235732009924,32.24,348.76,False,False,56224.17,11.817617866004962,False
ITM10409,Pharma,460,34,12,7,49.6,9.01,0.55,L10,A,138,4.39,166.96,1.92,1,1.0,637,1.62,0.86,2024-03-26,170.73,0.582,9.274193548387096,347.2,112.80000000000001,False,False,76801.6,1.324884792626728,False
ITM10410,Apparel,45,25,9,8,2.89,7.73,0.67,L69,C,77,1.78,58.63,1.27,1,0.89,613,3.32,0.97,2024-11-27,188.91,0.669,15.570934256055363,23.12,21.88,False,False,2638.35,1.9463667820069204,False
ITM10411,Apparel,44,63,4,9,7.29,0.96,0.22,L28,A,156,2.15,55.83,1.59,5,0.82,275,9.37,0.89,2024-11-09,285.17,0.608,6.035665294924554,65.61,-21.61,True,True,2456.52,0.6706294772138394,False
ITM10412,Automotive,413,82,3,5,12.01,4.03,0.13,L65,A,39,3.24,117.41,1.11,2,0.96,655,8.18,0.75,2024-01-23,47.51,0.7,34.388009991673606,60.05,352.95,False,False,48490.33,6.877601998334721,False
ITM10413,Pharma,320,10,9,3,40.74,3.09,0.22,L34,A,138,4.41,117.54,1.24,1,0.87,853,11.61,0.49,2024-10-15,243.82,0.683,7.854688267059401,122.22,197.78,False,False,37612.8,2.6182294223531337,False
ITM10414,Electronics,358,51,7,9,44.05,4.17,0.36,L17,D,57,4.17,51.41,0.13,7,0.92,852,12.69,0.7,2024-11-26,162.62,0.74,8.127128263337118,396.45,-38.44999999999999,False,True,18404.78,0.9030142514819021,False
ITM10415,Automotive,286,28,3,7,4.5,2.02,0.33,L45,B,28,1.69,121.62,1.1,6,0.88,883,6.56,0.28,2024-12-12,293.74,0.489,63.55555555555556,31.5,254.5,False,False,34783.32,9.079365079365079,False
ITM10416,Apparel,480,43,6,7,2.59,1.43,0.65,L9,B,136,4.23,75.72,1.19,7,0.71,739,2.41,0.63,2024-11-27,195.37,0.441,185.32818532818533,18.13,461.87,False,False,36345.6,26.475455046883617,True
ITM10417,Apparel,200,89,14,5,37.48,5.45,0.51,L32,C,159,3.66,131.47,1.37,5,0.76,436,12.08,0.82,2024-07-23,57.14,0.64,5.3361792956243335,187.39999999999998,12.600000000000023,False,False,26294.0,1.0672358591248667,False
ITM10418,Automotive,475,64,6,2,7.53,7.34,0.13,L48,C,59,4.95,65.3,0.42,8,0.72,155,8.75,0.4,2024-06-18,246.49,0.539,63.081009296148736,15.06,459.94,False,False,31017.5,31.540504648074368,False
ITM10419,Pharma,379,27,12,8,7.52,7.17,0.13,L37,B,143,4.71,122.54,0.56,8,0.73,125,14.72,0.6,2024-08-08,205.07,0.646,50.39893617021277,60.16,318.84000000000003,False,False,46442.66,6.299867021276596,False
ITM10420,Apparel,87,43,9,5,2.1,4.78,0.18,L21,D,158,2.9,155.98,1.54,1,0.7,565,12.15,0.26,2024-02-24,53.19,0.58,41.42857142857142,10.5,76.5,False,False,13570.259999999998,8.285714285714285,False
ITM10421,Pharma,370,98,11,9,3.44,5.46,0.42,L57,B,156,3.87,196.23,0.42,9,0.83,872,5.61,0.87,2024-01-06,12.61,0.593,107.55813953488372,30.96,339.04,False,False,72605.09999999999,11.950904392764858,False
ITM10422,Apparel,431,54,4,9,13.92,5.41,0.11,L70,A,174,3.07,183.1,0.89,4,0.75,997,7.0,0.48,2024-02-20,167.66,0.57,30.96264367816092,125.28,305.72,False,False,78916.09999999999,3.44029374201788,False
ITM10423,Apparel,478,15,14,5,4.19,7.07,0.54,L91,B,72,3.18,105.67,0.58,8,0.96,236,4.3,0.67,2024-05-12,80.03,0.565,114.08114558472553,20.950000000000003,457.05,False,False,50510.26,22.816229116945106,True
ITM10424,Groceries,340,30,3,7,19.08,0.96,0.42,L39,D,166,0.96,102.79,1.14,2,0.93,581,8.17,0.5,2024-04-23,261.5,0.641,17.819706498951785,133.56,206.44,False,False,34948.6,2.545672356993112,False
ITM10425,Apparel,68,79,4,3,41.81,7.24,0.6,L79,B,171,0.51,93.16,1.98,4,0.87,324,10.95,0.68,2024-09-18,82.77,0.578,1.6264051662281749,125.43,-57.43000000000001,True,True,6334.88,0.5421350554093917,False
ITM10426,Electronics,194,57,9,4,16.99,6.03,0.75,L84,B,138,0.72,15.27,1.72,7,0.85,697,9.57,0.8,2024-09-22,202.23,0.546,11.418481459682168,67.96,126.04,False,False,2962.38,2.854620364920542,False
ITM10427,Automotive,71,48,12,8,36.66,2.38,0.33,L68,B,57,4.85,41.53,0.61,1,0.78,588,5.79,0.46,2024-10-12,110.09,0.644,1.9367157665030008,293.28,-222.27999999999997,False,True,2948.63,0.2420894708128751,False
ITM10428,Automotive,121,40,8,9,5.6,0.97,0.24,L2,A,98,1.07,21.25,0.8,5,0.84,697,12.53,0.62,2024-10-24,111.59,0.679,21.607142857142858,50.4,70.6,False,False,2571.25,2.4007936507936507,False
ITM10429,Pharma,235,19,6,9,33.31,1.53,0.35,L86,C,136,0.7,142.31,1.85,3,0.89,67,2.47,0.84,2024-12-18,62.73,0.534,7.054938456919843,299.79,-64.79000000000002,False,True,33442.85,0.7838820507688715,False
ITM10430,Apparel,457,39,3,5,16.52,5.48,0.1,L71,D,158,1.89,88.51,1.81,5,0.93,334,3.0,0.75,2024-10-21,155.79,0.495,27.663438256658598,82.6,374.4,False,False,40449.07,5.532687651331719,False
ITM10431,Electronics,207,27,3,8,37.74,7.7,0.21,L39,A,171,3.15,22.12,0.41,2,0.72,351,6.66,0.25,2024-04-23,177.99,0.602,5.484896661367249,301.92,-94.92000000000002,False,True,4578.84,0.6856120826709061,False
ITM10432,Pharma,76,69,7,5,7.68,3.68,0.78,L85,B,163,4.77,141.21,1.68,5,0.91,548,10.83,0.66,2024-08-16,178.49,0.59,9.895833333333334,38.4,37.6,False,False,10731.960000000001,1.9791666666666667,False
ITM10433,Groceries,66,97,3,2,45.0,4.1,0.3,L14,B,45,3.65,132.44,0.67,6,0.92,981,10.72,0.5,2024-07-10,258.42,0.64,1.4666666666666666,90.0,-24.0,True,True,8741.039999999999,0.7333333333333333,False
ITM10434,Pharma,178,82,14,8,12.89,9.37,0.99,L18,C,160,1.74,146.79,1.13,9,0.87,948,6.13,0.77,2024-07-19,199.18,0.517,13.809154383242824,103.12,74.88,False,False,26128.62,1.726144297905353,False
ITM10435,Pharma,193,24,9,2,18.3,2.52,0.25,L34,C,90,4.73,123.97,0.11,2,0.76,954,10.75,0.21,2024-08-25,224.67,0.686,10.546448087431694,36.6,156.4,False,False,23926.21,5.273224043715847,False
ITM10436,Apparel,261,13,13,9,47.56,1.49,0.81,L15,C,56,0.66,40.69,2.0,4,0.86,699,1.85,0.46,2024-12-13,103.8,0.409,5.48780487804878,428.04,-167.04000000000002,False,True,10620.09,0.6097560975609756,False
ITM10437,Groceries,301,72,3,7,29.35,3.76,0.73,L14,A,157,4.91,21.66,1.55,7,0.85,793,5.06,0.27,2024-10-28,132.0,0.396,10.255536626916523,205.45000000000002,95.54999999999998,False,False,6519.66,1.4650766609880748,False
ITM10438,Pharma,260,49,3,2,18.92,7.59,0.39,L96,D,36,0.76,165.26,0.56,1,0.84,901,10.71,0.94,2024-12-19,15.3,0.823,13.742071881606764,37.84,222.16,False,False,42967.6,6.871035940803382,False
ITM10439,Electronics,389,18,4,8,47.53,6.45,0.4,L71,C,174,3.89,51.0,1.4,6,0.84,306,3.58,0.9,2024-09-13,32.94,0.536,8.18430464969493,380.24,8.759999999999991,False,False,19839.0,1.0230380812118662,False
ITM10440,Electronics,24,18,13,6,17.12,4.45,0.61,L20,B,61,0.7,113.08,0.66,0,0.73,268,3.98,0.97,2024-03-18,121.68,0.727,1.4018691588785046,102.72,-78.72,False,True,2713.92,0.2336448598130841,False
ITM10441,Automotive,103,35,14,8,5.65,9.67,0.87,L35,D,84,4.69,102.19,0.27,6,0.75,693,2.22,0.71,2024-06-25,70.82,0.575,18.23008849557522,45.2,57.8,False,False,10525.57,2.2787610619469025,False
ITM10442,Groceries,327,13,12,5,49.85,7.48,0.45,L37,B,101,0.99,185.0,0.91,0,0.73,993,6.1,0.85,2024-01-13,245.76,0.706,6.559679037111334,249.25,77.75,False,False,60495.0,1.3119358074222667,False
ITM10443,Groceries,380,90,5,2,14.12,1.09,0.16,L78,B,71,0.73,114.96,1.27,3,0.77,406,12.55,0.69,2024-09-04,206.18,0.672,26.91218130311615,28.24,351.76,False,False,43684.799999999996,13.456090651558075,False
ITM10444,Automotive,478,25,13,3,42.71,7.57,0.44,L27,D,75,4.5,120.2,0.27,3,0.78,305,12.71,0.59,2024-02-23,291.39,0.756,11.191758370405058,128.13,349.87,False,False,57455.6,3.7305861234683526,False
ITM10445,Pharma,267,24,3,6,9.11,0.73,0.29,L92,A,161,0.93,70.71,1.08,4,0.77,657,13.07,0.87,2024-05-31,267.24,0.714,29.308452250274424,54.66,212.34,False,False,18879.57,4.884742041712404,False
ITM10446,Groceries,73,61,11,7,36.84,6.68,0.95,L44,D,89,4.09,192.15,1.08,1,0.76,323,1.51,0.82,2024-07-31,293.52,0.608,1.9815418023887077,257.88,-184.88,False,True,14026.95,0.28307740034124396,False
ITM10447,Electronics,180,78,12,4,26.7,2.5,0.73,L27,C,149,3.86,126.35,1.29,5,0.92,383,14.91,0.79,2024-02-13,115.93,0.712,6.741573033707866,106.8,73.2,False,False,22743.0,1.6853932584269664,False
ITM10448,Electronics,453,14,10,5,49.06,7.12,0.15,L88,D,153,3.19,10.95,0.56,5,0.95,862,8.04,0.92,2024-02-29,150.47,0.725,9.233591520587035,245.3,207.7,False,False,4960.349999999999,1.8467183041174071,False
ITM10449,Apparel,441,29,7,5,28.09,3.44,0.36,L82,C,173,2.2,115.66,0.14,7,0.8,417,13.22,0.94,2024-03-13,118.06,0.77,15.699537201851193,140.45,300.55,False,False,51006.06,3.1399074403702385,False
ITM10450,Groceries,430,88,13,3,2.23,8.79,0.15,L34,C,139,4.62,79.13,0.72,9,0.79,64,13.67,0.56,2024-06-27,289.65,0.6,192.8251121076233,6.6899999999999995,423.31,False,False,34025.9,64.27503736920777,False
ITM10451,Pharma,245,27,4,4,30.59,3.7,0.85,L65,D,73,4.42,16.1,0.86,0,0.95,228,8.2,0.43,2024-06-08,126.79,0.699,8.009153318077804,122.36,122.64,False,False,3944.5000000000005,2.002288329519451,False
ITM10452,Automotive,34,11,7,9,8.12,6.39,0.92,L63,D,38,2.42,91.99,1.31,3,0.89,494,1.72,0.61,2024-06-24,43.86,0.532,4.187192118226601,73.08,-39.08,False,True,3127.66,0.4652435686918446,False
ITM10453,Automotive,243,22,8,4,40.13,3.22,0.2,L33,C,96,1.54,156.98,1.87,1,0.79,821,9.36,0.27,2024-08-21,82.65,0.53,6.055320209319711,160.52,82.47999999999999,False,False,38146.14,1.5138300523299277,False
ITM10454,Pharma,80,13,3,7,42.97,9.21,0.5,L7,B,105,1.73,105.72,0.49,7,0.91,452,5.68,0.95,2024-04-15,133.2,0.659,1.8617640214102862,300.78999999999996,-220.78999999999996,False,True,8457.6,0.265966288772898,False
ITM10455,Apparel,141,51,13,7,24.62,7.92,0.94,L12,D,40,1.49,131.5,1.41,3,0.8,137,3.89,0.99,2024-09-23,184.87,0.609,5.727051177904142,172.34,-31.340000000000003,False,True,18541.5,0.8181501682720204,False
ITM10456,Automotive,296,83,6,6,39.38,2.81,0.23,L82,A,92,2.94,131.55,0.29,7,0.88,143,3.56,0.72,2024-09-04,189.25,0.598,7.516505840528186,236.28000000000003,59.71999999999997,False,False,38938.8,1.2527509734213644,False
ITM10457,Groceries,65,70,11,9,8.11,9.51,0.36,L55,C,152,4.41,137.49,0.46,1,1.0,894,8.83,0.8,2024-06-27,230.05,0.812,8.014796547472256,72.99,-7.989999999999995,True,True,8936.85,0.8905329497191397,False
ITM10458,Apparel,472,17,4,5,25.11,3.89,0.37,L36,B,42,3.98,83.64,1.07,3,0.79,444,2.46,0.46,2024-08-31,197.88,0.516,18.797291915571485,125.55,346.45,False,False,39478.08,3.759458383114297,False
ITM10459,Groceries,409,76,7,2,20.3,6.69,0.13,L6,D,109,4.08,80.3,1.45,8,0.98,77,12.5,0.89,2024-02-19,152.54,0.636,20.147783251231527,40.6,368.4,False,False,32842.7,10.073891625615763,False
ITM10460,Electronics,313,72,3,7,30.95,7.56,0.13,L1,D,157,2.52,10.87,1.73,4,0.8,746,4.18,0.92,2024-08-12,18.75,0.547,10.11308562197092,216.65,96.35,False,False,3402.31,1.4447265174244173,False
ITM10461,Apparel,81,18,6,3,3.18,0.72,0.96,L43,B,82,1.95,39.3,1.51,5,0.86,124,8.69,0.26,2024-12-22,211.56,0.489,25.471698113207545,9.540000000000001,71.46,False,False,3183.2999999999997,8.490566037735848,False
ITM10462,Automotive,105,20,6,3,37.85,9.61,0.61,L99,A,175,3.91,190.65,0.13,9,0.84,103,2.76,0.31,2024-08-19,34.78,0.474,2.7741083223249667,113.55000000000001,-8.550000000000011,False,True,20018.25,0.9247027741083222,False
ITM10463,Apparel,465,51,8,3,4.88,3.77,0.38,L17,C,140,4.07,170.06,1.4,8,0.93,370,13.03,0.41,2024-06-12,145.96,0.542,95.28688524590164,14.64,450.36,False,False,79077.9,31.762295081967213,False
ITM10464,Apparel,229,22,12,8,33.17,2.3,0.44,L82,D,27,3.63,62.27,1.67,8,0.72,608,10.69,0.76,2024-02-04,269.95,0.512,6.903828760928549,265.36,-36.360000000000014,False,True,14259.83,0.8629785951160687,False
ITM10465,Apparel,97,45,11,9,1.9,8.58,0.74,L34,A,135,0.64,86.23,1.1,6,0.89,809,3.89,0.35,2024-06-02,183.09,0.47,51.05263157894737,17.099999999999998,79.9,False,False,8364.31,5.672514619883041,False
ITM10466,Apparel,221,22,5,9,41.76,7.18,0.43,L21,C,16,3.15,188.59,1.93,1,0.93,283,11.02,0.38,2024-01-23,67.7,0.596,5.292145593869732,375.84,-154.83999999999997,False,True,41678.39,0.5880161770966369,False
ITM10467,Groceries,321,21,11,7,9.56,1.32,0.3,L95,A,172,2.06,57.58,0.11,6,0.84,679,2.16,0.51,2024-12-29,244.31,0.568,33.57740585774059,66.92,254.07999999999998,False,False,18483.18,4.796772265391512,False
ITM10468,Electronics,416,46,8,7,26.26,1.61,0.19,L57,C,133,1.38,111.18,1.66,8,0.73,821,11.81,0.69,2024-02-28,97.12,0.515,15.841584158415841,183.82000000000002,232.17999999999998,False,False,46250.880000000005,2.263083451202263,False
ITM10469,Pharma,242,83,9,3,13.81,7.29,0.76,L71,C,123,3.62,14.2,0.74,1,0.77,279,7.86,0.98,2024-01-12,177.41,0.761,17.523533671252714,41.43,200.57,False,False,3436.3999999999996,5.841177890417572,False
ITM10470,Apparel,241,82,14,9,36.41,1.21,0.26,L91,A,93,1.71,127.75,1.34,6,0.9,851,2.68,0.83,2024-06-24,194.4,0.528,6.619060697610547,327.68999999999994,-86.68999999999994,False,True,30787.75,0.7354511886233941,False
ITM10471,Automotive,22,61,12,9,16.75,9.21,0.16,L55,C,93,4.61,186.71,1.42,6,0.97,802,8.71,0.65,2024-11-27,222.03,0.578,1.3134328358208955,150.75,-128.75,True,True,4107.62,0.14593698175787728,False
ITM10472,Apparel,497,80,4,7,36.51,7.54,0.48,L72,D,92,1.84,178.1,0.68,2,0.83,381,3.81,0.24,2024-02-25,28.84,0.557,13.612708846891264,255.57,241.43,False,False,88515.7,1.9446726924130378,False
ITM10473,Automotive,25,11,13,8,14.96,3.69,0.14,L2,D,114,3.0,105.37,1.99,5,0.87,743,10.42,0.61,2024-12-12,257.74,0.536,1.6711229946524062,119.68,-94.68,False,True,2634.25,0.20889037433155078,False
ITM10474,Groceries,112,65,12,2,37.87,3.95,0.97,L15,A,111,4.22,133.43,0.3,7,0.77,521,10.92,0.36,2024-03-25,43.02,0.602,2.957486136783734,75.74,36.260000000000005,False,False,14944.16,1.478743068391867,False
ITM10475,Automotive,27,69,8,2,2.5,5.31,0.66,L10,A,102,2.31,118.26,0.4,9,0.82,366,11.65,0.44,2024-05-04,37.41,0.587,10.8,5.0,22.0,True,False,3193.02,5.4,False
ITM10476,Pharma,447,32,8,6,14.88,3.93,0.24,L89,C,69,4.23,22.73,1.8,7,0.8,150,13.53,0.4,2024-09-21,142.5,0.5,30.04032258064516,89.28,357.72,False,False,10160.31,5.006720430107527,False
ITM10477,Electronics,254,49,4,9,25.43,7.94,0.26,L20,C,111,3.76,40.16,0.33,2,0.9,297,10.17,0.48,2024-03-30,117.93,0.739,9.98820290994888,228.87,25.129999999999995,False,False,10200.64,1.1098003233276534,False
ITM10478,Automotive,127,73,4,5,3.21,9.76,0.61,L70,A,33,4.64,193.13,0.82,5,1.0,529,7.88,0.25,2024-10-09,25.84,0.573,39.56386292834891,16.05,110.95,False,False,24527.51,7.912772585669782,False
ITM10479,Automotive,180,94,4,2,10.12,6.05,0.42,L5,B,118,1.97,58.63,1.49,1,0.94,910,12.96,0.66,2024-03-22,58.14,0.724,17.786561264822137,20.24,159.76,False,False,10553.4,8.893280632411068,False
ITM10480,Electronics,228,32,12,6,46.79,4.74,0.8,L48,A,176,0.97,83.05,1.6,1,0.76,919,13.6,0.24,2024-06-18,137.37,0.601,4.872836076084633,280.74,-52.74000000000001,False,True,18935.399999999998,0.8121393460141055,False
ITM10481,Pharma,259,38,14,4,48.86,2.62,0.59,L75,B,149,2.44,106.7,1.91,7,0.87,674,11.94,0.73,2024-10-13,250.43,0.548,5.300859598853868,195.44,63.56,False,False,27635.3,1.325214899713467,False
ITM10482,Apparel,350,87,3,5,37.25,6.71,0.49,L71,B,103,4.04,196.04,1.6,9,0.72,270,14.19,0.78,2024-08-06,45.18,0.549,9.395973154362416,186.25,163.75,False,False,68614.0,1.8791946308724832,False
ITM10483,Automotive,352,99,7,9,13.36,7.01,0.97,L19,A,73,2.53,141.1,1.7,4,0.77,388,14.71,0.59,2024-08-24,40.31,0.618,26.347305389221557,120.24,231.76,False,False,49667.2,2.927478376580173,False
ITM10484,Electronics,69,60,10,2,13.77,7.01,0.45,L56,A,13,1.68,129.62,1.9,4,0.75,197,4.52,0.83,2024-04-28,243.4,0.506,5.010893246187364,27.54,41.46,False,False,8943.78,2.505446623093682,False
ITM10485,Groceries,30,78,4,8,32.64,0.76,0.46,L17,A,103,0.62,109.64,1.15,3,0.8,948,3.57,0.97,2024-07-26,152.77,0.627,0.9191176470588235,261.12,-231.12,True,True,3289.2,0.11488970588235294,False
ITM10486,Electronics,370,98,7,4,6.76,9.04,0.7,L6,B,142,1.91,143.13,0.75,9,0.9,345,7.28,0.47,2024-11-18,114.47,0.516,54.73372781065089,27.04,342.96,False,False,52958.1,13.683431952662723,False
ITM10487,Groceries,175,40,14,6,47.47,3.71,0.83,L40,D,25,3.71,136.16,1.55,3,0.85,758,14.96,0.7,2024-04-04,143.79,0.694,3.6865388666526226,284.82,-109.82,False,True,23828.0,0.6144231444421038,False
ITM10488,Pharma,89,59,10,2,12.02,7.57,0.66,L47,D,36,1.16,181.54,0.41,7,0.98,456,2.24,0.46,2024-04-05,129.15,0.537,7.40432612312812,24.04,64.96000000000001,False,False,16157.06,3.70216306156406,False
ITM10489,Apparel,188,29,12,9,49.98,7.72,0.73,L6,A,141,2.03,112.95,0.23,2,0.76,630,10.97,0.55,2024-11-23,236.75,0.745,3.7615046018407363,449.82,-261.82,False,True,21234.600000000002,0.41794495576008184,False
ITM10490,Electronics,291,64,7,2,25.29,6.68,0.44,L46,A,81,0.59,90.09,1.59,2,0.81,527,12.91,0.22,2024-12-02,12.7,0.579,11.506524317912218,50.58,240.42000000000002,False,False,26216.190000000002,5.753262158956109,False
ITM10491,Automotive,87,90,4,7,38.8,4.25,0.53,L27,C,57,3.75,163.36,1.91,7,0.8,849,14.95,0.26,2024-08-09,135.62,0.48,2.2422680412371134,271.59999999999997,-184.59999999999997,True,True,14212.320000000002,0.32032400589101623,False
ITM10492,Pharma,374,11,5,4,1.11,6.28,0.28,L88,C,145,4.46,161.96,0.94,2,0.77,73,9.68,0.84,2024-07-21,56.07,0.717,336.9369369369369,4.44,369.56,False,False,60573.04,84.23423423423422,False
ITM10493,Electronics,271,34,8,2,44.55,0.88,0.71,L32,C,90,3.06,42.27,0.41,1,1.0,930,6.32,0.31,2024-01-15,99.4,0.685,6.083052749719417,89.1,181.9,False,False,11455.17,3.0415263748597083,False
ITM10494,Automotive,67,22,13,3,14.23,7.74,0.3,L86,A,53,0.62,54.99,1.04,4,0.82,996,3.33,0.76,2024-11-10,42.53,0.576,4.708362614195361,42.69,24.310000000000002,False,False,3684.33,1.5694542047317872,False
ITM10495,Electronics,203,79,13,8,33.73,1.45,0.1,L14,D,61,1.48,192.14,0.85,2,0.98,932,14.74,0.77,2024-04-11,133.83,0.822,6.0183812629706495,269.84,-66.83999999999997,False,True,39004.42,0.7522976578713312,False
ITM10496,Groceries,339,76,7,7,40.51,4.27,0.94,L46,D,43,2.47,94.38,0.81,5,0.82,235,13.94,1.0,2024-08-18,196.56,0.769,8.368304122438904,283.57,55.43000000000001,False,False,31994.82,1.1954720174912719,False
ITM10497,Electronics,206,67,13,7,9.04,1.48,0.38,L100,A,30,3.14,108.74,1.29,6,0.76,219,12.26,0.76,2024-10-30,201.86,0.618,22.787610619469028,63.279999999999994,142.72,False,False,22400.44,3.2553729456384324,False
ITM10498,Electronics,109,91,6,2,22.68,8.45,0.28,L72,A,33,2.73,68.93,0.43,2,0.74,852,14.21,0.3,2024-08-07,241.06,0.714,4.805996472663139,45.36,63.64,False,False,7513.370000000001,2.4029982363315696,False
ITM10499,Electronics,465,84,6,8,25.2,5.73,0.34,L53,B,53,4.62,101.4,0.82,8,0.96,593,1.85,0.7,2024-07-18,246.35,0.515,18.452380952380953,201.6,263.4,False,False,47151.0,2.306547619047619,False
ITM10500,Pharma,351,93,7,7,16.29,7.06,0.4,L80,B,123,4.72,151.24,1.75,9,0.71,487,9.84,0.62,2024-01-03,183.34,0.442,21.54696132596685,114.03,236.97,False,False,53085.240000000005,3.0781373322809786,False
ITM10501,Electronics,158,73,4,5,24.61,6.98,0.53,L96,D,178,0.98,101.65,1.49,0,0.99,350,4.85,0.93,2024-12-26,112.41,0.7,6.42015440877692,123.05,34.95,False,False,16060.7,1.284030881755384,False
ITM10502,Automotive,376,78,11,4,16.56,8.5,0.16,L20,C,166,1.12,69.81,0.21,6,0.83,737,11.72,0.75,2024-04-19,24.88,0.731,22.705314009661837,66.24,309.76,False,False,26248.56,5.676328502415459,False
ITM10503,Groceries,108,92,4,5,18.68,1.76,0.15,L31,D,112,2.11,28.24,1.08,3,0.77,413,2.34,0.61,2024-04-15,20.4,0.539,5.781584582441114,93.4,14.599999999999994,False,False,3049.9199999999996,1.1563169164882228,False
ITM10504,Groceries,293,95,12,6,33.8,6.77,0.36,L21,B,143,2.4,186.37,0.27,6,0.89,903,4.62,0.7,2024-05-22,42.85,0.633,8.668639053254438,202.79999999999998,90.20000000000002,False,False,54606.41,1.4447731755424063,False
ITM10505,Electronics,38,68,4,5,32.0,5.96,0.37,L23,D,65,3.14,175.61,1.92,8,0.74,226,12.9,0.55,2024-12-26,295.31,0.478,1.1875,160.0,-122.0,True,True,6673.18,0.2375,False
ITM10506,Pharma,490,69,12,8,12.38,0.79,0.21,L53,B,23,3.98,160.36,0.56,8,0.72,851,11.49,0.61,2024-02-02,237.93,0.603,39.57996768982229,99.04,390.96,False,False,78576.40000000001,4.947495961227786,False
ITM10507,Pharma,330,92,11,3,44.98,2.41,0.46,L4,B,110,1.11,141.87,1.87,0,0.95,193,14.89,0.78,2024-10-22,127.41,0.758,7.336594041796355,134.94,195.06,False,False,46817.1,2.4455313472654514,False
ITM10508,Automotive,377,71,5,7,43.28,3.04,0.36,L23,C,10,4.11,107.95,1.68,9,0.83,572,10.02,0.26,2024-02-22,145.2,0.404,8.710720887245841,302.96000000000004,74.03999999999996,False,False,40697.15,1.2443886981779773,False
ITM10509,Electronics,393,25,12,8,25.95,1.19,0.12,L95,C,21,3.25,180.51,1.15,3,0.86,530,5.24,0.69,2024-10-01,223.84,0.605,15.144508670520231,207.6,185.4,False,False,70940.43,1.893063583815029,False
ITM10510,Groceries,485,97,9,7,22.23,3.87,0.9,L43,B,124,4.91,160.42,0.74,6,0.75,541,8.67,0.27,2024-04-05,159.18,0.526,21.81736392262708,155.61,329.39,False,False,77803.7,3.1167662746610114,False
ITM10511,Pharma,173,77,6,9,19.47,0.76,0.9,L53,A,115,3.43,165.04,1.73,9,0.72,535,14.22,0.88,2024-07-06,114.52,0.557,8.885464817668208,175.23,-2.2299999999999898,False,True,28551.92,0.9872738686298008,False
ITM10512,Electronics,409,24,8,3,35.66,5.76,0.29,L86,C,161,3.72,68.81,0.39,5,0.81,708,10.12,0.95,2024-06-15,111.37,0.748,11.46943353897925,106.97999999999999,302.02,False,False,28143.29,3.823144512993083,False
ITM10513,Pharma,279,98,6,7,33.91,2.51,0.25,L95,B,46,1.38,90.46,0.44,8,0.85,909,13.34,0.82,2024-04-10,70.8,0.708,8.227661456797406,237.36999999999998,41.630000000000024,False,False,25238.339999999997,1.1753802081139153,False
ITM10514,Pharma,127,64,12,5,10.61,3.23,0.59,L32,A,12,3.96,144.29,0.53,6,0.93,974,1.32,0.77,2024-08-22,266.83,0.585,11.969839773798304,53.05,73.95,False,False,18324.829999999998,2.3939679547596606,False
ITM10515,Groceries,390,44,9,9,33.9,9.15,0.67,L35,A,164,0.86,80.5,1.24,2,0.85,534,6.17,0.95,2024-02-28,130.1,0.678,11.504424778761063,305.09999999999997,84.90000000000003,False,False,31395.0,1.2782694198623403,False
ITM10516,Apparel,304,64,3,9,13.37,5.28,0.96,L21,D,62,3.45,103.86,0.7,6,0.93,871,14.09,0.37,2024-05-14,228.19,0.658,22.73747195213164,120.33,183.67000000000002,False,False,31573.44,2.526385772459071,False
ITM10517,Automotive,78,23,5,6,1.91,3.06,0.44,L90,D,109,0.75,132.84,1.98,9,0.73,486,1.55,0.38,2024-12-09,176.39,0.265,40.83769633507853,11.459999999999999,66.54,False,False,10361.52,6.806282722513089,False
ITM10518,Automotive,144,58,5,9,35.26,6.19,0.66,L14,C,26,1.02,93.17,0.47,4,0.72,244,8.27,0.58,2024-09-07,228.69,0.643,4.083947816222349,317.34,-173.33999999999997,False,True,13416.48,0.45377197958026094,False
ITM10519,Groceries,373,92,3,9,32.59,2.42,0.89,L49,A,122,0.99,160.68,1.63,1,0.75,515,5.85,0.21,2024-09-27,103.06,0.487,11.445228597729363,293.31000000000006,79.68999999999994,False,False,59933.64,1.2716920664143736,False
ITM10520,Pharma,292,16,8,2,21.13,1.21,0.5,L5,C,119,0.74,32.09,0.28,9,0.93,125,10.05,0.97,2024-11-23,228.08,0.706,13.819214387127309,42.26,249.74,False,False,9370.28,6.909607193563654,False
ITM10521,Electronics,126,39,13,3,26.76,0.7,0.21,L61,B,152,1.95,146.43,0.77,2,0.93,209,3.27,0.23,2024-06-09,239.09,0.559,4.708520179372197,80.28,45.72,False,False,18450.18,1.569506726457399,False
ITM10522,Pharma,318,92,11,5,47.41,9.54,0.44,L29,C,176,4.97,37.59,0.56,5,0.74,539,10.15,0.68,2024-11-01,40.24,0.663,6.707445686564016,237.04999999999998,80.95000000000002,False,False,11953.62,1.3414891373128033,False
ITM10523,Groceries,264,58,10,8,30.16,7.38,0.22,L26,A,13,2.07,188.19,1.96,5,0.71,149,14.89,0.48,2024-07-17,36.52,0.541,8.753315649867375,241.28,22.72,False,False,49682.159999999996,1.0941644562334218,False
ITM10524,Automotive,355,98,13,5,33.24,8.1,0.11,L59,D,154,3.92,69.67,0.15,6,0.91,165,4.8,0.28,2024-11-08,295.79,0.567,10.679903730445247,166.20000000000002,188.79999999999998,False,False,24732.850000000002,2.135980746089049,False
ITM10525,Pharma,469,25,9,5,4.13,9.82,0.78,L45,C,148,1.1,161.13,1.47,5,0.96,429,7.46,0.22,2024-07-19,44.21,0.488,113.55932203389831,20.65,448.35,False,False,75569.97,22.71186440677966,False
ITM10526,Automotive,437,60,12,2,9.13,9.35,0.31,L40,D,21,2.55,109.07,0.57,8,0.93,644,1.42,0.41,2024-10-27,208.6,0.47,47.864184008762315,18.26,418.74,False,False,47663.59,23.932092004381158,True
ITM10527,Electronics,266,81,10,4,15.75,7.5,0.1,L30,C,41,1.33,27.31,1.64,4,0.76,873,7.08,0.29,2024-02-28,226.87,0.46,16.88888888888889,63.0,203.0,False,False,7264.46,4.222222222222222,False
ITM10528,Automotive,27,91,8,7,27.43,7.09,0.89,L29,B,164,1.36,120.69,0.69,4,0.88,112,6.68,0.95,2024-06-27,28.42,0.706,0.984323733138899,192.01,-165.01,True,True,3258.63,0.14061767616269985,False
ITM10529,Automotive,160,89,11,7,39.05,3.7,0.5,L4,A,52,0.95,183.31,0.46,7,0.93,181,8.91,0.4,2024-06-29,226.49,0.599,4.097311139564661,273.34999999999997,-113.34999999999997,False,True,29329.6,0.5853301627949515,False
ITM10530,Apparel,381,92,5,8,16.74,1.49,0.31,L85,C,113,2.44,39.87,1.42,7,0.78,297,4.59,0.28,2024-08-22,131.66,0.391,22.759856630824373,133.92,247.08,False,False,15190.47,2.8449820788530467,False
ITM10531,Apparel,27,51,12,9,18.46,5.95,0.34,L25,B,102,0.84,71.05,0.59,0,0.86,444,5.6,0.82,2024-11-12,89.66,0.752,1.4626218851570965,166.14000000000001,-139.14000000000001,True,True,1918.35,0.16251354279523295,False
ITM10532,Apparel,497,26,12,6,13.55,5.97,0.32,L52,B,52,4.59,93.44,1.02,2,0.79,692,9.54,0.53,2024-03-29,202.95,0.649,36.678966789667896,81.30000000000001,415.7,False,False,46439.68,6.113161131611316,False
ITM10533,Automotive,371,72,11,8,13.48,9.55,0.28,L43,B,140,2.52,62.26,0.35,5,0.77,460,13.72,0.87,2024-12-10,251.61,0.776,27.522255192878337,107.84,263.15999999999997,False,False,23098.46,3.440281899109792,False
ITM10534,Groceries,113,54,6,4,47.49,4.7,0.86,L36,D,166,4.27,189.32,1.48,5,0.99,928,4.29,0.87,2024-12-27,176.11,0.581,2.3794483049062958,189.96,-76.96000000000001,False,True,21393.16,0.5948620762265739,False
ITM10535,Automotive,340,86,9,7,32.14,7.06,0.25,L9,D,94,4.91,81.73,0.87,0,0.97,477,10.48,0.99,2024-06-01,262.48,0.845,10.578718108276291,224.98000000000002,115.01999999999998,False,False,27788.2,1.5112454440394703,False
ITM10536,Groceries,446,16,11,6,8.64,5.96,0.61,L99,B,44,3.55,135.03,0.37,1,0.83,963,8.33,0.84,2024-11-10,16.48,0.788,51.62037037037037,51.84,394.15999999999997,False,False,60223.38,8.603395061728394,False
ITM10537,Groceries,58,36,4,8,36.39,2.18,0.17,L36,B,126,4.56,52.54,1.51,9,0.74,719,2.46,0.37,2024-10-29,224.2,0.324,1.5938444627644957,291.12,-233.12,False,True,3047.32,0.19923055784556196,False
ITM10538,Apparel,100,19,4,6,36.38,6.12,0.95,L45,C,176,1.11,51.74,0.3,6,0.92,777,8.92,0.67,2024-02-13,59.13,0.687,2.7487630566245187,218.28000000000003,-118.28000000000003,False,True,5174.0,0.45812717610408643,False
ITM10539,Pharma,206,43,11,5,33.66,5.63,0.64,L83,C,161,4.23,43.41,1.19,0,0.78,375,10.92,0.62,2024-12-10,92.96,0.707,6.120023767082591,168.29999999999998,37.70000000000002,False,False,8942.46,1.2240047534165182,False
ITM10540,Electronics,103,45,14,3,7.6,5.19,0.91,L66,A,29,1.72,92.61,1.25,9,0.75,992,9.38,0.61,2024-03-09,175.95,0.492,13.55263157894737,22.799999999999997,80.2,False,False,9538.83,4.517543859649123,False
ITM10541,Apparel,107,34,5,5,20.99,5.38,0.46,L52,C,152,2.63,111.24,1.87,4,0.81,595,2.46,0.44,2024-06-09,89.59,0.416,5.097665555026204,104.94999999999999,2.0500000000000114,False,False,11902.68,1.0195331110052408,False
ITM10542,Apparel,261,15,11,2,6.23,2.06,0.83,L87,A,94,3.41,12.04,0.39,0,0.86,424,12.96,0.37,2024-03-01,58.76,0.78,41.89406099518459,12.46,248.54,False,False,3142.4399999999996,20.947030497592294,False
ITM10543,Pharma,361,33,7,9,41.01,4.9,0.87,L69,A,126,4.57,168.26,1.34,5,0.73,893,1.57,0.77,2024-05-02,266.79,0.487,8.802731041209462,369.09,-8.089999999999975,False,True,60741.85999999999,0.9780812268010514,False
ITM10544,Electronics,112,27,8,7,33.1,6.25,0.73,L43,A,115,4.6,107.42,0.82,6,0.87,347,4.3,0.28,2024-06-05,272.95,0.485,3.3836858006042294,231.70000000000002,-119.70000000000002,False,True,12031.04,0.4833836858006042,False
ITM10545,Automotive,105,96,4,6,25.85,5.15,0.18,L4,D,155,0.91,39.87,0.86,7,0.7,328,9.62,0.24,2024-02-29,20.55,0.49,4.061895551257253,155.10000000000002,-50.10000000000002,False,True,4186.349999999999,0.6769825918762088,False
ITM10546,Automotive,63,15,10,8,17.81,5.14,0.11,L15,C,114,2.14,22.79,1.05,2,0.97,345,4.05,0.5,2024-04-03,155.04,0.603,3.5373385738349246,142.48,-79.47999999999999,False,True,1435.77,0.44216732172936557,False
ITM10547,Apparel,156,38,13,9,10.03,1.24,0.25,L34,B,102,4.07,22.01,0.54,2,0.98,576,2.43,0.8,2024-07-10,69.07,0.694,15.553339980059821,90.27,65.73,False,False,3433.5600000000004,1.7281488866733135,False
ITM10548,Electronics,440,34,11,3,6.22,2.31,0.21,L23,A,50,3.66,58.95,0.98,0,0.92,164,8.17,0.89,2024-12-21,260.39,0.773,70.7395498392283,18.66,421.34,False,False,25938.0,23.579849946409436,False
ITM10549,Apparel,93,64,4,8,48.49,3.55,0.75,L75,B,109,0.62,104.87,1.41,2,0.84,542,11.11,0.63,2024-03-13,144.13,0.661,1.9179212208702825,387.92,-294.92,False,True,9752.91,0.2397401526087853,False
ITM10550,Groceries,55,90,8,7,10.78,4.48,0.6,L34,A,78,2.52,173.45,0.97,4,0.78,106,6.75,0.87,2024-09-18,148.75,0.643,5.1020408163265305,75.46,-20.459999999999994,True,True,9539.75,0.7288629737609329,False
ITM10551,Apparel,120,55,8,6,3.93,6.14,0.57,L5,C,115,4.23,181.56,0.18,5,0.92,928,10.78,0.22,2024-07-17,191.97,0.654,30.534351145038165,23.580000000000002,96.42,False,False,21787.2,5.089058524173027,False
ITM10552,Apparel,495,33,10,6,48.12,8.7,0.33,L14,A,148,3.82,168.14,0.59,2,0.98,191,13.05,0.56,2024-08-02,26.13,0.783,10.286783042394015,288.71999999999997,206.28000000000003,False,False,83229.29999999999,1.7144638403990025,False
ITM10553,Automotive,175,84,12,5,27.9,2.01,0.24,L77,C,155,2.35,72.43,0.77,3,0.75,768,14.42,0.31,2024-11-01,46.92,0.667,6.272401433691757,139.5,35.5,False,False,12675.250000000002,1.2544802867383513,False
ITM10554,Automotive,445,35,14,3,40.04,0.64,0.29,L56,B,149,3.81,68.25,0.77,4,0.84,701,4.27,0.67,2024-03-11,154.53,0.602,11.113886113886114,120.12,324.88,False,False,30371.25,3.7046287046287047,False
ITM10555,Automotive,274,37,7,3,3.14,4.77,0.46,L45,C,153,2.98,197.62,0.25,4,0.79,668,9.48,0.94,2024-10-21,290.35,0.767,87.26114649681529,9.42,264.58,False,False,54147.880000000005,29.087048832271762,False
ITM10556,Groceries,190,12,11,7,28.78,4.6,0.77,L94,B,36,4.61,139.44,0.95,8,0.81,934,4.74,0.21,2024-07-15,254.65,0.412,6.60180681028492,201.46,-11.460000000000008,False,True,26493.6,0.9431152586121314,False
ITM10557,Automotive,488,84,3,6,20.51,5.74,0.33,L41,C,109,3.14,67.94,1.41,7,0.82,852,13.19,0.73,2024-08-04,267.91,0.605,23.79327157484154,123.06,364.94,False,False,33154.72,3.96554526247359,False
ITM10558,Electronics,235,47,11,9,38.83,8.42,0.73,L56,A,154,2.3,72.53,0.19,0,0.99,458,13.46,0.83,2024-04-05,49.77,0.924,6.052021632758177,349.46999999999997,-114.46999999999997,False,True,17044.55,0.6724468480842419,False
ITM10559,Pharma,189,70,12,3,2.88,8.12,0.54,L78,A,94,4.38,92.58,1.53,1,0.78,127,5.51,0.8,2024-09-06,288.0,0.616,65.625,8.64,180.36,False,False,17497.62,21.875,False
ITM10560,Electronics,271,87,9,3,20.68,1.45,0.9,L66,C,128,0.72,128.14,1.91,4,0.85,51,10.03,0.22,2024-11-21,221.7,0.477,13.104448742746616,62.04,208.96,False,False,34725.939999999995,4.368149580915539,False
ITM10561,Electronics,379,60,6,8,40.15,9.37,0.31,L15,B,40,4.55,180.62,0.12,2,0.99,835,13.43,0.34,2024-10-02,104.45,0.793,9.439601494396015,321.2,57.80000000000001,False,False,68454.98,1.179950186799502,False
ITM10562,Automotive,341,99,5,7,26.61,1.55,0.51,L50,B,118,3.63,47.68,0.47,6,0.84,84,8.12,0.28,2024-12-21,260.7,0.565,12.814731304021045,186.26999999999998,154.73000000000002,False,False,16258.88,1.830675900574435,False
ITM10563,Pharma,74,57,12,5,27.95,6.53,0.19,L74,B,172,4.73,26.04,1.13,5,0.96,826,11.09,0.27,2024-11-26,226.72,0.581,2.6475849731663685,139.75,-65.75,False,True,1926.96,0.5295169946332737,False
ITM10564,Pharma,475,30,13,8,5.76,6.89,0.4,L25,C,36,1.63,87.09,0.51,1,0.72,444,12.21,0.78,2024-03-29,223.59,0.792,82.46527777777779,46.08,428.92,False,False,41367.75,10.308159722222223,False
ITM10565,Pharma,451,63,8,8,7.48,6.96,0.56,L33,C,96,3.63,56.64,1.55,7,0.99,267,13.21,0.54,2024-10-11,223.04,0.587,60.29411764705882,59.84,391.15999999999997,False,False,25544.64,7.536764705882352,False
ITM10566,Groceries,110,65,14,4,34.17,3.02,0.76,L6,C,169,4.14,119.45,0.69,4,0.76,116,8.21,0.78,2024-03-26,242.25,0.668,3.2191981270119987,136.68,-26.680000000000007,False,True,13139.5,0.8047995317529997,False
ITM10567,Automotive,297,68,3,2,34.08,3.64,0.28,L91,C,26,3.66,142.85,0.66,5,0.99,118,14.19,0.49,2024-09-07,285.07,0.719,8.714788732394366,68.16,228.84,False,False,42426.45,4.357394366197183,False
ITM10568,Pharma,120,81,5,4,48.98,5.71,0.3,L56,B,20,1.45,69.04,0.1,7,0.75,273,9.81,0.29,2024-05-27,49.69,0.589,2.449979583503471,195.92,-75.91999999999999,False,True,8284.800000000001,0.6124948958758677,False
ITM10569,Groceries,174,60,4,3,35.89,2.4,0.67,L1,B,138,1.74,140.24,0.61,5,0.83,410,3.12,0.77,2024-03-12,299.86,0.601,4.848147116188353,107.67,66.33,False,False,24401.760000000002,1.616049038729451,False
ITM10570,Apparel,396,29,13,6,25.17,0.69,0.44,L67,D,91,3.05,75.2,0.51,9,0.79,507,9.57,0.7,2024-04-05,262.98,0.595,15.73301549463647,151.02,244.98,False,False,29779.2,2.6221692491060784,False
ITM10571,Apparel,368,95,11,2,43.01,5.84,0.53,L69,C,58,2.51,130.64,0.75,2,0.83,343,5.18,0.29,2024-06-10,138.07,0.578,8.556149732620321,86.02,281.98,False,False,48075.52,4.278074866310161,False
ITM10572,Groceries,470,68,5,2,6.12,4.92,0.85,L88,D,50,3.81,130.28,0.38,6,0.78,375,6.21,0.94,2024-08-18,55.66,0.669,76.79738562091504,12.24,457.76,False,False,61231.6,38.39869281045752,False
ITM10573,Groceries,383,80,4,6,23.02,6.74,0.55,L93,C,29,2.2,62.85,1.23,3,0.99,252,12.32,0.45,2024-11-13,141.6,0.669,16.637706342311034,138.12,244.88,False,False,24071.55,2.772951057051839,False
ITM10574,Automotive,160,18,6,2,15.07,1.89,0.69,L95,D,80,4.37,130.79,0.55,5,0.79,642,14.63,0.72,2024-01-28,235.8,0.742,10.617120106171201,30.14,129.86,False,False,20926.399999999998,5.308560053085601,False
ITM10575,Automotive,192,10,4,6,6.13,8.49,0.69,L95,B,46,2.44,82.38,1.68,5,0.9,627,13.18,0.23,2024-07-02,184.71,0.534,31.32137030995106,36.78,155.22,False,False,15816.96,5.220228384991843,False
ITM10576,Apparel,29,38,3,2,38.41,1.89,0.82,L86,B,135,0.68,73.93,0.64,4,0.74,346,5.56,0.55,2024-01-05,91.07,0.588,0.7550117156990368,76.82,-47.81999999999999,True,True,2143.9700000000003,0.3775058578495184,False
ITM10577,Pharma,247,72,8,8,26.03,8.97,0.67,L26,D,153,0.58,64.96,0.5,0,0.95,841,7.35,0.97,2024-09-05,127.97,0.832,9.489051094890511,208.24,38.75999999999999,False,False,16045.119999999999,1.186131386861314,False
ITM10578,Apparel,284,81,12,9,28.28,4.77,0.16,L47,A,48,3.41,75.67,0.21,7,0.86,995,14.77,0.91,2024-03-10,286.75,0.79,10.042432814710041,254.52,29.47999999999999,False,False,21490.28,1.1158258683011157,False
ITM10579,Pharma,457,65,10,7,21.15,5.72,0.41,L56,C,118,2.93,159.48,1.51,9,0.99,310,13.93,0.38,2024-04-09,243.11,0.529,21.607565011820334,148.04999999999998,308.95000000000005,False,False,72882.36,3.086795001688619,False
ITM10580,Pharma,267,77,12,7,23.56,9.02,0.99,L9,D,73,2.94,56.58,1.07,1,0.83,838,14.68,0.9,2024-07-15,45.98,0.815,11.332767402376911,164.92,102.08000000000001,False,False,15106.859999999999,1.6189667717681302,False
ITM10581,Automotive,266,44,12,4,6.68,3.35,0.28,L86,D,32,4.06,139.58,0.32,3,0.76,567,7.06,0.43,2024-10-14,168.16,0.64,39.82035928143713,26.72,239.28,False,False,37128.280000000006,9.955089820359282,False
ITM10582,Electronics,174,12,4,8,33.97,2.23,0.63,L43,A,41,2.19,181.12,0.52,2,0.8,181,12.21,0.88,2024-09-15,279.99,0.807,5.122166617603768,271.76,-97.75999999999999,False,True,31514.88,0.640270827200471,False
ITM10583,Electronics,53,16,11,2,22.19,4.73,0.86,L80,B,132,4.98,76.58,2.0,5,0.92,826,13.2,0.78,2024-11-30,19.95,0.616,2.388463271744029,44.38,8.619999999999997,False,False,4058.74,1.1942316358720144,False
ITM10584,Groceries,148,36,5,5,41.02,2.82,0.63,L41,D,28,4.75,15.61,1.63,0,0.9,374,1.62,0.48,2024-09-10,22.34,0.535,3.607996099463676,205.10000000000002,-57.10000000000002,False,True,2310.2799999999997,0.7215992198927352,False
ITM10585,Automotive,179,10,10,6,10.62,5.51,0.44,L85,B,115,0.56,14.68,0.76,8,0.93,117,4.73,0.93,2024-07-28,217.85,0.599,16.854990583804145,63.72,115.28,False,False,2627.72,2.8091650973006907,False
ITM10586,Pharma,108,89,14,8,11.05,3.11,0.17,L16,C,76,4.53,36.51,1.13,4,0.72,175,13.37,0.59,2024-12-16,176.91,0.647,9.773755656108596,88.4,19.599999999999994,False,False,3943.08,1.2217194570135745,False
ITM10587,Electronics,112,80,10,2,32.64,8.71,0.43,L93,A,176,3.56,30.91,0.89,4,0.87,442,6.44,0.45,2024-09-08,23.34,0.581,3.4313725490196076,65.28,46.72,False,False,3461.92,1.7156862745098038,False
ITM10588,Pharma,346,53,5,7,42.45,6.27,0.26,L39,B,98,2.76,152.14,0.17,3,0.98,451,4.9,0.42,2024-07-31,298.84,0.668,8.150765606595995,297.15000000000003,48.849999999999966,False,False,52640.439999999995,1.1643950866565707,False
ITM10589,Electronics,260,96,5,7,24.14,0.5,0.96,L65,D,69,3.12,66.02,1.58,3,0.73,876,4.82,0.95,2024-12-29,178.23,0.582,10.770505385252692,168.98000000000002,91.01999999999998,False,False,17165.2,1.5386436264646703,False
ITM10590,Electronics,342,50,14,6,36.62,8.15,0.74,L40,A,20,4.29,133.98,1.46,0,0.73,732,6.26,0.81,2024-08-15,152.66,0.645,9.339158929546697,219.71999999999997,122.28000000000003,False,False,45821.159999999996,1.5565264882577827,False
ITM10591,Electronics,487,84,8,5,49.97,3.64,0.77,L86,A,58,4.78,18.07,0.88,8,0.91,385,4.42,0.48,2024-09-07,139.83,0.489,9.745847508505102,249.85,237.15,False,False,8800.09,1.9491695017010204,False
ITM10592,Automotive,423,51,3,2,49.52,3.54,0.49,L53,A,152,3.02,66.19,1.71,8,0.79,78,1.05,0.4,2024-03-26,213.2,0.321,8.54200323101777,99.04,323.96,False,False,27998.37,4.271001615508885,False
ITM10593,Apparel,136,42,6,2,37.47,4.14,0.2,L42,A,137,1.32,54.49,1.12,3,0.9,737,3.42,0.37,2024-02-12,142.92,0.528,3.629570322925007,74.94,61.06,False,False,7410.64,1.8147851614625035,False
ITM10594,Pharma,113,59,3,5,37.24,6.49,0.34,L52,A,70,3.38,62.61,0.22,9,0.86,868,13.36,0.4,2024-10-16,201.13,0.628,3.0343716433941994,186.20000000000002,-73.20000000000002,False,True,7074.93,0.6068743286788398,False
ITM10595,Automotive,182,72,5,5,13.13,4.7,0.33,L90,C,152,0.84,46.24,0.59,9,1.0,987,2.06,0.29,2024-01-16,151.62,0.446,13.861386138613861,65.65,116.35,False,False,8415.68,2.772277227722772,False
ITM10596,Automotive,118,46,11,5,41.84,6.47,0.54,L38,C,14,3.36,127.4,0.98,3,0.97,853,6.78,0.59,2024-04-22,187.11,0.644,2.820267686424474,209.20000000000002,-91.20000000000002,False,True,15033.2,0.5640535372848948,False
ITM10597,Automotive,132,68,7,7,20.85,1.89,0.51,L71,A,38,4.14,135.91,0.3,6,0.9,893,7.39,0.23,2024-05-29,243.5,0.575,6.330935251798561,145.95000000000002,-13.950000000000017,False,True,17940.12,0.9044193216855086,False
ITM10598,Automotive,378,90,14,6,48.14,9.72,0.49,L17,D,78,2.09,38.21,1.19,3,0.78,666,11.89,0.21,2024-01-17,246.98,0.578,7.852098047361861,288.84000000000003,89.15999999999997,False,False,14443.380000000001,1.3086830078936436,False
ITM10599,Automotive,110,57,7,8,4.99,7.43,0.55,L25,D,159,0.82,150.82,0.33,0,0.78,94,4.54,0.69,2024-05-20,256.22,0.722,22.044088176352705,39.92,70.08,False,False,16590.2,2.755511022044088,False
ITM10600,Groceries,365,14,13,9,22.36,2.88,0.99,L54,C,22,3.62,57.51,0.48,8,0.96,150,5.33,0.27,2024-04-25,68.86,0.509,16.323792486583184,201.24,163.76,False,False,20991.149999999998,1.8137547207314648,False
ITM10601,Pharma,225,57,6,5,28.24,7.38,0.37,L86,B,125,2.03,63.76,1.8,1,0.88,275,1.2,0.88,2024-10-02,27.72,0.568,7.967422096317281,141.2,83.80000000000001,False,False,14346.0,1.5934844192634563,False
ITM10602,Automotive,36,12,5,6,20.85,5.96,0.65,L49,A,119,1.62,167.47,2.0,4,0.94,468,13.64,0.29,2024-05-27,252.48,0.548,1.7266187050359711,125.10000000000001,-89.10000000000001,False,True,6028.92,0.28776978417266186,False
ITM10603,Pharma,293,56,7,4,11.32,1.54,0.32,L87,D,166,3.6,181.22,1.15,3,0.83,665,10.6,0.63,2024-03-27,22.27,0.658,25.88339222614841,45.28,247.72,False,False,53097.46,6.470848056537102,False
ITM10604,Groceries,192,71,13,2,30.06,2.19,0.52,L96,C,89,4.86,166.7,1.28,7,0.73,311,4.68,0.74,2024-08-22,71.91,0.488,6.387225548902196,60.12,131.88,False,False,32006.399999999998,3.193612774451098,False
ITM10605,Groceries,135,23,6,2,38.04,0.89,0.28,L23,C,109,3.85,38.07,1.62,5,0.8,814,13.43,0.38,2024-10-16,162.6,0.553,3.548895899053628,76.08,58.92,False,False,5139.45,1.774447949526814,False
ITM10606,Pharma,368,72,10,9,32.6,8.19,0.6,L79,B,26,2.71,199.86,1.42,6,0.75,726,2.21,0.91,2024-09-10,258.08,0.499,11.288343558282207,293.40000000000003,74.59999999999997,False,False,73548.48000000001,1.2542603953646898,False
ITM10607,Electronics,487,70,6,9,12.49,5.74,0.34,L73,B,157,3.2,137.71,0.45,1,0.93,341,6.16,0.59,2024-10-08,270.07,0.721,38.99119295436349,112.41,374.59000000000003,False,False,67064.77,4.332354772707054,False
ITM10608,Apparel,200,40,13,3,36.85,3.51,0.13,L39,D,123,1.14,107.03,0.88,3,0.91,261,8.89,0.45,2024-09-18,192.13,0.643,5.4274084124830395,110.55000000000001,89.44999999999999,False,False,21406.0,1.8091361374943464,False
ITM10609,Electronics,110,26,14,4,13.59,1.7,0.83,L52,B,15,4.16,191.42,1.12,3,0.73,705,8.08,0.92,2024-02-27,290.36,0.666,8.094186902133922,54.36,55.64,False,False,21056.199999999997,2.0235467255334805,False
ITM10610,Electronics,101,33,10,8,9.58,5.1,0.22,L71,B,31,3.22,165.3,0.78,1,0.89,505,10.17,0.89,2024-10-20,221.68,0.794,10.542797494780793,76.64,24.36,False,False,16695.300000000003,1.317849686847599,False
ITM10611,Electronics,343,32,8,9,34.84,5.49,0.43,L1,A,146,4.85,141.43,0.43,9,0.96,285,5.17,0.77,2024-02-28,163.04,0.592,9.845005740528128,313.56000000000006,29.43999999999994,False,False,48510.490000000005,1.0938895267253477,False
ITM10612,Automotive,468,91,14,5,42.3,7.17,0.53,L39,C,169,4.91,169.3,1.5,3,0.91,583,11.61,0.43,2024-05-17,48.97,0.613,11.063829787234043,211.5,256.5,False,False,79232.40000000001,2.2127659574468086,False
ITM10613,Groceries,133,59,13,5,24.6,9.71,0.49,L37,C,97,2.1,83.24,0.48,8,0.85,118,6.68,0.51,2024-10-05,134.35,0.553,5.40650406504065,123.0,10.0,False,False,11070.92,1.08130081300813,False
ITM10614,Electronics,276,87,7,8,27.04,4.63,0.75,L27,B,42,4.95,140.04,0.59,7,0.79,630,2.75,0.75,2024-07-06,248.48,0.546,10.207100591715976,216.32,59.68000000000001,False,False,38651.04,1.275887573964497,False
ITM10615,Groceries,77,88,6,7,15.83,4.36,0.64,L56,C,79,4.81,46.21,0.64,0,0.97,295,11.37,0.35,2024-10-04,92.26,0.752,4.864181933038535,110.81,-33.81,True,True,3558.17,0.6948831332912192,False
ITM10616,Pharma,173,88,6,4,25.24,4.01,0.37,L75,C,58,3.38,197.72,0.41,7,0.83,624,13.77,0.6,2024-01-22,177.7,0.689,6.85419968304279,100.96,72.04,False,False,34205.56,1.7135499207606975,False
ITM10617,Apparel,384,79,14,5,7.47,8.36,0.15,L78,D,113,2.0,121.91,1.71,8,0.96,286,6.1,0.79,2024-08-13,295.2,0.5,51.40562248995984,37.35,346.65,False,False,46813.44,10.281124497991968,False
ITM10618,Pharma,423,36,6,9,47.84,1.99,0.79,L84,C,167,3.89,164.71,1.26,7,0.93,380,9.26,0.73,2024-10-06,60.58,0.589,8.841973244147157,430.56000000000006,-7.560000000000059,False,True,69672.33,0.9824414715719063,False
ITM10619,Pharma,135,24,13,3,40.22,3.77,0.42,L42,B,111,1.72,87.39,1.69,9,0.94,412,10.63,0.78,2024-04-21,39.42,0.537,3.356539035305818,120.66,14.340000000000003,False,False,11797.65,1.1188463451019393,False
ITM10620,Automotive,362,59,11,6,33.73,7.39,0.9,L60,D,153,3.33,154.13,1.04,0,1.0,580,12.64,0.91,2024-08-05,240.72,0.847,10.732285798991997,202.38,159.62,False,False,55795.06,1.7887142998319996,False
ITM10621,Apparel,285,45,6,2,27.37,0.65,0.46,L57,C,115,0.61,83.6,1.09,7,0.92,792,3.77,0.97,2024-02-22,17.23,0.579,10.41286079649251,54.74,230.26,False,False,23826.0,5.206430398246255,False
ITM10622,Pharma,334,17,14,4,39.82,3.25,0.75,L57,C,91,3.33,122.1,1.27,4,0.71,514,8.98,0.57,2024-11-30,196.54,0.569,8.387744851833249,159.28,174.72,False,False,40781.4,2.0969362129583122,False
ITM10623,Pharma,222,88,11,2,25.24,6.59,0.95,L87,D,95,4.78,157.85,0.8,8,0.76,278,11.37,0.25,2024-05-06,107.37,0.514,8.795562599049129,50.48,171.52,False,False,35042.7,4.397781299524564,False
ITM10624,Apparel,60,12,12,6,15.7,2.27,0.69,L28,D,23,1.56,32.13,1.04,8,0.71,919,3.79,0.87,2024-06-01,219.91,0.503,3.821656050955414,94.19999999999999,-34.19999999999999,False,True,1927.8000000000002,0.6369426751592356,False
ITM10625,Apparel,124,71,8,4,8.86,3.38,0.47,L66,C,174,4.0,77.79,1.14,5,0.76,558,7.61,0.29,2024-01-17,44.87,0.497,13.995485327313771,35.44,88.56,False,False,9645.960000000001,3.498871331828443,False
ITM10626,Pharma,408,56,12,9,32.73,5.12,0.61,L61,A,58,1.82,113.54,1.91,2,0.72,431,7.5,0.38,2024-08-18,105.71,0.489,12.46562786434464,294.57,113.43,False,False,46324.32,1.38506976270496,False
ITM10627,Apparel,397,86,9,6,46.54,4.51,0.59,L95,A,59,3.69,73.46,1.78,6,0.85,176,12.75,0.72,2024-05-14,14.94,0.586,8.530296519123334,279.24,117.75999999999999,False,False,29163.62,1.4217160865205558,False
ITM10628,Pharma,212,97,14,5,8.53,1.51,0.63,L22,C,173,3.65,68.74,0.35,2,0.71,707,11.88,0.8,2024-06-27,78.18,0.785,24.85345838218054,42.65,169.35,False,False,14572.88,4.970691676436108,False
ITM10629,Pharma,420,70,12,8,9.82,9.41,0.23,L85,C,32,1.33,63.52,0.18,6,0.84,931,4.25,0.76,2024-02-14,150.15,0.639,42.76985743380855,78.56,341.44,False,False,26678.4,5.346232179226069,False
ITM10630,Automotive,297,41,5,5,22.25,0.92,0.73,L11,D,75,3.19,53.28,1.39,7,0.97,890,4.26,0.55,2024-08-12,61.51,0.482,13.348314606741573,111.25,185.75,False,False,15824.16,2.6696629213483147,False
ITM10631,Electronics,373,22,10,9,40.54,7.62,0.23,L37,D,124,4.37,171.29,0.19,4,0.92,163,11.13,0.93,2024-03-01,183.9,0.819,9.200789343857918,364.86,8.139999999999986,False,False,63891.17,1.0223099270953242,False
ITM10632,Pharma,256,10,5,8,15.4,1.18,0.11,L66,C,37,2.22,185.5,0.21,4,0.98,292,11.35,0.87,2024-05-01,44.26,0.82,16.623376623376622,123.2,132.8,False,False,47488.0,2.0779220779220777,False
ITM10633,Groceries,444,43,3,5,13.44,4.94,0.66,L85,C,29,3.7,143.03,0.4,3,0.77,194,3.5,0.73,2024-04-17,226.11,0.647,33.035714285714285,67.2,376.8,False,False,63505.32,6.607142857142857,False
ITM10634,Electronics,240,71,12,6,31.38,2.17,0.21,L82,C,130,3.53,15.7,0.77,2,0.86,602,6.76,0.55,2024-10-28,277.28,0.655,7.648183556405354,188.28,51.72,False,False,3768.0,1.2746972594008923,False
ITM10635,Electronics,87,88,14,6,27.25,1.84,0.79,L80,C,106,1.66,159.38,0.93,7,0.8,722,12.56,0.57,2024-12-18,121.92,0.608,3.1926605504587156,163.5,-76.5,True,True,13866.06,0.5321100917431193,False
ITM10636,Electronics,216,87,7,6,3.95,1.7,0.88,L43,A,128,4.63,111.07,1.09,5,0.85,488,2.11,0.34,2024-06-28,163.18,0.457,54.68354430379747,23.700000000000003,192.3,False,False,23991.12,9.113924050632912,False
ITM10637,Automotive,275,91,4,2,4.99,4.8,0.95,L12,D,118,3.04,154.04,1.99,5,0.87,387,6.23,0.82,2024-12-29,151.67,0.522,55.11022044088176,9.98,265.02,False,False,42361.0,27.55511022044088,False
ITM10638,Pharma,158,80,12,9,32.51,5.4,0.7,L97,B,35,2.1,93.09,0.83,1,0.71,457,10.02,0.89,2024-11-08,237.76,0.751,4.860043063672716,292.59,-134.58999999999997,False,True,14708.220000000001,0.540004784852524,False
ITM10639,Automotive,331,40,8,6,23.79,1.77,0.53,L31,C,156,1.24,17.84,0.56,3,0.77,638,11.8,0.86,2024-11-19,298.32,0.767,13.913408995376209,142.74,188.26,False,False,5905.04,2.318901499229368,False
ITM10640,Pharma,454,73,12,5,48.58,9.8,0.42,L87,C,115,2.63,139.53,1.19,4,0.91,217,10.14,0.64,2024-08-07,223.35,0.646,9.345409633594072,242.89999999999998,211.10000000000002,False,False,63346.62,1.8690819267188143,False
ITM10641,Automotive,168,34,11,3,34.25,2.95,0.54,L40,C,150,3.79,94.38,0.51,9,0.93,845,6.57,0.87,2024-03-25,72.21,0.617,4.905109489051095,102.75,65.25,False,False,15855.84,1.635036496350365,False
ITM10642,Automotive,118,47,3,9,1.49,4.86,0.27,L29,B,71,3.31,176.07,1.89,4,0.87,671,14.89,0.83,2024-11-11,211.86,0.67,79.19463087248322,13.41,104.59,False,False,20776.26,8.799403430275913,False
ITM10643,Groceries,95,23,6,6,24.57,2.55,0.41,L26,D,135,3.77,150.25,0.59,2,0.78,756,1.58,0.87,2024-03-12,188.57,0.652,3.8665038665038662,147.42000000000002,-52.420000000000016,False,True,14273.75,0.6444173110839777,False
ITM10644,Automotive,301,17,3,3,21.31,5.19,0.75,L19,D,151,4.06,78.32,1.98,9,0.82,789,7.93,0.99,2024-04-15,70.93,0.49,14.124824026278743,63.92999999999999,237.07,False,False,23574.32,4.708274675426248,False
ITM10645,Apparel,390,63,3,8,6.23,7.68,0.3,L4,C,148,2.48,147.58,0.9,4,0.73,216,8.14,0.85,2024-04-15,79.88,0.655,62.600321027287315,49.84,340.15999999999997,False,False,57556.200000000004,7.825040128410914,False
ITM10646,Groceries,422,11,10,5,46.24,5.45,0.34,L6,C,76,2.84,104.09,1.64,4,0.99,582,4.36,0.42,2024-01-31,199.31,0.496,9.126297577854672,231.20000000000002,190.79999999999998,False,False,43925.98,1.8252595155709344,False
ITM10647,Automotive,128,90,13,6,40.45,3.21,0.77,L32,D,21,4.94,47.89,1.33,1,0.96,214,8.82,0.86,2024-10-18,244.27,0.729,3.164400494437577,242.70000000000002,-114.70000000000002,False,True,6129.92,0.5274000824062629,False
ITM10648,Electronics,207,87,4,2,12.27,2.86,0.26,L61,B,44,4.86,89.78,1.87,4,0.72,691,4.08,0.5,2024-06-28,231.1,0.431,16.87041564792176,24.54,182.46,False,False,18584.46,8.43520782396088,False
ITM10649,Apparel,218,98,3,2,13.54,7.71,0.32,L79,C,119,2.37,52.29,1.29,2,0.75,311,7.21,0.61,2024-09-29,185.86,0.599,16.100443131462335,27.08,190.92000000000002,False,False,11399.22,8.050221565731167,False
ITM10650,Apparel,322,65,13,8,2.57,1.62,0.12,L99,B,176,3.58,10.95,1.2,2,0.87,613,7.04,0.84,2024-05-23,281.89,0.676,125.29182879377433,20.56,301.44,False,False,3525.8999999999996,15.661478599221791,False
ITM10651,Apparel,346,93,10,3,15.54,4.01,0.75,L10,B,169,1.7,56.89,1.34,4,0.77,310,11.82,0.45,2024-11-01,222.0,0.588,22.265122265122265,46.62,299.38,False,False,19683.94,7.4217074217074215,False
ITM10652,Groceries,173,94,6,7,29.65,1.94,0.66,L59,D,23,1.19,49.81,1.59,8,0.98,224,14.2,0.22,2024-10-02,167.16,0.51,5.834738617200675,207.54999999999998,-34.54999999999998,False,True,8617.130000000001,0.8335340881715251,False
ITM10653,Automotive,59,70,5,2,21.62,2.95,0.72,L54,C,164,3.96,10.82,1.81,1,0.93,860,3.84,0.77,2024-03-27,246.7,0.59,2.72895467160037,43.24,15.759999999999998,True,False,638.38,1.364477335800185,False
ITM10654,Automotive,152,31,14,9,48.49,1.95,0.29,L81,A,110,2.46,158.95,0.61,8,0.78,145,14.88,0.92,2024-06-14,94.24,0.717,3.134666941637451,436.41,-284.41,False,True,24160.399999999998,0.3482963268486057,False
ITM10655,Electronics,424,44,6,2,3.75,8.92,0.72,L74,D,69,1.3,24.63,0.48,2,0.7,406,14.16,0.94,2024-12-26,86.41,0.829,113.06666666666666,7.5,416.5,False,False,10443.119999999999,56.53333333333333,False
ITM10656,Electronics,481,25,13,2,29.98,7.45,0.64,L25,D,52,3.91,95.32,0.17,6,0.94,419,2.58,0.84,2024-05-29,291.72,0.653,16.044029352901934,59.96,421.04,False,False,45848.92,8.022014676450967,False
ITM10657,Apparel,151,59,7,5,43.06,5.83,0.43,L92,A,64,4.62,89.4,0.8,0,0.83,601,13.77,0.95,2024-05-28,285.45,0.86,3.506734788666976,215.3,-64.30000000000001,False,True,13499.400000000001,0.7013469577333952,False
ITM10658,Electronics,298,52,3,2,24.56,2.63,0.49,L90,C,118,4.7,44.47,1.71,0,0.89,956,8.9,0.86,2024-10-20,265.35,0.698,12.133550488599349,49.12,248.88,False,False,13252.06,6.0667752442996745,False
ITM10659,Groceries,381,26,13,4,1.15,5.35,0.61,L50,B,102,3.18,193.71,0.23,7,0.79,770,13.31,0.22,2024-05-16,72.17,0.616,331.304347826087,4.6,376.4,False,False,73803.51000000001,82.82608695652175,False
ITM10660,Automotive,103,89,3,6,12.9,5.45,0.54,L64,B,172,2.66,124.71,1.12,8,0.74,191,14.24,0.48,2024-09-20,180.43,0.562,7.984496124031008,77.4,25.599999999999994,False,False,12845.13,1.330749354005168,False
ITM10661,Apparel,418,67,5,8,16.86,6.11,0.68,L52,B,104,1.14,164.57,1.42,2,0.9,819,13.02,0.47,2024-12-13,165.16,0.666,24.79240806642942,134.88,283.12,False,False,68790.26,3.0990510083036775,False
ITM10662,Electronics,261,11,8,2,48.33,1.07,0.26,L32,C,169,4.07,104.27,1.69,5,0.84,216,6.64,0.38,2024-02-18,68.9,0.464,5.400372439478585,96.66,164.34,False,False,27214.469999999998,2.7001862197392925,False
ITM10663,Groceries,135,13,3,7,45.68,9.74,0.59,L19,D,156,4.75,147.33,1.21,2,0.77,752,9.91,0.84,2024-03-10,139.86,0.693,2.955341506129597,319.76,-184.76,False,True,19889.550000000003,0.4221916437327996,False
ITM10664,Groceries,128,94,13,9,47.51,4.92,0.51,L84,D,104,4.5,194.26,0.45,5,0.74,368,7.51,0.62,2024-07-29,144.89,0.627,2.6941696484950537,427.59,-299.59,False,True,24865.28,0.29935218316611706,False
ITM10665,Electronics,240,48,14,7,41.46,9.3,0.51,L89,D,176,3.88,76.2,1.93,6,0.87,680,6.13,0.87,2024-01-31,79.78,0.517,5.788712011577424,290.22,-50.22000000000003,False,True,18288.0,0.8269588587967748,False
ITM10666,Automotive,411,15,4,2,18.23,0.59,0.52,L1,D,157,0.52,105.81,0.28,4,0.92,707,4.51,0.68,2024-05-21,286.92,0.672,22.545255074053756,36.46,374.54,False,False,43487.91,11.272627537026878,True
ITM10667,Electronics,60,90,14,2,45.39,2.85,0.89,L97,D,37,2.33,107.76,1.56,2,0.79,911,7.18,0.67,2024-12-01,152.89,0.592,1.3218770654329148,90.78,-30.78,True,True,6465.6,0.6609385327164574,False
ITM10668,Apparel,387,98,9,4,49.1,1.49,0.84,L99,A,12,2.35,198.48,0.26,7,0.92,384,12.28,0.51,2024-03-05,162.22,0.684,7.8818737270875765,196.4,190.6,False,False,76811.76,1.9704684317718941,False
ITM10669,Electronics,166,78,3,2,18.15,7.81,0.67,L14,B,169,4.52,54.29,0.37,4,0.75,523,12.82,0.83,2024-12-25,183.59,0.77,9.146005509641874,36.3,129.7,False,False,9012.14,4.573002754820937,False
ITM10670,Groceries,131,78,9,2,13.77,3.54,0.74,L100,B,95,0.8,138.31,1.81,0,0.8,690,14.41,0.75,2024-03-08,267.22,0.721,9.513435003631082,27.54,103.46000000000001,False,False,18118.61,4.756717501815541,False
ITM10671,Electronics,122,29,6,6,27.8,8.48,0.14,L55,C,117,2.89,36.26,1.53,8,0.92,194,5.07,0.47,2024-05-07,164.66,0.433,4.388489208633094,166.8,-44.80000000000001,False,True,4423.719999999999,0.7314148681055156,False
ITM10672,Automotive,65,73,12,7,10.17,8.41,0.77,L29,A,179,1.11,186.14,0.79,2,0.9,103,10.11,0.99,2024-03-15,166.88,0.794,6.391347099311701,71.19,-6.189999999999998,True,True,12099.099999999999,0.9130495856159573,False
ITM10673,Pharma,431,25,8,4,2.6,6.84,0.54,L23,D,126,3.48,122.17,1.31,1,0.78,171,10.71,0.57,2024-12-30,79.66,0.662,165.76923076923077,10.4,420.6,False,False,52655.270000000004,41.44230769230769,False
ITM10674,Electronics,494,60,10,7,47.35,6.82,0.39,L90,D,117,4.07,173.29,0.97,2,0.74,173,3.68,0.45,2024-06-13,184.82,0.55,10.432946145723337,331.45,162.55,False,False,85605.26,1.4904208779604766,False
ITM10675,Automotive,343,46,11,4,46.36,7.15,0.23,L67,D,24,3.39,180.1,0.23,6,0.71,216,6.14,0.75,2024-05-06,120.53,0.631,7.398619499568594,185.44,157.56,False,False,61774.299999999996,1.8496548748921484,False
ITM10676,Automotive,397,82,8,7,8.97,6.9,0.17,L60,A,71,4.08,115.85,1.47,9,0.95,993,5.79,0.38,2024-12-12,197.57,0.416,44.25863991081382,62.790000000000006,334.21,False,False,45992.45,6.322662844401974,False
ITM10677,Groceries,290,78,14,2,20.98,4.18,0.14,L7,C,40,3.23,139.58,1.55,7,0.72,883,14.8,0.86,2024-07-20,97.22,0.618,13.822688274547188,41.96,248.04,False,False,40478.200000000004,6.911344137273594,False
ITM10678,Automotive,440,51,13,7,41.72,6.99,0.25,L72,A,35,1.35,142.76,1.78,1,0.73,704,14.42,0.74,2024-09-07,217.56,0.688,10.546500479386387,292.03999999999996,147.96000000000004,False,False,62814.399999999994,1.5066429256266267,False
ITM10679,Automotive,404,66,11,7,33.39,9.03,0.13,L32,C,157,2.22,97.49,1.13,6,0.77,71,12.5,0.9,2024-03-13,189.48,0.668,12.099430967355495,233.73000000000002,170.26999999999998,False,False,39385.96,1.7284901381936422,False
ITM10680,Automotive,214,75,6,4,20.34,3.66,0.76,L16,B,75,4.81,92.62,1.38,4,0.83,325,7.62,0.46,2024-10-22,147.6,0.542,10.521140609636184,81.36,132.64,False,False,19820.68,2.630285152409046,False
ITM10681,Automotive,386,18,8,8,37.46,9.48,0.32,L59,C,158,1.8,45.38,0.93,8,0.94,910,4.7,0.88,2024-11-19,38.04,0.574,10.304324612920448,299.68,86.32,False,False,17516.68,1.288040576615056,False
ITM10682,Apparel,299,95,10,3,44.96,0.63,0.43,L18,B,124,0.78,82.94,0.71,6,0.77,988,13.82,0.6,2024-05-17,191.82,0.667,6.650355871886121,134.88,164.12,False,False,24799.059999999998,2.216785290628707,False
ITM10683,Apparel,302,73,11,4,46.38,3.82,0.84,L60,C,69,2.23,198.24,0.88,0,0.86,457,4.75,0.25,2024-11-17,259.19,0.597,6.511427339370418,185.52,116.47999999999999,False,False,59868.48,1.6278568348426046,False
ITM10684,Groceries,59,95,5,4,19.56,1.75,0.2,L86,B,72,2.15,61.27,1.83,0,0.73,531,8.31,0.36,2024-07-31,59.61,0.546,3.016359918200409,78.24,-19.239999999999995,True,True,3614.9300000000003,0.7540899795501023,False
ITM10685,Electronics,466,31,4,4,9.5,1.7,0.85,L68,B,110,2.62,154.86,0.41,5,0.84,348,4.43,0.37,2024-07-11,34.57,0.56,49.05263157894737,38.0,428.0,False,False,72164.76000000001,12.263157894736842,True
ITM10686,Automotive,208,43,8,5,45.73,8.25,0.68,L72,D,176,3.02,21.28,0.57,8,0.75,326,14.6,0.81,2024-08-19,21.47,0.69,4.548436474961732,228.64999999999998,-20.649999999999977,False,True,4426.24,0.9096872949923464,False
ITM10687,Electronics,183,64,6,8,5.54,9.22,0.41,L77,C,109,4.97,98.82,1.25,0,0.76,865,1.58,0.36,2024-02-08,19.23,0.52,33.03249097472924,44.32,138.68,False,False,18084.059999999998,4.129061371841155,False
ITM10688,Electronics,496,38,3,5,36.36,7.89,0.21,L41,D,148,3.9,21.1,0.32,2,0.81,371,3.44,0.65,2024-11-20,254.2,0.666,13.641364136413642,181.8,314.2,False,False,10465.6,2.7282728272827286,False
ITM10689,Groceries,43,47,10,5,7.88,9.78,0.18,L97,B,128,0.66,100.4,1.79,4,0.93,164,11.71,0.72,2024-02-17,221.01,0.627,5.456852791878172,39.4,3.6000000000000014,True,False,4317.2,1.0913705583756346,False
ITM10690,Automotive,43,27,11,4,20.08,2.56,0.4,L57,D,66,3.71,15.23,0.19,3,0.92,321,3.12,0.82,2024-07-25,68.67,0.711,2.1414342629482075,80.32,-37.31999999999999,False,True,654.89,0.5353585657370519,False
ITM10691,Automotive,23,80,11,3,21.17,1.84,0.23,L79,A,140,4.21,126.53,1.54,0,0.82,217,14.71,0.83,2024-09-20,275.96,0.772,1.086443079829948,63.510000000000005,-40.510000000000005,True,True,2910.19,0.36214769327664936,False
ITM10692,Pharma,342,74,4,4,8.78,5.45,0.34,L93,D,46,4.53,121.44,0.81,9,0.74,838,5.5,0.77,2024-05-22,49.25,0.514,38.95216400911162,35.12,306.88,False,False,41532.479999999996,9.738041002277905,False
ITM10693,Electronics,309,10,11,2,46.21,8.38,0.15,L65,C,120,2.41,161.59,0.2,3,0.78,485,13.86,0.37,2024-12-21,118.51,0.735,6.686864315083315,92.42,216.57999999999998,False,False,49931.31,3.3434321575416575,False
ITM10694,Electronics,460,97,9,3,1.13,0.88,0.64,L55,D,162,1.91,120.82,1.7,3,0.85,918,10.27,0.63,2024-07-07,141.11,0.603,407.07964601769913,3.3899999999999997,456.61,False,False,55577.2,135.69321533923303,False
ITM10695,Apparel,452,13,7,5,44.8,9.96,0.23,L71,A,158,4.28,185.94,1.32,9,0.96,313,9.88,0.43,2024-08-20,32.01,0.498,10.089285714285715,224.0,228.0,False,False,84044.88,2.0178571428571432,False
ITM10696,Pharma,490,13,9,9,44.31,6.22,0.78,L58,D,121,4.0,158.79,0.12,3,0.99,299,13.82,0.82,2024-09-06,110.77,0.874,11.058451816745656,398.79,91.20999999999998,False,False,77807.09999999999,1.2287168685272951,False
ITM10697,Apparel,200,91,11,7,16.53,9.8,0.3,L21,B,179,2.91,35.2,0.61,2,0.89,511,8.19,0.8,2024-06-16,39.55,0.746,12.099213551119176,115.71000000000001,84.28999999999999,False,False,7040.000000000001,1.7284590787313108,False
ITM10698,Apparel,267,36,10,7,35.51,3.97,0.82,L96,B,10,1.03,60.44,0.77,6,0.81,927,6.61,0.38,2024-10-24,239.03,0.529,7.51900872993523,248.57,18.430000000000007,False,False,16137.48,1.0741441042764615,False
ITM10699,Apparel,135,52,8,8,13.39,4.85,0.27,L61,B,32,3.43,14.98,0.71,0,0.91,488,4.05,0.71,2024-01-02,23.58,0.707,10.082150858849888,107.12,27.879999999999995,False,False,2022.3,1.260268857356236,False
ITM10700,Groceries,298,68,6,9,38.18,7.65,0.75,L58,C,116,0.8,83.37,1.05,1,0.8,816,3.02,0.25,2024-02-17,14.97,0.525,7.805133577789419,343.62,-45.620000000000005,False,True,24844.260000000002,0.8672370641988243,False
ITM10701,Groceries,384,41,3,6,28.49,8.03,0.4,L34,D,122,0.95,106.81,1.1,0,0.89,391,12.08,0.81,2024-08-22,222.42,0.791,13.47841347841348,170.94,213.06,False,False,41015.04,2.2464022464022464,False
ITM10702,Apparel,88,42,8,8,15.71,2.71,0.62,L97,B,161,1.99,189.73,0.85,3,0.77,515,2.79,0.82,2024-11-21,236.45,0.61,5.601527689369828,125.68,-37.68000000000001,False,True,16696.239999999998,0.7001909611712285,False
ITM10703,Pharma,370,37,5,3,20.61,9.33,0.13,L32,D,98,2.17,109.23,0.73,4,0.78,107,6.52,0.48,2024-12-06,153.73,0.586,17.952450266860748,61.83,308.17,False,False,40415.1,5.984150088953583,False
ITM10704,Electronics,273,64,8,5,34.8,8.74,0.55,L82,A,144,2.58,158.4,1.06,9,0.72,54,6.73,0.85,2024-12-23,102.18,0.518,7.844827586206897,174.0,99.0,False,False,43243.200000000004,1.5689655172413794,False
ITM10705,Pharma,200,69,8,3,45.4,0.67,0.23,L36,A,47,2.03,60.92,0.16,4,0.83,987,10.3,0.89,2024-07-02,78.57,0.785,4.405286343612335,136.2,63.80000000000001,False,False,12184.0,1.4684287812041117,False
ITM10706,Automotive,337,79,6,3,7.41,1.72,0.54,L99,C,56,0.65,39.1,1.33,1,0.89,672,4.9,0.35,2024-02-02,43.94,0.56,45.47908232118758,22.23,314.77,False,False,13176.7,15.159694107062528,False
ITM10707,Groceries,188,71,4,7,29.0,5.21,0.23,L100,D,112,1.21,164.06,1.25,2,0.94,926,12.74,0.48,2024-09-30,150.43,0.689,6.482758620689655,203.0,-15.0,False,True,30843.28,0.9261083743842364,False
ITM10708,Electronics,332,89,11,4,13.43,4.88,0.49,L67,A,172,1.02,57.01,0.63,3,0.94,847,3.9,0.41,2024-07-22,152.42,0.599,24.72077438570365,53.72,278.28,False,False,18927.32,6.180193596425912,False
ITM10709,Electronics,268,43,4,2,40.27,7.23,0.2,L63,C,71,2.44,175.55,0.44,9,1.0,912,12.05,0.5,2024-04-21,142.23,0.637,6.65507822200149,80.54,187.45999999999998,False,False,47047.4,3.327539111000745,False
ITM10710,Automotive,207,96,5,6,4.44,1.35,0.3,L81,C,82,1.45,42.27,0.24,5,0.73,314,12.9,0.56,2024-08-07,235.7,0.706,46.62162162162162,26.64,180.36,False,False,8749.890000000001,7.77027027027027,False
ITM10711,Automotive,73,97,12,5,34.76,6.63,0.64,L31,B,12,1.82,171.8,1.22,5,0.85,298,3.7,0.61,2024-04-18,38.94,0.519,2.100115074798619,173.79999999999998,-100.79999999999998,True,True,12541.400000000001,0.42002301495972383,False
ITM10712,Apparel,345,65,3,3,9.57,6.36,0.98,L36,A,111,2.62,156.84,1.18,1,0.86,144,12.33,0.23,2024-09-10,204.3,0.644,36.05015673981191,28.71,316.29,False,False,54109.8,12.016718913270637,False
ITM10713,Groceries,376,22,9,6,30.22,2.72,0.5,L57,D,157,1.56,126.13,1.11,1,0.94,912,10.99,0.24,2024-05-17,126.45,0.652,12.442091330244871,181.32,194.68,False,False,47424.88,2.073681888374145,False
ITM10714,Groceries,332,65,3,3,41.95,5.65,0.72,L10,A,114,1.61,171.54,1.97,8,0.78,858,13.24,0.72,2024-06-14,79.88,0.52,7.914183551847437,125.85000000000001,206.14999999999998,False,False,56951.28,2.6380611839491457,False
ITM10715,Pharma,157,27,13,9,38.0,2.61,0.59,L92,A,53,4.25,72.83,1.11,1,0.72,868,8.14,0.55,2024-05-25,207.66,0.632,4.131578947368421,342.0,-185.0,False,True,11434.31,0.4590643274853801,False
ITM10716,Apparel,187,63,11,7,37.89,1.9,0.55,L37,D,169,2.97,41.55,1.47,1,0.79,746,4.27,0.27,2024-06-21,67.33,0.502,4.935339139614674,265.23,-78.23000000000002,False,True,7769.849999999999,0.705048448516382,False
ITM10717,Apparel,410,86,13,2,26.37,5.94,0.16,L31,D,109,4.36,39.84,0.31,2,1.0,506,13.77,0.51,2024-10-07,76.97,0.815,15.547971179370496,52.74,357.26,False,False,16334.400000000001,7.773985589685248,False
ITM10718,Apparel,122,52,13,7,44.65,9.79,0.23,L35,B,35,2.82,61.37,0.67,8,0.97,790,12.06,0.58,2024-10-22,299.58,0.644,2.732362821948488,312.55,-190.55,False,True,7487.139999999999,0.39033754599264114,False
ITM10719,Apparel,441,48,3,6,29.82,2.75,0.89,L43,C,57,4.59,94.78,0.62,5,0.82,366,1.29,0.71,2024-03-07,267.71,0.561,14.788732394366198,178.92000000000002,262.08,False,False,41797.98,2.4647887323943665,False
ITM10720,Groceries,104,70,7,5,45.96,3.88,0.47,L41,D,14,1.65,176.44,1.19,5,0.96,823,14.15,0.29,2024-10-16,212.17,0.62,2.2628372497824194,229.8,-125.80000000000001,False,True,18349.76,0.4525674499564839,False
ITM10721,Groceries,336,51,9,3,27.78,2.94,0.65,L70,D,68,3.28,27.01,0.73,9,0.71,168,14.28,1.0,2024-09-05,101.57,0.679,12.095032397408207,83.34,252.66,False,False,9075.36,4.031677465802736,False
ITM10722,Apparel,231,90,5,2,25.79,3.03,0.58,L11,A,70,2.76,183.9,1.32,4,0.79,795,5.97,0.58,2024-06-24,165.65,0.542,8.95696006203955,51.58,179.42000000000002,False,False,42480.9,4.478480031019775,False
ITM10723,Pharma,22,88,11,9,11.9,4.34,0.44,L18,D,58,4.63,185.84,1.41,6,0.92,843,1.14,0.74,2024-12-15,46.72,0.486,1.8487394957983192,107.10000000000001,-85.10000000000001,True,True,4088.48,0.20541549953314658,False
ITM10724,Electronics,403,27,10,7,27.69,7.17,0.45,L20,D,167,2.38,148.17,0.16,3,0.77,251,8.74,0.93,2024-01-25,106.85,0.781,14.553990610328638,193.83,209.17,False,False,59712.509999999995,2.079141515761234,False
ITM10725,Electronics,198,32,5,9,7.89,0.87,0.6,L30,A,154,4.35,181.05,1.32,9,0.76,823,13.79,0.23,2024-01-24,29.71,0.47,25.095057034220535,71.00999999999999,126.99000000000001,False,False,35847.9,2.7883396704689485,False
ITM10726,Pharma,361,63,7,6,43.61,9.59,0.23,L50,A,79,3.04,156.3,0.32,9,0.96,102,2.74,0.68,2024-02-20,186.99,0.553,8.277917908736528,261.65999999999997,99.34000000000003,False,False,56424.3,1.3796529847894214,False
ITM10727,Apparel,322,39,9,7,34.12,0.94,0.45,L89,A,24,3.69,110.38,0.98,2,0.88,366,9.27,0.63,2024-11-16,258.67,0.688,9.437280187573272,238.83999999999997,83.16000000000003,False,False,35542.36,1.3481828839390388,False
ITM10728,Groceries,471,67,14,3,49.69,8.87,0.5,L20,B,10,4.49,124.14,1.48,6,1.0,722,11.24,0.25,2024-08-23,244.77,0.532,9.478768363855908,149.07,321.93,False,False,58469.94,3.159589454618636,False
ITM10729,Electronics,495,77,6,3,5.51,9.0,0.99,L91,C,150,4.99,129.36,1.44,9,0.74,293,2.89,0.75,2024-01-09,258.26,0.413,89.83666061705989,16.53,478.47,False,False,64033.200000000004,29.945553539019965,True
ITM10730,Automotive,351,76,7,9,12.79,5.48,0.42,L28,D,137,3.79,34.11,0.67,0,0.81,990,8.19,0.38,2024-03-04,60.63,0.68,27.443315089913998,115.10999999999999,235.89000000000001,False,False,11972.61,3.0492572322126663,False
ITM10731,Automotive,57,80,5,5,43.98,1.8,0.68,L9,A,171,1.92,46.68,0.62,5,0.79,143,2.24,0.76,2024-03-21,198.52,0.578,1.2960436562073672,219.89999999999998,-162.89999999999998,True,True,2660.7599999999998,0.2592087312414734,False
ITM10732,Pharma,439,27,11,2,20.37,5.87,0.22,L54,A,134,1.85,109.44,0.94,1,0.96,601,8.81,0.49,2024-08-13,287.46,0.693,21.55130093274423,40.74,398.26,False,False,48044.159999999996,10.775650466372115,False
ITM10733,Apparel,258,16,12,4,23.85,6.47,0.16,L53,C,167,1.89,31.89,0.46,1,0.78,329,7.19,0.82,2024-08-21,237.14,0.75,10.817610062893081,95.4,162.6,False,False,8227.62,2.7044025157232703,False
ITM10734,Electronics,188,49,11,7,43.17,8.65,0.88,L43,B,28,0.94,193.35,1.95,7,0.81,141,4.71,0.95,2024-01-01,10.98,0.48,4.354876071345842,302.19,-114.19,False,True,36349.799999999996,0.622125153049406,False
ITM10735,Apparel,472,79,9,3,26.57,5.73,0.76,L70,D,128,0.74,106.35,0.76,2,0.74,862,12.94,0.89,2024-08-07,265.87,0.783,17.764395935265338,79.71000000000001,392.28999999999996,False,False,50197.2,5.921465311755113,False
ITM10736,Electronics,416,95,12,6,10.48,4.4,0.39,L60,B,73,3.11,82.22,1.85,8,0.93,87,6.35,0.59,2024-04-13,214.68,0.444,39.69465648854962,62.88,353.12,False,False,34203.52,6.6157760814249365,False
ITM10737,Pharma,362,74,4,7,44.71,8.46,0.55,L54,B,75,4.15,39.93,1.83,3,0.77,462,10.8,0.38,2024-12-18,45.4,0.531,8.096622679490046,312.97,49.02999999999997,False,False,14454.66,1.1566603827842923,False
ITM10738,Pharma,333,77,9,5,2.52,9.82,0.22,L8,B,66,0.66,89.14,0.79,5,0.72,292,12.07,0.99,2024-03-08,101.01,0.724,132.14285714285714,12.6,320.4,False,False,29683.62,26.428571428571427,False
ITM10739,Automotive,325,58,9,5,44.87,6.63,0.74,L27,A,53,3.05,67.46,0.58,0,0.83,413,3.5,0.73,2024-11-28,44.08,0.701,7.243146868731893,224.35,100.65,False,False,21924.499999999996,1.4486293737463787,False
ITM10740,Apparel,49,61,13,3,3.48,8.81,0.16,L54,C,21,2.17,26.71,1.56,9,0.82,697,2.67,0.52,2024-06-03,221.65,0.368,14.080459770114942,10.44,38.56,True,False,1308.79,4.693486590038314,False
ITM10741,Automotive,209,38,7,3,33.63,6.19,0.78,L50,C,131,4.52,193.73,0.54,9,0.75,113,1.11,0.59,2024-03-22,11.02,0.449,6.214689265536722,100.89000000000001,108.10999999999999,False,False,40489.57,2.071563088512241,False
ITM10742,Apparel,376,30,11,9,4.51,7.05,0.59,L99,C,177,1.15,60.35,1.09,2,0.74,904,5.28,0.3,2024-05-20,144.71,0.529,83.37028824833703,40.589999999999996,335.41,False,False,22691.600000000002,9.263365360926336,False
ITM10743,Automotive,44,99,14,3,35.6,7.04,0.35,L75,B,33,3.04,141.19,0.31,3,0.97,924,12.42,0.6,2024-02-17,299.94,0.789,1.2359550561797752,106.80000000000001,-62.80000000000001,True,True,6212.36,0.4119850187265917,False
ITM10744,Groceries,131,87,13,9,2.66,7.2,0.88,L90,D,148,4.87,27.35,0.83,4,0.72,250,11.82,0.34,2024-12-01,256.83,0.607,49.24812030075188,23.94,107.06,False,False,3582.8500000000004,5.472013366750208,False
ITM10745,Groceries,430,18,5,8,42.28,3.55,0.99,L3,B,10,2.05,183.5,0.25,0,0.73,356,13.21,0.49,2024-07-03,180.29,0.795,10.170293282876065,338.24,91.75999999999999,False,False,78905.0,1.271286660359508,False
ITM10746,Groceries,454,56,6,4,23.83,5.97,0.33,L98,C,37,3.84,122.24,0.64,3,0.77,823,11.65,0.59,2024-05-08,211.24,0.703,19.051615610574906,95.32,358.68,False,False,55496.96,4.7629039026437265,False
ITM10747,Groceries,225,85,3,3,5.58,6.14,0.83,L74,A,77,4.47,134.81,1.36,4,0.99,224,1.34,0.96,2024-02-12,185.06,0.592,40.32258064516129,16.740000000000002,208.26,False,False,30332.25,13.440860215053762,True
ITM10748,Electronics,204,51,8,7,35.63,3.49,0.78,L49,B,114,1.34,158.54,1.98,3,0.73,738,6.4,0.7,2024-07-09,245.15,0.513,5.725512208812797,249.41000000000003,-45.410000000000025,False,True,32342.16,0.8179303155446853,False
ITM10749,Groceries,401,60,6,7,24.98,3.82,0.77,L62,A,103,4.97,125.12,0.58,9,0.94,646,1.08,0.5,2024-12-06,266.94,0.464,16.052842273819056,174.86,226.14,False,False,50173.12,2.293263181974151,False
ITM10750,Pharma,398,65,3,9,10.36,7.74,0.96,L1,C,133,4.14,23.47,1.0,9,0.97,721,1.5,0.29,2024-11-28,232.31,0.392,38.41698841698842,93.24,304.76,False,False,9341.06,4.268554268554269,False
ITM10751,Pharma,66,60,4,8,1.77,6.04,0.54,L46,B,133,1.12,91.62,0.95,6,0.81,743,7.7,0.8,2024-03-25,62.77,0.61,37.28813559322034,14.16,51.84,False,False,6046.92,4.661016949152542,False
ITM10752,Electronics,393,79,5,8,21.48,1.92,0.71,L39,A,31,1.9,59.79,0.45,7,0.79,597,6.04,0.57,2024-01-27,118.03,0.568,18.29608938547486,171.84,221.16,False,False,23497.47,2.2870111731843576,False
ITM10753,Groceries,247,29,11,2,5.2,8.46,0.84,L97,B,166,3.31,102.48,1.26,7,0.9,906,8.82,0.25,2024-07-21,237.48,0.482,47.5,10.4,236.6,False,False,25312.56,23.75,False
ITM10754,Groceries,58,97,10,6,5.61,8.89,0.53,L50,C,98,4.48,86.82,1.48,2,0.91,148,1.93,0.73,2024-11-16,248.72,0.566,10.33868092691622,33.660000000000004,24.339999999999996,True,False,5035.5599999999995,1.7231134878193701,False
ITM10755,Groceries,35,36,9,3,14.1,4.93,0.53,L54,D,54,1.38,167.04,0.38,4,0.93,275,9.24,0.48,2024-06-05,192.35,0.687,2.4822695035460995,42.3,-7.299999999999997,True,True,5846.4,0.8274231678486998,False
ITM10756,Automotive,41,47,13,9,31.89,2.48,0.39,L69,C,133,3.79,56.94,1.54,9,0.95,964,1.91,0.52,2024-12-24,217.1,0.385,1.2856694888679836,287.01,-246.01,True,True,2334.54,0.14285216542977597,False
ITM10757,Apparel,232,81,14,7,26.97,9.5,0.8,L96,D,154,1.72,48.25,1.43,7,0.78,598,6.93,0.87,2024-04-29,60.6,0.539,8.60215053763441,188.79,43.21000000000001,False,False,11194.0,1.228878648233487,False
ITM10758,Automotive,329,74,6,8,4.38,8.88,0.72,L95,D,88,4.12,192.04,0.47,6,0.91,322,5.93,0.31,2024-08-07,118.07,0.556,75.11415525114155,35.04,293.96,False,False,63181.159999999996,9.389269406392694,False
ITM10759,Apparel,168,63,3,7,48.45,2.82,0.51,L70,C,48,3.58,190.41,1.33,8,0.74,833,4.14,0.47,2024-12-01,165.04,0.404,3.467492260061919,339.15000000000003,-171.15000000000003,False,True,31988.88,0.49535603715170273,False
ITM10760,Groceries,475,33,10,7,44.47,1.41,0.48,L78,A,177,2.85,198.76,0.85,9,0.85,235,5.37,0.49,2024-02-16,295.28,0.475,10.68135821902406,311.28999999999996,163.71000000000004,False,False,94411.0,1.5259083170034373,False
ITM10761,Groceries,260,56,6,8,13.7,4.69,0.17,L29,B,37,3.42,117.99,1.39,6,0.88,989,1.01,0.2,2024-12-26,241.77,0.37,18.978102189781023,109.6,150.4,False,False,30677.399999999998,2.372262773722628,False
ITM10762,Automotive,291,80,5,4,6.99,6.93,0.11,L63,B,139,4.44,31.5,1.04,1,0.75,501,5.54,0.88,2024-02-18,65.86,0.676,41.63090128755365,27.96,263.04,False,False,9166.5,10.407725321888412,False
ITM10763,Automotive,78,92,11,8,47.18,2.17,0.58,L29,B,164,2.24,177.23,0.19,3,0.72,610,2.1,0.87,2024-01-01,112.2,0.667,1.6532428995337007,377.44,-299.44,True,True,13823.939999999999,0.2066553624417126,False
ITM10764,Apparel,306,95,12,8,23.6,5.38,0.48,L35,D,158,3.96,37.57,1.6,7,0.76,554,13.9,0.73,2024-04-19,72.9,0.583,12.966101694915254,188.8,117.19999999999999,False,False,11496.42,1.6207627118644068,False
ITM10765,Pharma,445,72,6,6,16.25,4.54,0.82,L56,D,96,1.22,39.56,1.16,8,0.83,143,2.04,0.92,2024-09-01,54.16,0.501,27.384615384615383,97.5,347.5,False,False,17604.2,4.564102564102564,False
ITM10766,Apparel,221,66,6,9,25.03,8.96,0.59,L63,C,144,3.66,46.75,1.48,6,0.97,356,14.34,0.42,2024-02-09,44.79,0.601,8.829404714342788,225.27,-4.27000000000001,False,True,10331.75,0.9810449682603097,False
ITM10767,Automotive,51,64,11,9,38.86,4.58,0.94,L4,A,61,3.88,134.15,0.34,4,0.86,787,7.88,0.38,2024-03-08,290.05,0.639,1.312403499742666,349.74,-298.74,True,True,6841.650000000001,0.14582261108251843,False
ITM10768,Automotive,462,69,14,8,9.25,5.57,0.28,L50,C,135,2.49,30.37,1.47,0,0.92,566,8.18,0.25,2024-10-30,272.92,0.596,49.945945945945944,74.0,388.0,False,False,14030.94,6.243243243243243,False
ITM10769,Electronics,181,71,13,5,38.61,9.58,0.99,L44,C,156,4.07,157.87,0.89,8,0.75,914,12.03,0.67,2024-04-25,150.14,0.595,4.687904687904688,193.05,-12.050000000000011,False,True,28574.47,0.9375809375809376,False
ITM10770,Automotive,274,39,14,9,37.72,3.35,0.37,L86,A,82,3.01,21.07,1.62,5,0.73,223,10.74,0.6,2024-09-22,169.08,0.547,7.264050901378579,339.48,-65.48000000000002,False,True,5773.18,0.8071167668198421,False
ITM10771,Electronics,273,31,4,9,27.43,3.25,0.68,L87,D,149,4.71,30.98,1.24,1,0.77,744,4.32,0.85,2024-12-14,253.2,0.638,9.95260663507109,246.87,26.129999999999995,False,False,8457.54,1.1058451816745656,False
ITM10772,Pharma,28,84,14,9,43.43,8.1,0.55,L52,C,103,1.01,92.55,0.77,9,0.79,122,1.36,0.59,2024-08-15,198.16,0.437,0.644715634354133,390.87,-362.87,True,True,2591.4,0.07163507048379256,False
ITM10773,Apparel,484,93,7,8,7.48,3.14,0.42,L93,C,11,1.09,82.04,0.48,9,0.86,194,11.9,0.36,2024-01-05,222.47,0.575,64.70588235294117,59.84,424.15999999999997,False,False,39707.36,8.088235294117647,False
ITM10774,Apparel,158,38,6,7,30.18,8.4,0.23,L22,D,26,4.29,198.04,1.65,1,0.96,957,2.82,0.85,2024-01-05,239.43,0.615,5.235255135851557,211.26,-53.25999999999999,False,True,31290.32,0.7478935908359368,False
ITM10775,Electronics,499,50,11,3,23.02,1.41,0.22,L60,B,134,4.29,193.7,1.16,9,0.83,713,9.38,0.56,2024-12-22,150.08,0.507,21.67680278019114,69.06,429.94,False,False,96656.29999999999,7.22560092673038,False
ITM10776,Apparel,29,51,14,7,21.69,1.56,0.74,L17,A,140,2.62,46.04,1.98,0,0.86,105,14.2,0.96,2024-06-24,292.69,0.755,1.3370216689718764,151.83,-122.83000000000001,True,True,1335.16,0.1910030955674109,False
ITM10777,Automotive,233,74,7,6,13.38,9.06,0.44,L80,A,30,4.84,189.87,0.81,3,0.7,744,8.69,0.63,2024-03-02,192.23,0.641,17.41405082212257,80.28,152.72,False,False,44239.71,2.902341803687095,False
ITM10778,Groceries,292,40,11,5,19.24,5.64,0.97,L69,B,87,3.56,141.53,1.4,9,0.71,683,5.0,0.29,2024-08-04,193.71,0.347,15.176715176715177,96.19999999999999,195.8,False,False,41326.76,3.0353430353430353,False
ITM10779,Electronics,343,39,13,8,6.3,7.33,0.39,L4,A,88,4.92,87.68,1.28,1,0.73,293,3.5,0.88,2024-12-21,50.9,0.621,54.44444444444444,50.4,292.6,False,False,30074.24,6.805555555555555,False
ITM10780,Apparel,67,27,11,4,13.33,2.64,0.99,L51,B,60,2.9,150.53,1.31,9,0.91,943,1.38,0.9,2024-03-08,296.44,0.469,5.026256564141035,53.32,13.68,False,False,10085.51,1.2565641410352588,False
ITM10781,Electronics,455,26,4,2,14.33,2.08,0.28,L76,C,115,1.41,181.03,1.5,8,0.85,253,9.73,0.56,2024-09-01,30.52,0.502,31.751570132588974,28.66,426.34,False,False,82368.65,15.875785066294487,False
ITM10782,Electronics,130,47,11,8,36.31,8.43,0.19,L73,A,114,2.5,44.23,0.36,1,0.76,640,8.81,0.22,2024-02-06,295.83,0.657,3.580280914348664,290.48,-160.48000000000002,False,True,5749.9,0.447535114293583,False
ITM10783,Groceries,172,23,5,3,3.38,3.91,0.38,L85,A,19,4.91,47.24,1.14,8,0.88,65,7.46,0.22,2024-04-27,274.06,0.445,50.887573964497044,10.14,161.86,False,False,8125.280000000001,16.962524654832347,False
ITM10784,Automotive,142,96,6,2,32.91,4.82,0.9,L4,C,125,2.17,87.66,1.07,0,0.86,175,3.71,0.48,2024-07-15,258.36,0.61,4.3147979337587365,65.82,76.18,False,False,12447.72,2.1573989668793683,False
ITM10785,Electronics,424,98,3,4,11.85,0.77,0.57,L11,D,64,4.81,42.15,0.75,6,0.73,648,4.31,0.77,2024-02-15,205.34,0.562,35.78059071729958,47.4,376.6,False,False,17871.6,8.945147679324895,False
ITM10786,Apparel,376,88,3,6,5.01,4.17,0.22,L83,D,45,4.09,78.48,0.93,5,0.89,515,14.42,0.46,2024-02-22,186.57,0.669,75.0499001996008,30.06,345.94,False,False,29508.480000000003,12.508316699933467,False
ITM10787,Pharma,121,65,3,6,15.74,7.82,0.28,L55,C,60,2.49,132.68,1.09,5,0.93,839,1.29,0.21,2024-02-22,299.02,0.436,7.687420584498094,94.44,26.560000000000002,False,False,16054.28,1.2812367640830156,False
ITM10788,Electronics,260,31,11,4,12.0,8.3,0.38,L18,A,83,2.94,164.44,0.71,1,0.79,927,6.09,0.88,2024-06-09,292.46,0.724,21.666666666666668,48.0,212.0,False,False,42754.4,5.416666666666667,False
ITM10789,Electronics,340,76,13,7,28.05,7.14,0.63,L60,A,26,3.23,67.37,0.66,0,0.91,477,1.54,0.97,2024-07-07,245.43,0.731,12.121212121212121,196.35,143.65,False,False,22905.800000000003,1.7316017316017316,False
ITM10790,Groceries,210,65,10,4,18.51,7.08,0.4,L24,A,70,3.5,63.53,1.5,9,0.76,400,3.68,0.48,2024-06-02,35.19,0.367,11.345218800648297,74.04,135.95999999999998,False,False,13341.300000000001,2.8363047001620743,False
ITM10791,Automotive,236,28,7,9,48.33,5.31,0.77,L7,B,100,0.85,158.15,0.23,7,0.93,604,14.06,0.26,2024-03-11,117.93,0.662,4.883095385888682,434.96999999999997,-198.96999999999997,False,True,37323.4,0.5425661539876313,False
ITM10792,Pharma,70,66,7,9,48.21,5.61,0.65,L34,D,150,4.7,82.39,0.69,7,0.97,128,3.09,0.43,2024-07-14,261.12,0.512,1.451980916822236,433.89,-363.89,False,True,5767.3,0.16133121298024844,False
ITM10793,Apparel,311,53,11,8,22.74,7.56,0.89,L49,A,104,3.19,165.51,1.34,1,0.83,550,9.41,0.84,2024-03-09,213.73,0.705,13.676341248900616,181.92,129.08,False,False,51473.61,1.709542656112577,False
ITM10794,Pharma,100,44,5,3,39.96,2.85,0.55,L42,D,89,4.69,198.74,0.5,3,0.77,838,5.86,0.63,2024-11-24,45.38,0.648,2.5025025025025025,119.88,-19.879999999999995,False,True,19874.0,0.8341675008341675,False
ITM10795,Apparel,402,10,5,9,1.65,2.7,0.4,L28,D,112,3.34,196.14,1.19,3,0.82,428,9.86,0.51,2024-12-12,110.99,0.618,243.63636363636365,14.85,387.15,False,False,78848.28,27.070707070707073,False
ITM10796,Automotive,107,61,9,5,27.84,9.52,1.0,L59,A,57,2.44,135.91,0.67,1,0.78,313,12.93,0.47,2024-03-14,15.63,0.735,3.843390804597701,139.2,-32.19999999999999,False,True,14542.369999999999,0.7686781609195402,False
ITM10797,Apparel,213,94,11,8,37.42,0.76,0.42,L42,C,95,3.05,81.29,1.7,8,0.7,354,5.01,0.29,2024-02-05,268.91,0.335,5.692143238909674,299.36,-86.36000000000001,False,True,17314.77,0.7115179048637092,False
ITM10798,Groceries,123,79,8,8,11.63,1.82,0.49,L44,C,79,4.23,22.44,0.76,3,0.9,537,2.1,0.47,2024-09-28,226.63,0.566,10.576096302665519,93.04,29.959999999999994,False,False,2760.1200000000003,1.3220120378331899,False
ITM10799,Groceries,290,46,4,8,4.0,5.92,0.83,L98,D,56,1.97,150.23,0.54,3,0.71,789,3.86,0.58,2024-10-15,136.4,0.595,72.5,32.0,258.0,False,False,43566.7,9.0625,False
ITM10800,Groceries,115,74,3,2,8.64,7.51,0.18,L49,B,19,4.8,195.81,1.11,3,0.76,174,7.15,0.74,2024-01-05,230.51,0.624,13.310185185185185,17.28,97.72,False,False,22518.15,6.655092592592593,False
ITM10801,Groceries,442,60,4,2,22.65,5.61,0.45,L36,D,89,2.6,22.92,0.36,4,0.92,667,8.21,0.41,2024-11-08,280.69,0.659,19.514348785871967,45.3,396.7,False,False,10130.640000000001,9.757174392935983,False
ITM10802,Pharma,398,10,3,6,25.81,3.87,0.18,L97,D,22,4.8,11.17,1.62,9,0.9,791,14.19,0.92,2024-11-28,91.17,0.611,15.420379697791555,154.85999999999999,243.14000000000001,False,False,4445.66,2.570063282965259,False
ITM10803,Automotive,217,30,12,8,19.66,9.79,0.23,L54,C,67,4.46,168.04,1.39,7,0.72,695,1.23,0.59,2024-03-25,92.89,0.399,11.03763987792472,157.28,59.72,False,False,36464.68,1.37970498474059,False
ITM10804,Apparel,20,62,12,7,22.56,7.19,0.1,L33,A,93,3.95,29.43,1.56,3,0.9,130,11.61,0.52,2024-08-13,149.97,0.623,0.8865248226950355,157.92,-137.92,True,True,588.6,0.12664640324214793,False
ITM10805,Apparel,426,25,11,9,24.04,8.4,0.11,L11,A,77,2.6,25.51,0.86,2,0.98,921,2.02,0.68,2024-06-28,215.0,0.633,17.72046589018303,216.35999999999999,209.64000000000001,False,False,10867.26,1.968940654464781,False
ITM10806,Groceries,397,70,12,6,38.7,0.88,0.44,L61,B,93,3.14,182.96,1.69,0,0.72,670,2.09,0.33,2024-04-19,297.98,0.469,10.258397932816537,232.20000000000002,164.79999999999998,False,False,72635.12000000001,1.7097329888027561,False
ITM10807,Groceries,186,63,14,3,6.16,2.74,0.83,L3,C,95,4.27,25.12,1.04,1,0.82,224,10.16,0.29,2024-11-17,57.25,0.633,30.194805194805195,18.48,167.52,False,False,4672.320000000001,10.064935064935066,False
ITM10808,Electronics,145,49,10,4,38.68,4.05,0.63,L96,C,166,2.95,31.66,0.28,3,0.92,725,13.73,0.48,2024-03-18,109.22,0.775,3.74870734229576,154.72,-9.719999999999999,False,True,4590.7,0.93717683557394,False
ITM10809,Automotive,332,35,9,2,34.74,2.23,0.67,L70,D,153,3.82,118.22,0.53,8,0.9,174,5.03,0.23,2024-07-29,115.4,0.48,9.55670696603339,69.48,262.52,False,False,39249.04,4.778353483016695,False
ITM10810,Pharma,100,89,5,8,37.34,1.19,0.57,L7,C,72,4.06,153.79,1.45,0,0.77,397,4.77,0.5,2024-11-11,220.49,0.573,2.678093197643278,298.72,-198.72000000000003,False,True,15379.0,0.3347616497054097,False
ITM10811,Apparel,437,74,10,3,36.99,2.64,0.84,L45,D,52,2.81,85.92,1.8,5,0.75,938,9.65,0.74,2024-12-17,267.11,0.547,11.814003784806705,110.97,326.03,False,False,37547.04,3.938001261602235,False
ITM10812,Electronics,270,83,4,6,24.06,5.57,0.89,L29,B,160,2.91,89.91,0.28,5,0.94,416,11.87,0.85,2024-08-14,63.3,0.788,11.221945137157109,144.35999999999999,125.64000000000001,False,False,24275.7,1.8703241895261848,False
ITM10813,Electronics,188,73,4,6,11.36,7.11,0.86,L84,C,167,1.39,130.2,1.74,9,0.99,584,13.17,0.66,2024-04-21,216.96,0.552,16.549295774647888,68.16,119.84,False,False,24477.6,2.7582159624413145,False
ITM10814,Apparel,496,52,13,2,27.29,7.85,0.83,L9,C,39,1.6,106.03,1.62,2,0.93,464,4.5,0.75,2024-02-14,273.79,0.594,18.175155734701356,54.58,441.42,False,False,52590.88,9.087577867350678,False
ITM10815,Pharma,92,26,12,6,47.94,0.91,0.26,L100,D,76,4.57,13.54,0.78,9,0.99,927,11.36,0.87,2024-02-21,45.18,0.665,1.9190654985398417,287.64,-195.64,False,True,1245.6799999999998,0.3198442497566403,False
ITM10816,Electronics,160,68,5,7,29.84,4.57,0.63,L84,C,33,4.28,31.58,1.41,8,0.88,892,5.3,0.82,2024-03-12,194.17,0.51,5.361930294906166,208.88,-48.879999999999995,False,True,5052.799999999999,0.7659900421294523,False
ITM10817,Electronics,89,32,9,6,1.54,1.66,0.62,L6,A,110,0.55,120.5,0.46,9,0.98,623,8.63,0.46,2024-03-04,68.69,0.577,57.79220779220779,9.24,79.76,False,False,10724.5,9.632034632034632,False
ITM10818,Automotive,281,16,3,5,3.93,4.6,0.58,L97,B,115,4.41,160.8,1.65,2,0.91,773,3.67,0.66,2024-10-28,137.93,0.558,71.50127226463104,19.650000000000002,261.35,False,False,45184.8,14.300254452926207,True
ITM10819,Pharma,359,53,10,9,49.65,4.62,0.53,L4,A,110,0.61,154.99,1.35,0,0.97,301,3.04,0.41,2024-07-15,46.77,0.582,7.230614300100705,446.84999999999997,-87.84999999999997,False,True,55641.41,0.8034015889000784,False
ITM10820,Electronics,327,62,14,4,4.53,5.23,0.18,L32,D,17,2.56,150.61,0.93,1,0.75,657,14.09,0.66,2024-06-28,208.25,0.757,72.18543046357615,18.12,308.88,False,False,49249.47,18.04635761589404,False
ITM10821,Pharma,264,80,9,6,3.26,8.98,0.19,L26,D,105,0.8,156.54,1.74,3,0.94,770,8.66,0.54,2024-08-07,126.4,0.577,80.98159509202455,19.56,244.44,False,False,41326.56,13.496932515337425,False
ITM10822,Apparel,22,88,6,9,18.3,8.15,0.91,L3,D,171,4.86,18.44,0.36,3,0.76,618,1.06,0.5,2024-06-10,174.5,0.57,1.2021857923497268,164.70000000000002,-142.70000000000002,True,True,405.68,0.13357619914996965,False
ITM10823,Groceries,356,43,7,9,48.5,6.55,0.67,L80,B,44,4.88,180.07,1.71,1,0.71,283,12.11,0.35,2024-03-12,161.83,0.582,7.34020618556701,436.5,-80.5,False,True,64104.92,0.8155784650630011,False
ITM10824,Electronics,82,55,12,5,16.62,8.91,0.34,L20,C,105,3.25,178.96,0.15,9,0.86,407,10.67,0.65,2024-05-06,211.26,0.649,4.9338146811070995,83.10000000000001,-1.1000000000000085,False,True,14674.720000000001,0.9867629362214199,False
ITM10825,Automotive,68,77,3,3,21.08,6.95,0.35,L31,A,59,2.26,111.07,1.53,5,0.8,375,5.56,0.78,2024-05-21,269.72,0.537,3.2258064516129035,63.239999999999995,4.760000000000005,True,False,7552.759999999999,1.0752688172043012,False
ITM10826,Apparel,95,87,6,6,32.07,8.28,0.65,L17,C,154,2.8,57.23,1.19,5,0.71,114,7.5,0.66,2024-11-26,91.13,0.555,2.962270034299969,192.42000000000002,-97.42000000000002,False,True,5436.849999999999,0.49371167238332814,False
ITM10827,Pharma,387,87,3,7,2.18,5.86,0.47,L61,D,11,3.93,122.51,1.42,2,0.99,342,7.3,0.26,2024-02-13,182.6,0.565,177.5229357798165,15.260000000000002,371.74,False,False,47411.37,25.36041939711664,False
ITM10828,Apparel,194,25,3,3,44.99,5.49,0.5,L86,C,53,1.5,116.0,0.88,0,0.9,373,4.85,0.94,2024-05-07,176.39,0.745,4.312069348744165,134.97,59.03,False,False,22504.0,1.4373564495813884,False
ITM10829,Electronics,128,80,12,9,26.45,7.38,0.15,L15,B,111,2.49,52.36,1.74,9,0.97,380,14.73,0.2,2024-10-10,101.39,0.476,4.839319470699433,238.04999999999998,-110.04999999999998,False,True,6702.08,0.5377021634110482,False
ITM10830,Pharma,202,28,3,9,23.87,0.69,0.22,L73,D,139,3.82,124.59,0.69,8,1.0,578,8.61,0.91,2024-11-03,154.88,0.668,8.462505236698785,214.83,-12.830000000000013,False,True,25167.18,0.9402783596331984,False
ITM10831,Groceries,211,11,9,8,43.18,7.06,0.45,L28,C,81,2.28,161.49,0.62,3,0.82,184,13.56,0.81,2024-11-03,21.73,0.785,4.8865215377489575,345.44,-134.44,False,True,34074.39,0.6108151922186197,False
ITM10832,Apparel,84,19,9,6,47.7,9.38,0.73,L60,A,119,0.64,163.16,0.67,8,0.78,869,9.19,0.28,2024-11-07,133.81,0.508,1.761006289308176,286.20000000000005,-202.20000000000005,False,True,13705.44,0.2935010482180293,False
ITM10833,Electronics,356,59,6,2,21.75,7.28,0.14,L90,D,146,2.78,21.34,1.57,4,0.76,468,10.66,0.39,2024-05-25,88.45,0.535,16.367816091954023,43.5,312.5,False,False,7597.04,8.183908045977011,False
ITM10834,Automotive,470,90,14,5,9.45,0.85,0.4,L33,D,138,3.82,47.46,1.04,6,0.85,179,1.41,0.48,2024-12-19,260.55,0.461,49.73544973544974,47.25,422.75,False,False,22306.2,9.947089947089948,True
ITM10835,Pharma,493,21,4,5,40.97,4.09,0.73,L99,B,112,4.9,136.96,1.12,2,0.88,985,8.17,0.93,2024-01-14,113.76,0.719,12.033195020746888,204.85,288.15,False,False,67521.28,2.4066390041493775,False
ITM10836,Apparel,290,79,14,2,20.76,8.19,0.81,L48,B,146,0.67,173.37,1.68,2,0.84,598,11.1,0.98,2024-12-03,65.74,0.704,13.96917148362235,41.52,248.48,False,False,50277.3,6.984585741811175,False
ITM10837,Apparel,119,31,5,4,46.84,9.61,0.27,L22,A,151,2.93,109.03,1.68,7,0.82,811,2.71,0.27,2024-06-03,163.6,0.346,2.5405636208368914,187.36,-68.36000000000001,False,True,12974.57,0.6351409052092228,False
ITM10838,Groceries,51,41,10,9,47.55,4.02,0.76,L78,C,36,2.52,144.43,0.41,0,0.75,618,10.5,0.52,2024-04-15,245.18,0.753,1.0725552050473186,427.95,-376.95,False,True,7365.93,0.11917280056081318,False
ITM10839,Groceries,371,93,10,8,6.63,8.49,0.96,L78,C,146,1.59,14.0,1.14,7,0.83,406,2.18,0.32,2024-09-22,112.67,0.405,55.957767722473605,53.04,317.96,False,False,5194.0,6.994720965309201,False
ITM10840,Automotive,147,10,13,7,47.87,8.71,0.92,L96,D,173,3.37,125.6,0.34,7,0.73,571,12.3,0.42,2024-11-06,255.58,0.62,3.0708167954877794,335.09,-188.08999999999997,False,True,18463.2,0.4386881136411113,False
ITM10841,Automotive,471,63,13,5,19.05,1.67,0.81,L92,D,102,1.24,192.76,1.75,2,0.96,509,14.69,0.98,2024-09-17,104.58,0.769,24.724409448818896,95.25,375.75,False,False,90789.95999999999,4.94488188976378,False
ITM10842,Electronics,421,67,8,3,32.67,8.53,0.74,L15,C,109,1.78,135.59,1.69,0,0.71,642,9.77,0.99,2024-04-06,223.32,0.701,12.886440159167432,98.01,322.99,False,False,57083.39,4.295480053055811,False
ITM10843,Electronics,388,79,12,9,2.7,3.58,0.31,L100,C,140,4.02,185.23,1.71,8,0.81,991,2.08,0.58,2024-07-19,43.42,0.375,143.7037037037037,24.3,363.7,False,False,71869.23999999999,15.96707818930041,True
ITM10844,Automotive,358,92,11,7,44.56,6.14,0.67,L21,C,126,2.57,117.54,1.44,3,0.73,651,9.21,0.35,2024-05-31,28.04,0.535,8.03411131059246,311.92,46.079999999999984,False,False,42079.32,1.1477301872274943,False
ITM10845,Automotive,62,27,13,5,32.44,5.62,0.68,L40,D,160,4.97,170.24,0.99,6,0.93,950,11.37,0.64,2024-11-26,223.9,0.647,1.9112207151664613,162.2,-100.19999999999999,False,True,10554.880000000001,0.38224414303329224,False
ITM10846,Pharma,391,15,14,8,32.53,6.8,0.47,L14,B,131,2.24,33.59,0.87,8,0.79,950,14.06,0.46,2024-01-28,116.84,0.59,12.019674146941284,260.24,130.76,False,False,13133.69,1.5024592683676605,False
ITM10847,Groceries,438,54,11,4,45.21,7.53,0.54,L75,B,119,2.58,33.47,0.85,2,0.73,681,1.64,0.94,2024-05-02,123.97,0.631,9.688122096881221,180.84,257.15999999999997,False,False,14659.859999999999,2.4220305242203053,False
ITM10848,Electronics,97,32,6,8,25.91,4.69,0.72,L4,A,82,1.85,32.83,0.23,4,0.86,663,11.85,0.85,2024-09-10,176.5,0.797,3.7437282902354303,207.28,-110.28,False,True,3184.5099999999998,0.4679660362794288,False
ITM10849,Groceries,333,32,14,3,21.12,8.94,0.96,L40,C,39,1.56,102.88,1.9,9,0.97,544,2.86,0.45,2024-07-16,296.19,0.352,15.767045454545453,63.36,269.64,False,False,34259.04,5.2556818181818175,False
ITM10850,Groceries,308,35,3,8,43.44,8.19,0.37,L74,C,28,4.65,72.75,0.96,2,0.97,588,12.07,0.21,2024-02-27,59.74,0.661,7.0902394106814,347.52,-39.51999999999998,False,True,22407.0,0.886279926335175,False
ITM10851,Automotive,289,86,3,7,37.38,7.96,0.32,L87,C,111,3.87,146.65,1.87,4,0.77,310,13.44,1.0,2024-05-03,96.96,0.666,7.731407169609416,261.66,27.339999999999975,False,False,42381.85,1.104486738515631,False
ITM10852,Pharma,181,16,14,9,47.5,4.85,0.64,L49,A,76,2.0,181.5,1.77,1,0.92,622,13.06,0.75,2024-09-12,198.12,0.711,3.8105263157894735,427.5,-246.5,False,True,32851.5,0.42339181286549704,False
ITM10853,Apparel,208,88,12,3,47.07,0.86,0.22,L51,C,59,3.65,127.68,1.67,3,0.71,185,10.14,0.54,2024-11-22,213.28,0.558,4.418950499256426,141.21,66.78999999999999,False,False,26557.440000000002,1.472983499752142,False
ITM10854,Pharma,266,53,7,9,19.73,5.18,0.62,L92,B,57,4.85,50.51,1.22,1,0.74,976,8.01,0.43,2024-10-31,214.78,0.599,13.482007095793207,177.57,88.43,False,False,13435.66,1.4980007884214674,False
ITM10855,Pharma,407,36,4,2,22.9,9.04,0.18,L26,C,12,0.83,186.87,0.29,2,0.85,658,13.24,0.2,2024-02-06,182.67,0.718,17.77292576419214,45.8,361.2,False,False,76056.09,8.88646288209607,False
ITM10856,Groceries,235,35,8,6,13.54,2.31,0.54,L10,A,75,1.69,110.29,0.72,4,0.77,710,8.27,0.32,2024-09-27,180.6,0.576,17.355982274741507,81.24,153.76,False,False,25918.15,2.8926637124569177,False
ITM10857,Pharma,334,88,9,2,33.37,9.83,0.66,L76,D,164,1.4,146.79,1.25,8,0.94,276,3.66,0.2,2024-01-07,52.95,0.392,10.008990110878035,66.74,267.26,False,False,49027.86,5.004495055439017,False
ITM10858,Electronics,432,45,3,7,18.86,8.17,0.16,L89,D,115,4.41,179.2,0.13,2,0.98,838,14.2,0.68,2024-07-03,252.04,0.868,22.90562036055143,132.01999999999998,299.98,False,False,77414.4,3.272231480078776,False
ITM10859,Groceries,358,64,8,6,39.52,7.24,0.29,L81,B,120,1.31,198.07,0.18,9,0.7,868,6.23,0.73,2024-06-11,12.58,0.571,9.058704453441296,237.12,120.88,False,False,70909.06,1.5097840755735492,False
ITM10860,Electronics,409,73,10,2,6.96,6.93,0.4,L32,B,49,1.89,106.15,1.39,5,0.77,896,9.74,0.81,2024-03-08,131.1,0.607,58.764367816091955,13.92,395.08,False,False,43415.350000000006,29.382183908045977,False
ITM10861,Apparel,396,66,14,6,6.7,6.08,0.43,L14,B,134,2.95,163.53,1.79,3,0.83,277,3.79,0.35,2024-07-17,72.47,0.448,59.1044776119403,40.2,355.8,False,False,64757.88,9.850746268656716,True
ITM10862,Groceries,452,78,7,5,11.02,7.35,0.71,L90,D,27,3.29,117.7,1.72,3,0.87,876,2.55,0.28,2024-10-18,40.26,0.432,41.01633393829401,55.099999999999994,396.9,False,False,53200.4,8.203266787658801,False
ITM10863,Apparel,187,70,14,8,5.13,4.51,0.58,L99,C,164,4.14,102.43,0.42,9,0.97,810,8.71,0.72,2024-08-03,102.65,0.632,36.45224171539961,41.04,145.96,False,False,19154.41,4.556530214424951,False
ITM10864,Groceries,358,11,9,3,31.38,8.53,0.44,L39,A,148,2.33,112.17,1.83,9,0.97,307,8.76,0.6,2024-07-06,200.58,0.468,11.408540471637986,94.14,263.86,False,False,40156.86,3.8028468238793285,False
ITM10865,Automotive,212,64,12,6,8.22,7.12,0.51,L88,A,176,2.9,102.01,1.42,4,0.89,463,6.18,0.9,2024-10-06,154.15,0.618,25.79075425790754,49.32000000000001,162.68,False,False,21626.120000000003,4.29845904298459,False
ITM10866,Pharma,472,89,8,5,8.84,7.83,0.11,L77,C,28,4.84,90.0,1.46,6,0.78,875,5.36,0.63,2024-12-15,263.32,0.487,53.39366515837104,44.2,427.8,False,False,42480.0,10.67873303167421,False
ITM10867,Automotive,302,96,6,8,1.7,8.03,0.79,L16,D,98,1.84,147.51,0.68,3,0.93,269,6.24,0.56,2024-03-29,183.91,0.653,177.64705882352942,13.6,288.4,False,False,44548.02,22.205882352941178,False
ITM10868,Apparel,355,47,9,8,39.32,1.37,0.14,L73,D,144,1.62,57.44,1.46,7,0.76,285,12.13,0.59,2024-08-29,83.41,0.546,9.02848423194303,314.56,40.44,False,False,20391.2,1.1285605289928788,False
ITM10869,Pharma,409,89,12,4,40.8,1.03,0.85,L6,A,66,3.7,127.11,1.45,8,0.99,69,6.01,0.83,2024-02-07,159.41,0.539,10.02450980392157,163.2,245.8,False,False,51987.99,2.5061274509803924,False
ITM10870,Groceries,32,87,11,9,8.94,8.11,0.59,L45,B,139,3.97,145.46,1.23,8,0.7,473,13.9,0.21,2024-01-09,75.94,0.484,3.579418344519016,80.46,-48.459999999999994,True,True,4654.72,0.3977131493910018,False
ITM10871,Pharma,259,38,12,2,37.24,2.96,0.58,L69,B,47,2.37,179.5,0.78,8,0.87,462,2.58,0.93,2024-10-27,61.81,0.556,6.954887218045112,74.48,184.51999999999998,False,False,46490.5,3.477443609022556,False
ITM10872,Electronics,339,35,12,4,22.24,6.03,0.73,L55,A,142,1.46,73.06,1.64,1,0.73,438,14.04,0.77,2024-02-04,286.96,0.703,15.242805755395684,88.96,250.04000000000002,False,False,24767.34,3.810701438848921,False
ITM10873,Pharma,465,44,9,9,12.74,4.72,0.87,L85,A,91,4.01,173.51,1.88,2,0.82,394,10.65,0.91,2024-01-08,145.73,0.66,36.49921507064364,114.66,350.34000000000003,False,False,80682.15,4.055468341182627,False
ITM10874,Electronics,166,88,14,9,31.45,0.71,0.95,L48,C,45,3.52,189.61,1.75,4,0.89,699,5.82,0.97,2024-05-14,198.85,0.595,5.278219395866455,283.05,-117.05000000000001,False,True,31475.260000000002,0.5864688217629395,False
ITM10875,Pharma,223,76,7,7,9.75,0.88,0.59,L9,C,97,4.44,133.25,0.56,0,0.91,516,1.1,0.38,2024-04-20,263.3,0.617,22.871794871794872,68.25,154.75,False,False,29714.75,3.2673992673992673,False
ITM10876,Electronics,99,96,9,5,38.09,8.36,0.24,L65,C,128,4.3,156.57,0.95,3,0.94,238,12.23,0.66,2024-01-21,103.43,0.728,2.5991073772643736,190.45000000000002,-91.45000000000002,False,True,15500.429999999998,0.5198214754528747,False
ITM10877,Apparel,398,38,5,4,3.33,6.27,0.89,L83,C,94,1.42,87.08,0.75,4,0.88,666,14.57,0.59,2024-01-31,238.82,0.733,119.51951951951952,13.32,384.68,False,False,34657.84,29.87987987987988,False
ITM10878,Automotive,62,43,4,4,48.0,5.48,0.14,L44,C,157,4.25,190.91,1.44,8,0.78,417,14.75,0.63,2024-07-22,238.76,0.575,1.2916666666666667,192.0,-130.0,False,True,11836.42,0.3229166666666667,False
ITM10879,Groceries,477,50,13,9,4.52,9.47,0.83,L2,C,142,1.29,137.46,1.68,7,0.97,434,6.93,0.24,2024-09-16,248.96,0.426,105.53097345132744,40.67999999999999,436.32,False,False,65568.42,11.72566371681416,False
ITM10880,Pharma,108,50,7,8,29.39,2.14,0.71,L54,B,33,4.39,68.93,0.51,0,0.94,992,1.99,0.93,2024-05-26,64.94,0.75,3.6747192922762846,235.12,-127.12,False,True,7444.4400000000005,0.45933991153453557,False
ITM10881,Automotive,167,32,6,5,45.21,2.95,0.91,L63,A,39,3.97,86.81,1.9,2,0.75,147,5.39,0.96,2024-11-17,289.22,0.584,3.6938730369387303,226.05,-59.05000000000001,False,True,14497.27,0.738774607387746,False
ITM10882,Groceries,114,80,7,8,1.58,7.69,0.91,L14,D,37,3.06,127.37,1.39,2,0.95,319,5.34,0.75,2024-12-30,89.69,0.632,72.15189873417721,12.64,101.36,False,False,14520.18,9.018987341772151,False
ITM10883,Groceries,471,12,10,3,25.43,7.86,0.15,L56,C,118,3.39,54.49,0.52,5,0.99,714,2.43,0.41,2024-09-13,235.28,0.56,18.521431380259536,76.28999999999999,394.71000000000004,False,False,25664.79,6.173810460086512,False
ITM10884,Electronics,447,67,14,6,18.15,4.35,0.65,L47,B,144,0.97,153.24,0.81,3,0.89,267,8.35,0.83,2024-07-31,57.07,0.714,24.62809917355372,108.89999999999999,338.1,False,False,68498.28,4.104683195592287,False
ITM10885,Apparel,170,41,6,7,29.44,9.53,0.21,L82,A,179,0.68,52.69,0.3,3,0.78,70,9.46,0.78,2024-08-04,278.03,0.748,5.77445652173913,206.08,-36.08000000000001,False,True,8957.3,0.8249223602484471,False
ITM10886,Apparel,21,40,11,7,12.05,9.41,0.17,L59,A,44,1.99,122.44,1.23,0,0.88,321,11.2,0.66,2024-12-25,134.08,0.734,1.742738589211618,84.35000000000001,-63.35000000000001,True,True,2571.24,0.24896265560165973,False
ITM10887,Automotive,395,91,9,2,4.18,0.62,0.5,L91,A,128,4.2,142.43,0.42,9,0.8,763,1.71,0.34,2024-07-24,203.91,0.429,94.49760765550239,8.36,386.64,False,False,56259.850000000006,47.248803827751196,True
ITM10888,Apparel,41,52,12,8,31.67,2.14,0.19,L20,C,43,2.6,173.35,1.42,3,0.9,209,4.86,0.36,2024-02-12,256.56,0.515,1.2946005683612252,253.36,-212.36,True,True,7107.349999999999,0.16182507104515315,False
ITM10889,Pharma,390,16,14,6,21.43,8.29,0.76,L56,C,112,1.51,149.44,1.5,0,0.86,541,5.97,0.67,2024-11-23,91.89,0.636,18.198786747550162,128.57999999999998,261.42,False,False,58281.6,3.033131124591694,False
ITM10890,Apparel,332,10,9,9,31.5,3.68,0.97,L23,D,126,4.26,161.78,1.01,4,0.98,478,13.49,0.3,2024-10-01,122.81,0.655,10.53968253968254,283.5,48.5,False,False,53710.96,1.1710758377425043,False
ITM10891,Automotive,347,70,10,2,11.32,1.41,0.61,L94,C,85,1.53,183.46,0.28,2,0.89,625,13.62,0.78,2024-10-02,100.88,0.848,30.65371024734982,22.64,324.36,False,False,63660.62,15.32685512367491,False
ITM10892,Apparel,26,23,14,7,17.6,7.96,0.31,L67,A,63,4.17,123.58,1.26,9,0.76,645,4.64,0.37,2024-11-11,92.03,0.382,1.477272727272727,123.20000000000002,-97.20000000000002,False,True,3213.08,0.211038961038961,False
ITM10893,Pharma,225,61,8,6,28.52,4.82,0.86,L84,A,38,2.54,170.79,0.81,4,0.92,634,7.82,0.93,2024-03-19,157.99,0.713,7.889200561009818,171.12,53.879999999999995,False,False,38427.75,1.314866760168303,False
ITM10894,Electronics,459,15,10,4,30.06,5.18,0.87,L35,B,147,2.59,54.06,1.9,2,0.79,621,6.95,0.92,2024-05-22,168.56,0.605,15.269461077844312,120.24,338.76,False,False,24813.54,3.817365269461078,False
ITM10895,Automotive,394,19,5,3,19.24,2.27,0.76,L79,B,36,1.73,164.8,1.08,4,0.78,915,8.37,0.43,2024-02-12,32.28,0.566,20.47817047817048,57.72,336.28,False,False,64931.200000000004,6.826056826056827,False
ITM10896,Electronics,470,80,12,9,14.72,6.78,0.65,L69,D,22,4.55,52.12,0.24,3,0.82,708,5.01,0.27,2024-06-07,205.25,0.601,31.929347826086953,132.48000000000002,337.52,False,False,24496.399999999998,3.5477053140096615,False
ITM10897,Electronics,133,99,12,4,14.41,5.74,0.88,L100,B,51,0.9,187.58,1.31,8,0.7,96,7.48,0.69,2024-02-10,131.8,0.487,9.22970159611381,57.64,75.36,False,False,24948.140000000003,2.3074253990284523,False
ITM10898,Electronics,291,39,3,3,9.56,2.46,0.25,L62,D,174,1.15,72.69,1.58,5,0.99,272,3.04,0.56,2024-09-18,267.96,0.493,30.439330543933053,28.68,262.32,False,False,21152.79,10.146443514644352,True
ITM10899,Groceries,102,30,8,9,16.94,3.73,0.94,L60,B,30,3.36,42.65,0.4,9,0.86,207,10.93,0.31,2024-04-14,266.8,0.56,6.02125147579693,152.46,-50.46000000000001,False,True,4350.3,0.6690279417552145,False
ITM10900,Groceries,198,69,3,8,10.77,6.17,0.95,L56,A,140,4.33,38.15,0.95,1,0.93,96,6.18,0.63,2024-03-20,218.83,0.679,18.384401114206128,86.16,111.84,False,False,7553.7,2.298050139275766,False
ITM10901,Electronics,229,90,11,5,32.06,9.29,0.88,L94,C,145,0.93,45.58,1.51,0,0.78,850,8.59,0.99,2024-10-01,257.6,0.718,7.142857142857142,160.3,68.69999999999999,False,False,10437.82,1.4285714285714284,False
ITM10902,Automotive,483,83,4,2,28.88,9.24,0.33,L76,C,79,3.8,95.03,0.14,0,0.92,771,9.46,0.26,2024-06-16,277.53,0.748,16.72437673130194,57.76,425.24,False,False,45899.49,8.36218836565097,False
ITM10903,Pharma,347,72,13,2,19.75,3.24,0.87,L35,D,154,3.84,109.21,0.16,0,0.87,582,12.71,0.41,2024-07-19,177.43,0.809,17.569620253164558,39.5,307.5,False,False,37895.869999999995,8.784810126582279,False
ITM10904,Pharma,143,51,4,5,16.97,7.49,0.55,L42,C,19,3.12,183.62,1.39,8,0.83,400,2.14,0.63,2024-10-27,291.85,0.422,8.426635238656454,84.85,58.150000000000006,False,False,26257.66,1.6853270477312907,False
ITM10905,Apparel,132,60,9,6,12.64,7.87,0.64,L32,C,150,2.69,82.39,1.48,4,0.99,368,7.76,0.83,2024-11-20,287.07,0.639,10.443037974683543,75.84,56.16,False,False,10875.48,1.7405063291139238,False
ITM10906,Automotive,31,73,4,5,27.24,8.18,0.86,L12,B,115,1.94,51.32,1.71,3,0.85,280,13.52,0.22,2024-11-28,41.87,0.563,1.1380323054331865,136.2,-105.19999999999999,True,True,1590.92,0.2276064610866373,False
ITM10907,Groceries,145,85,12,8,46.03,5.92,0.13,L36,A,21,2.08,151.33,0.86,9,0.9,347,5.62,0.79,2024-12-14,161.6,0.547,3.150119487290897,368.24,-223.24,False,True,21942.850000000002,0.39376493591136214,False
ITM10908,Electronics,72,65,10,7,34.6,0.6,0.43,L58,C,137,3.53,35.58,0.84,4,0.7,494,7.22,0.31,2024-11-25,43.2,0.534,2.0809248554913293,242.20000000000002,-170.20000000000002,False,True,2561.7599999999998,0.2972749793559042,False
ITM10909,Apparel,350,89,8,5,37.48,7.74,0.83,L32,A,160,0.79,179.53,1.15,8,0.79,154,2.19,0.86,2024-02-03,208.4,0.484,9.338313767342584,187.39999999999998,162.60000000000002,False,False,62835.5,1.8676627534685166,False
ITM10910,Pharma,408,50,9,3,41.88,1.51,0.83,L97,B,137,3.13,87.79,1.54,2,0.97,687,11.51,0.75,2024-06-07,231.93,0.703,9.742120343839542,125.64000000000001,282.36,False,False,35818.32,3.2473734479465137,False
ITM10911,Groceries,302,41,9,7,18.23,1.61,0.86,L60,B,70,1.75,126.63,1.32,2,0.93,932,2.19,0.57,2024-12-23,266.56,0.557,16.566099835436095,127.61,174.39,False,False,38242.26,2.366585690776585,False
ITM10912,Groceries,159,24,8,5,4.08,6.25,0.25,L73,C,35,2.6,45.38,0.72,1,0.86,348,9.83,0.86,2024-08-11,198.5,0.783,38.970588235294116,20.4,138.6,False,False,7215.42,7.794117647058823,False
ITM10913,Electronics,420,71,12,2,31.51,9.84,0.74,L79,C,24,3.02,37.65,0.76,7,0.97,117,6.24,0.79,2024-05-02,141.66,0.619,13.329101872421452,63.02,356.98,False,False,15813.0,6.664550936210726,False
ITM10914,Pharma,409,36,13,4,10.24,2.8,0.23,L86,B,31,4.49,161.78,1.55,6,0.85,587,5.73,0.81,2024-01-30,55.22,0.533,39.94140625,40.96,368.04,False,False,66168.02,9.9853515625,False
ITM10915,Automotive,116,37,11,3,28.88,6.64,0.81,L49,B,98,3.11,91.64,1.12,1,0.87,722,9.2,0.43,2024-05-05,46.28,0.651,4.016620498614959,86.64,29.36,False,False,10630.24,1.3388734995383196,False
ITM10916,Groceries,24,90,11,8,37.24,3.38,0.32,L44,D,74,1.52,197.48,0.29,3,0.81,669,8.95,0.7,2024-02-14,150.84,0.732,0.6444683136412459,297.92,-273.92,True,True,4739.5199999999995,0.08055853920515574,False
ITM10917,Electronics,76,73,9,3,39.4,9.04,0.76,L4,D,163,0.86,109.62,0.39,6,0.89,850,6.68,0.31,2024-08-10,251.44,0.57,1.9289340101522843,118.19999999999999,-42.19999999999999,False,True,8331.12,0.6429780033840947,False
ITM10918,Automotive,431,68,11,9,15.79,6.14,0.51,L64,A,30,3.32,170.67,1.72,0,0.8,866,4.9,0.86,2024-02-29,227.71,0.625,27.295756808106397,142.10999999999999,288.89,False,False,73558.76999999999,3.0328618675673775,False
ITM10919,Pharma,353,67,12,6,26.11,2.47,0.99,L42,B,161,2.95,196.19,2.0,0,0.82,645,8.11,0.62,2024-08-20,265.43,0.596,13.519724243584834,156.66,196.34,False,False,69255.06999999999,2.2532873739308057,False
ITM10920,Groceries,88,11,5,4,31.43,2.99,0.62,L24,A,25,3.52,63.42,0.74,7,0.99,90,4.74,0.86,2024-11-09,245.19,0.619,2.799872733057588,125.72,-37.72,False,True,5580.96,0.699968183264397,False
ITM10921,Automotive,137,45,5,3,41.15,4.61,0.67,L63,B,169,2.57,162.17,0.83,5,0.73,249,2.44,0.37,2024-11-07,69.59,0.47,3.3292831105710814,123.44999999999999,13.550000000000011,False,False,22217.289999999997,1.1097610368570272,False
ITM10922,Automotive,395,80,3,9,38.31,1.66,0.43,L28,A,25,4.21,14.18,0.39,1,0.73,597,12.19,0.3,2024-01-29,68.09,0.71,10.310623858000522,344.79,50.20999999999998,False,False,5601.099999999999,1.1456248731111691,False
ITM10923,Automotive,78,22,7,5,49.41,1.25,0.76,L46,D,51,4.64,139.15,0.55,9,0.71,912,10.83,0.75,2024-06-07,142.82,0.601,1.578627808136005,247.04999999999998,-169.04999999999998,False,True,10853.7,0.315725561627201,False
ITM10924,Groceries,52,24,6,3,1.4,6.96,0.55,L34,B,169,0.68,151.59,0.91,9,0.8,424,2.18,0.25,2024-12-07,65.44,0.368,37.142857142857146,4.199999999999999,47.8,False,False,7882.68,12.380952380952381,True
ITM10925,Groceries,337,98,4,3,22.44,4.37,0.12,L44,B,50,3.85,100.7,0.64,0,0.82,455,3.28,0.4,2024-12-02,64.37,0.624,15.017825311942959,67.32000000000001,269.68,False,False,33935.9,5.005941770647653,False
ITM10926,Apparel,69,96,11,3,13.55,7.4,0.65,L36,A,117,0.66,40.8,1.43,2,0.73,283,2.4,0.93,2024-03-30,87.66,0.581,5.0922509225092245,40.650000000000006,28.349999999999994,True,False,2815.2,1.6974169741697416,False
ITM10927,Pharma,387,69,5,6,6.87,1.55,0.85,L77,A,134,2.5,127.18,1.12,3,0.86,557,12.07,0.31,2024-03-02,16.54,0.623,56.33187772925764,41.22,345.78,False,False,49218.66,9.388646288209607,False
ITM10928,Electronics,38,31,10,3,45.66,6.29,0.31,L90,C,161,2.58,180.53,1.66,4,0.87,291,11.82,0.5,2024-01-07,175.69,0.586,0.8322382829610163,136.98,-98.97999999999999,False,True,6860.14,0.27741276098700546,False
ITM10929,Automotive,233,72,8,3,49.9,4.71,0.3,L36,C,22,3.63,186.95,1.48,9,0.93,992,6.71,0.96,2024-12-28,125.02,0.539,4.66933867735471,149.7,83.30000000000001,False,False,43559.35,1.5564462257849032,False
ITM10930,Apparel,216,99,7,6,9.85,1.05,0.65,L72,D,88,2.09,151.76,0.34,2,0.99,388,12.5,0.22,2024-03-11,78.84,0.735,21.928934010152286,59.099999999999994,156.9,False,False,32780.159999999996,3.654822335025381,False
ITM10931,Electronics,398,84,3,9,2.88,5.68,0.84,L2,B,147,4.19,60.11,0.33,4,0.89,69,14.64,0.56,2024-12-25,48.92,0.772,138.19444444444446,25.919999999999998,372.08,False,False,23923.78,15.35493827160494,False
ITM10932,Apparel,469,83,6,7,14.48,1.29,0.32,L67,B,51,2.04,175.36,1.8,6,0.73,904,14.59,0.83,2024-01-06,142.2,0.607,32.389502762430936,101.36,367.64,False,False,82243.84000000001,4.627071823204419,False
ITM10933,Groceries,497,34,5,4,41.91,8.36,0.94,L25,A,178,2.04,178.88,1.66,8,0.73,713,14.73,0.93,2024-03-24,184.57,0.602,11.858744929611072,167.64,329.36,False,False,88903.36,2.964686232402768,False
ITM10934,Automotive,66,57,3,9,15.4,6.5,0.93,L11,D,130,1.5,79.78,0.99,4,0.93,943,12.85,0.79,2024-09-11,292.25,0.736,4.285714285714286,138.6,-72.6,False,True,5265.4800000000005,0.47619047619047616,False
ITM10935,Electronics,186,52,14,8,3.79,5.79,0.28,L31,B,140,3.58,44.77,0.35,3,0.9,220,4.04,0.91,2024-06-26,83.61,0.721,49.07651715039578,30.32,155.68,False,False,8327.220000000001,6.1345646437994725,False
ITM10936,Electronics,471,47,7,7,3.57,1.77,0.34,L93,D,25,0.84,176.19,1.81,9,0.75,265,1.8,0.23,2024-09-24,17.64,0.259,131.9327731092437,24.99,446.01,False,False,82985.49,18.84753901560624,True
ITM10937,Electronics,308,50,8,2,21.94,3.23,0.73,L53,C,53,2.13,178.17,0.54,8,0.78,917,12.36,0.28,2024-09-21,223.44,0.563,14.038286235186872,43.88,264.12,False,False,54876.35999999999,7.019143117593436,False
ITM10938,Electronics,160,54,4,6,46.66,5.18,0.96,L63,A,167,1.7,29.17,0.17,7,0.93,890,5.32,0.79,2024-05-12,78.2,0.658,3.429061294470639,279.96,-119.95999999999998,False,True,4667.200000000001,0.5715102157451065,False
ITM10939,Electronics,103,97,5,6,15.01,6.52,0.74,L72,B,130,1.53,193.73,1.86,4,0.87,793,5.73,0.8,2024-03-26,150.44,0.544,6.862091938707528,90.06,12.939999999999998,False,False,19954.19,1.143681989784588,False
ITM10940,Apparel,201,49,13,3,21.93,2.24,0.5,L98,A,174,0.77,111.29,1.64,8,0.88,65,2.02,0.68,2024-07-09,244.39,0.415,9.165526675786595,65.78999999999999,135.21,False,False,22369.29,3.0551755585955314,False
ITM10941,Automotive,410,26,8,3,5.99,0.58,0.25,L31,C,33,1.36,198.81,1.42,8,0.76,332,11.01,0.78,2024-03-05,20.72,0.553,68.4474123539232,17.97,392.03,False,False,81512.1,22.8158041179744,False
ITM10942,Groceries,98,97,6,8,25.19,3.78,0.51,L89,D,35,2.51,94.55,0.16,0,0.89,350,7.03,0.89,2024-05-17,51.04,0.834,3.89043271139341,201.52,-103.52000000000001,False,True,9265.9,0.48630408892417626,False
ITM10943,Groceries,234,66,11,2,35.13,5.09,0.65,L61,D,67,2.77,111.32,1.1,5,0.93,214,3.86,0.64,2024-03-01,38.47,0.555,6.660973526900085,70.26,163.74,False,False,26048.879999999997,3.3304867634500424,False
ITM10944,Groceries,33,11,7,3,14.29,2.25,0.4,L83,C,18,1.71,60.56,1.34,4,0.97,830,10.13,0.96,2024-01-16,77.78,0.707,2.309307207837649,42.87,-9.869999999999997,False,True,1998.48,0.7697690692792163,False
ITM10945,Groceries,234,71,6,5,15.54,5.18,0.56,L92,C,135,3.43,180.8,1.54,5,0.92,740,14.72,0.76,2024-06-20,60.18,0.678,15.057915057915059,77.69999999999999,156.3,False,False,42307.200000000004,3.011583011583012,False
ITM10946,Apparel,422,97,4,3,42.26,3.72,0.22,L63,B,28,2.01,94.31,1.0,9,0.87,307,7.98,0.58,2024-08-07,101.81,0.516,9.985802176999528,126.78,295.22,False,False,39798.82,3.3286007256665093,False
ITM10947,Pharma,147,18,8,3,1.51,4.82,0.51,L58,B,37,2.15,164.78,1.91,2,0.9,637,9.49,0.54,2024-05-19,226.43,0.584,97.35099337748345,4.53,142.47,False,False,24222.66,32.450331125827816,False
ITM10948,Automotive,329,77,12,5,32.19,3.8,0.18,L3,B,144,4.02,25.15,0.57,2,0.85,666,3.28,0.8,2024-09-25,22.28,0.677,10.220565392979188,160.95,168.05,False,False,8274.35,2.0441130785958377,False
ITM10949,Electronics,496,90,4,2,20.3,6.47,0.14,L12,B,54,2.98,159.77,0.23,9,0.77,402,3.25,0.7,2024-02-02,31.39,0.534,24.43349753694581,40.6,455.4,False,False,79245.92,12.216748768472906,True
ITM10950,Pharma,267,26,14,5,15.62,0.91,0.87,L38,B,137,4.79,103.15,0.73,4,0.96,136,7.42,0.85,2024-05-14,173.65,0.708,17.09346991037132,78.1,188.9,False,False,27541.050000000003,3.418693982074264,False
ITM10951,Groceries,423,59,9,6,33.22,2.12,0.28,L29,D,103,2.12,11.03,1.36,6,0.86,876,12.83,0.82,2024-12-30,160.88,0.651,12.733293196869356,199.32,223.68,False,False,4665.69,2.1222155328115595,False
ITM10952,Pharma,48,49,5,5,41.9,4.61,0.62,L52,B,174,4.23,52.99,1.5,3,0.88,575,13.73,0.62,2024-10-22,147.48,0.673,1.1455847255369929,209.5,-161.5,True,True,2543.52,0.22911694510739858,False
ITM10953,Automotive,299,67,11,4,28.36,3.88,0.23,L89,C,25,3.82,46.81,1.5,5,1.0,920,9.98,0.96,2024-11-17,159.61,0.675,10.543018335684062,113.44,185.56,False,False,13996.19,2.6357545839210155,False
ITM10954,Electronics,357,84,13,6,2.52,4.22,0.34,L32,C,14,4.51,152.84,0.31,4,1.0,994,6.05,0.76,2024-02-09,225.19,0.722,141.66666666666666,15.120000000000001,341.88,False,False,54563.880000000005,23.61111111111111,False
ITM10955,Electronics,338,94,7,3,23.61,8.14,0.43,L40,B,166,4.81,100.67,1.78,1,0.88,847,11.5,0.36,2024-09-11,177.07,0.603,14.315967810249894,70.83,267.17,False,False,34026.46,4.771989270083298,False
ITM10956,Automotive,221,30,10,8,23.68,8.92,0.23,L85,C,61,0.53,40.35,0.63,0,0.71,808,5.09,0.69,2024-08-21,142.52,0.685,9.33277027027027,189.44,31.560000000000002,False,False,8917.35,1.1665962837837838,False
ITM10957,Automotive,380,27,13,6,27.65,2.86,0.14,L75,A,160,0.9,58.79,0.5,5,0.82,927,4.07,0.36,2024-09-18,33.71,0.54,13.743218806509946,165.89999999999998,214.10000000000002,False,False,22340.2,2.2905364677516578,False
ITM10958,Groceries,76,64,8,2,33.88,8.45,0.89,L48,D,15,3.53,105.77,1.27,4,0.98,802,12.14,0.65,2024-07-03,292.68,0.681,2.2432113341204247,67.76,8.239999999999995,False,False,8038.5199999999995,1.1216056670602124,False
ITM10959,Electronics,411,38,14,2,1.95,4.86,0.11,L61,D,173,2.26,13.73,0.5,8,0.79,915,11.52,0.83,2024-01-29,79.41,0.668,210.76923076923077,3.9,407.1,False,False,5643.03,105.38461538461539,False
ITM10960,Pharma,237,33,12,5,25.6,3.1,0.16,L71,B,170,4.19,90.58,1.07,6,1.0,58,13.35,0.85,2024-09-12,262.06,0.721,9.2578125,128.0,109.0,False,False,21467.46,1.8515625,False
ITM10961,Apparel,81,83,10,6,29.83,9.86,0.82,L68,A,58,0.55,138.83,0.87,0,0.73,512,9.07,0.72,2024-10-17,119.9,0.724,2.7153871940998995,178.98,-97.97999999999999,True,True,11245.230000000001,0.45256453234998323,False
ITM10962,Apparel,176,26,13,3,17.82,8.34,0.35,L45,B,178,4.13,108.37,0.54,9,0.87,585,13.55,0.83,2024-03-26,208.34,0.687,9.876543209876543,53.46,122.53999999999999,False,False,19073.120000000003,3.2921810699588474,False
ITM10963,Automotive,221,27,14,2,33.75,9.95,0.75,L55,B,89,1.11,123.64,0.65,5,0.85,673,1.37,0.58,2024-07-07,141.7,0.539,6.548148148148148,67.5,153.5,False,False,27324.44,3.274074074074074,False
ITM10964,Groceries,36,51,5,7,12.18,2.1,0.23,L96,C,107,1.81,72.06,0.91,6,0.78,346,4.55,0.64,2024-03-21,112.71,0.534,2.955665024630542,85.25999999999999,-49.25999999999999,True,True,2594.16,0.422237860661506,False
ITM10965,Apparel,341,93,5,3,16.55,1.87,0.31,L71,D,116,4.86,44.78,0.76,2,0.98,266,12.26,0.9,2024-05-10,188.15,0.823,20.604229607250755,49.650000000000006,291.35,False,False,15269.98,6.868076535750252,False
ITM10966,Electronics,25,54,7,7,48.18,5.28,0.62,L43,A,163,0.73,163.85,0.82,8,0.89,277,6.93,0.59,2024-02-22,165.47,0.546,0.518887505188875,337.26,-312.26,True,True,4096.25,0.07412678645555358,False
ITM10967,Automotive,77,91,13,4,18.06,6.57,0.99,L46,C,46,2.07,182.07,1.5,1,0.77,81,4.35,0.48,2024-10-20,77.41,0.538,4.263565891472869,72.24,4.760000000000005,True,False,14019.39,1.0658914728682172,False
ITM10968,Pharma,344,26,12,7,17.98,2.13,0.17,L90,D,125,0.88,107.04,0.42,0,0.82,480,12.15,0.84,2024-12-11,107.51,0.852,19.132369299221356,125.86,218.14,False,False,36821.76,2.7331956141744795,False
ITM10969,Automotive,431,82,5,9,30.19,8.67,0.46,L59,D,26,4.34,67.96,1.29,9,0.92,838,12.51,0.24,2024-02-29,19.97,0.49,14.276250414044386,271.71000000000004,159.28999999999996,False,False,29290.76,1.5862500460049318,False
ITM10970,Pharma,337,23,10,2,48.58,5.55,0.14,L35,B,41,3.66,107.13,1.39,9,0.79,219,7.39,0.97,2024-04-26,66.14,0.532,6.9370111156854675,97.16,239.84,False,False,36102.81,3.4685055578427337,False
ITM10971,Automotive,188,58,12,5,49.17,4.4,0.28,L40,A,165,4.1,177.01,1.62,8,0.96,280,7.53,0.47,2024-09-17,107.39,0.464,3.8234695952816757,245.85000000000002,-57.85000000000002,False,True,33277.88,0.7646939190563351,False
ITM10972,Automotive,472,38,14,4,29.4,6.22,0.92,L33,B,34,2.87,141.37,1.71,6,0.75,119,11.93,0.7,2024-01-02,291.92,0.558,16.054421768707485,117.6,354.4,False,False,66726.64,4.013605442176871,False
ITM10973,Automotive,101,13,10,6,1.05,6.53,0.19,L30,C,31,2.11,173.14,0.4,9,0.78,160,11.8,0.75,2024-01-23,162.86,0.643,96.19047619047619,6.300000000000001,94.7,False,False,17487.14,16.03174603174603,False
ITM10974,Pharma,493,91,4,3,45.13,0.91,0.87,L16,B,70,0.51,72.39,0.36,0,0.74,138,13.13,0.31,2024-01-07,213.23,0.749,10.923997341014845,135.39000000000001,357.61,False,False,35688.27,3.6413324470049484,False
ITM10975,Pharma,487,29,14,2,28.94,10.0,0.26,L93,B,135,1.75,145.28,1.27,3,0.73,51,10.04,0.86,2024-05-05,205.34,0.665,16.8279198341396,57.88,429.12,False,False,70751.36,8.4139599170698,False
ITM10976,Automotive,444,56,6,4,18.93,3.96,0.88,L25,D,53,2.82,134.08,1.54,9,0.79,976,3.6,0.66,2024-01-24,294.46,0.404,23.454833597464344,75.72,368.28,False,False,59531.520000000004,5.863708399366086,False
ITM10977,Apparel,452,18,12,4,41.63,1.08,0.58,L41,D,111,3.49,118.61,0.62,2,1.0,105,8.7,0.46,2024-08-29,171.14,0.706,10.85755464809032,166.52,285.48,False,False,53611.72,2.71438866202258,False
ITM10978,Groceries,238,86,3,9,20.59,8.6,0.89,L16,C,29,1.53,110.36,1.1,6,0.73,719,6.35,0.88,2024-07-05,179.79,0.577,11.559009227780477,185.31,52.69,False,False,26265.68,1.2843343586422753,False
ITM10979,Groceries,196,88,6,2,2.67,9.93,0.24,L96,D,118,1.13,114.69,1.57,4,0.76,320,1.38,0.7,2024-07-15,97.02,0.473,73.40823970037454,5.34,190.66,False,False,22479.239999999998,36.70411985018727,True
ITM10980,Groceries,223,36,14,6,41.23,8.26,0.79,L69,D,97,1.41,171.44,1.56,8,0.78,323,3.75,0.83,2024-03-17,191.57,0.456,5.408682997817124,247.38,-24.379999999999995,False,True,38231.12,0.9014471663028539,False
ITM10981,Pharma,90,24,13,6,27.75,8.59,0.71,L98,D,56,2.09,184.04,1.34,2,0.89,593,3.88,0.99,2024-04-01,229.74,0.654,3.2432432432432434,166.5,-76.5,False,True,16563.6,0.5405405405405406,False
ITM10982,Pharma,406,28,6,5,17.57,6.45,0.59,L89,B,60,1.17,31.44,0.25,5,0.92,319,2.15,0.3,2024-01-19,39.94,0.548,23.10756972111554,87.85,318.15,False,False,12764.640000000001,4.621513944223108,False
ITM10983,Apparel,285,99,12,8,13.29,9.26,0.83,L24,A,48,1.21,118.07,0.2,9,0.93,239,7.35,0.8,2024-10-10,149.24,0.644,21.44469525959368,106.32,178.68,False,False,33649.95,2.68058690744921,False
ITM10984,Groceries,117,61,11,7,30.1,0.84,0.68,L25,C,23,0.7,184.5,0.84,1,0.7,771,8.11,0.81,2024-12-01,132.35,0.706,3.8870431893687707,210.70000000000002,-93.70000000000002,False,True,21586.5,0.5552918841955387,False
ITM10985,Groceries,364,35,5,6,11.19,7.78,0.89,L28,B,30,4.36,35.6,0.15,2,0.9,532,5.76,0.9,2024-08-02,42.94,0.782,32.52904378909741,67.14,296.86,False,False,12958.4,5.421507298182902,False
ITM10986,Automotive,310,98,4,9,16.87,6.87,0.44,L95,C,152,1.49,88.44,1.82,3,0.89,357,6.77,0.53,2024-04-24,108.97,0.532,18.37581505631298,151.83,158.17,False,False,27416.399999999998,2.04175722847922,False
ITM10987,Pharma,227,35,11,5,32.19,0.97,0.63,L62,B,109,4.2,26.93,0.14,5,0.86,71,8.69,0.9,2024-06-13,165.2,0.754,7.051879465672569,160.95,66.05000000000001,False,False,6113.11,1.4103758931345138,False
ITM10988,Groceries,21,35,11,7,44.2,5.67,0.88,L36,C,106,2.47,31.56,0.16,0,0.81,63,2.69,0.71,2024-05-07,198.46,0.724,0.4751131221719457,309.40000000000003,-288.40000000000003,True,True,662.76,0.06787330316742081,False
ITM10989,Apparel,143,55,3,4,27.11,5.39,0.29,L93,D,10,3.35,181.78,0.41,5,0.94,535,8.87,0.26,2024-08-01,93.78,0.617,5.274806344522316,108.44,34.56,False,False,25994.54,1.318701586130579,False
ITM10990,Apparel,299,58,8,2,38.2,7.07,0.54,L76,C,118,0.84,94.77,1.29,3,0.8,767,10.94,0.23,2024-06-12,148.13,0.563,7.827225130890052,76.4,222.6,False,False,28336.23,3.913612565445026,False
ITM10991,Groceries,93,91,12,6,38.39,1.24,0.96,L98,A,91,3.13,140.86,1.13,7,0.77,595,13.25,0.59,2024-05-18,222.88,0.596,2.422505860901276,230.34,-137.34,False,True,13099.980000000001,0.4037509768168794,False
ITM10992,Pharma,185,62,10,5,33.55,8.15,0.53,L68,C,147,1.8,36.39,1.35,8,0.79,903,5.22,0.83,2024-02-09,132.45,0.499,5.514157973174367,167.75,17.25,False,False,6732.150000000001,1.1028315946348735,False
ITM10993,Apparel,41,12,5,4,13.05,1.82,0.33,L77,A,160,0.93,14.17,1.8,7,0.83,513,11.46,0.51,2024-10-19,282.82,0.501,3.1417624521072796,52.2,-11.200000000000003,False,True,580.97,0.7854406130268199,False
ITM10994,Automotive,173,75,13,6,43.47,4.48,0.42,L37,C,27,4.59,179.19,0.96,7,0.76,617,9.48,0.88,2024-07-09,18.9,0.618,3.9797561536691974,260.82,-87.82,False,True,30999.87,0.6632926922781995,False
ITM10995,Apparel,446,51,11,3,22.38,8.87,0.9,L13,D,67,3.22,119.16,0.18,1,0.88,801,8.04,0.59,2024-03-02,85.47,0.763,19.92850759606792,67.14,378.86,False,False,53145.36,6.642835865355973,False
ITM10996,Electronics,458,28,4,8,3.17,5.83,0.96,L25,C,135,1.59,13.8,1.55,9,0.97,998,13.87,0.22,2024-09-14,48.68,0.488,144.4794952681388,25.36,432.64,False,False,6320.400000000001,18.05993690851735,False
ITM10997,Electronics,314,26,8,4,12.99,4.11,0.96,L38,B,82,2.39,198.54,1.64,1,0.88,482,9.68,0.98,2024-12-10,166.97,0.717,24.172440338722094,51.96,262.04,False,False,62341.56,6.0431100846805235,False
ITM10998,Pharma,238,42,3,9,38.51,0.96,0.73,L30,D,119,2.11,103.52,0.19,5,0.83,624,6.12,0.59,2024-01-27,61.44,0.647,6.180212931706051,346.59,-108.58999999999997,False,True,24637.76,0.6866903257451168,False
ITM10999,Groceries,176,85,9,9,4.39,6.89,0.56,L47,D,61,3.65,100.42,0.56,4,0.94,449,10.98,0.72,2024-04-01,225.13,0.742,40.09111617312073,39.51,136.49,False,False,17673.920000000002,4.454568463680081,False
ITM11000,Pharma,249,58,5,6,8.22,9.87,0.26,L23,B,55,3.23,127.97,1.56,5,0.92,641,14.44,0.36,2024-04-24,276.32,0.593,30.291970802919707,49.32000000000001,199.68,False,False,31864.53,5.0486618004866175,False
ITM11001,Pharma,39,65,9,9,35.02,9.16,0.21,L39,D,116,0.59,11.5,0.81,8,0.81,601,13.85,0.44,2024-09-21,70.09,0.594,1.1136493432324386,315.18,-276.18,True,True,448.5,0.1237388159147154,False
ITM11002,Pharma,494,72,6,4,44.74,7.31,0.15,L2,D,22,1.39,118.14,1.0,9,0.88,855,14.72,0.59,2024-01-24,272.96,0.61,11.041573535985695,178.96,315.03999999999996,False,False,58361.16,2.7603933839964236,False
ITM11003,Pharma,60,12,11,2,32.05,1.5,0.12,L91,B,105,2.65,129.6,1.66,6,0.92,963,2.33,0.88,2024-07-24,193.21,0.505,1.87207488299532,64.1,-4.099999999999994,False,True,7776.0,0.93603744149766,False
ITM11004,Automotive,457,58,7,2,11.89,2.77,0.89,L69,D,26,2.5,66.42,0.28,4,0.77,328,7.21,0.28,2024-02-05,66.89,0.598,38.43566021867115,23.78,433.22,False,False,30353.940000000002,19.217830109335576,False
ITM11005,Automotive,167,64,5,8,3.62,2.28,0.83,L17,D,76,2.83,148.1,1.39,9,0.81,817,7.06,0.82,2024-08-26,223.6,0.501,46.13259668508287,28.96,138.04,False,False,24732.7,5.766574585635359,False
ITM11006,Apparel,127,35,10,2,31.14,3.88,0.61,L36,D,70,3.72,81.71,0.51,6,0.73,159,6.37,0.66,2024-05-24,36.35,0.592,4.078355812459859,62.28,64.72,False,False,10377.17,2.0391779062299293,False
ITM11007,Electronics,422,81,8,7,3.32,2.74,1.0,L6,D,74,3.57,146.38,0.22,7,1.0,97,3.5,0.6,2024-06-08,210.72,0.605,127.10843373493977,23.24,398.76,False,False,61772.36,18.158347676419968,True
ITM11008,Pharma,103,61,4,3,31.02,2.82,0.96,L7,C,142,2.18,37.33,1.36,0,0.73,793,12.65,0.9,2024-06-16,259.77,0.759,3.3204384268214056,93.06,9.939999999999998,False,False,3844.99,1.1068128089404685,False
ITM11009,Apparel,386,16,5,2,12.05,6.36,0.69,L71,D,169,4.45,183.6,0.33,9,0.75,131,10.42,0.29,2024-02-14,285.61,0.534,32.03319502074689,24.1,361.9,False,False,70869.59999999999,16.016597510373444,False
ITM11010,Electronics,341,55,10,9,45.33,3.53,0.52,L38,D,98,0.78,177.1,1.52,6,0.84,735,9.48,0.99,2024-10-10,25.81,0.62,7.522611956761527,407.96999999999997,-66.96999999999997,False,True,60391.1,0.835845772973503,False
ITM11011,Groceries,433,55,12,3,24.28,6.93,0.24,L90,D,65,3.13,38.62,0.49,3,0.96,674,7.26,0.88,2024-08-21,27.96,0.756,17.833607907742998,72.84,360.15999999999997,False,False,16722.46,5.944535969247666,False
ITM11012,Automotive,328,25,9,2,11.97,9.5,0.56,L17,C,14,4.77,188.31,0.19,4,0.81,327,6.44,0.46,2024-01-05,279.82,0.641,27.401837928153718,23.94,304.06,False,False,61765.68,13.700918964076859,False
ITM11013,Electronics,309,33,12,7,42.8,6.57,0.24,L82,A,110,2.97,115.98,0.29,1,0.93,430,12.01,0.56,2024-07-07,238.98,0.809,7.219626168224299,299.59999999999997,9.400000000000034,False,False,35837.82,1.0313751668891855,False
ITM11014,Groceries,425,70,8,9,13.45,7.64,0.46,L97,D,96,2.55,143.31,1.7,9,0.9,359,8.38,0.22,2024-04-12,234.54,0.386,31.598513011152416,121.05,303.95,False,False,60906.75,3.5109458901280464,False
ITM11015,Electronics,342,63,3,4,16.02,7.64,0.95,L63,A,171,1.1,169.66,0.8,4,0.89,601,9.51,0.62,2024-05-29,225.36,0.669,21.348314606741575,64.08,277.92,False,False,58023.72,5.337078651685394,False
ITM11016,Automotive,153,71,11,6,41.88,3.64,0.41,L14,A,70,4.15,25.88,0.67,8,0.95,591,2.4,0.64,2024-10-15,218.03,0.523,3.6532951289398277,251.28000000000003,-98.28000000000003,False,True,3959.64,0.6088825214899712,False
ITM11017,Automotive,226,10,5,6,16.13,0.64,0.24,L2,B,78,2.18,42.16,1.03,0,0.7,816,7.6,0.94,2024-06-04,187.83,0.726,14.011159330440174,96.78,129.22,False,False,9528.16,2.335193221740029,False
ITM11018,Apparel,302,58,7,2,21.1,1.02,0.62,L74,B,72,3.66,65.17,1.3,2,0.98,289,2.82,0.51,2024-11-14,245.69,0.566,14.312796208530806,42.2,259.8,False,False,19681.34,7.156398104265403,False
ITM11019,Pharma,285,34,9,6,18.04,3.18,0.64,L37,A,53,1.39,100.67,0.17,3,0.95,232,1.75,0.66,2024-05-04,19.91,0.668,15.798226164079823,108.24,176.76,False,False,28690.95,2.633037694013304,False
ITM11020,Electronics,92,19,9,2,6.7,7.05,0.27,L61,C,37,0.69,75.75,1.81,8,0.98,233,10.65,0.79,2024-08-25,224.69,0.555,13.731343283582088,13.4,78.6,False,False,6969.0,6.865671641791044,False
ITM11021,Electronics,371,89,5,2,2.91,9.11,0.28,L62,D,22,1.87,106.11,1.92,1,0.94,603,4.85,0.69,2024-07-07,179.05,0.579,127.49140893470789,5.82,365.18,False,False,39366.81,63.745704467353946,False
ITM11022,Groceries,67,25,6,9,36.5,9.61,0.99,L57,D,39,1.77,45.32,0.89,6,0.96,987,14.51,0.32,2024-10-29,273.16,0.64,1.8356164383561644,328.5,-261.5,False,True,3036.44,0.2039573820395738,False
ITM11023,Automotive,345,67,12,8,32.61,0.75,0.32,L44,D,163,4.43,139.61,0.88,8,0.76,515,9.48,0.34,2024-09-09,281.55,0.498,10.579576816927323,260.88,84.12,False,False,48165.450000000004,1.3224471021159154,False
ITM11024,Electronics,252,81,9,5,14.84,9.91,0.85,L24,B,72,4.39,20.59,1.77,9,0.8,688,10.03,0.31,2024-04-10,79.99,0.399,16.9811320754717,74.2,177.8,False,False,5188.68,3.3962264150943398,False
ITM11025,Automotive,462,38,10,5,15.48,3.56,0.52,L7,B,82,2.9,78.68,0.92,3,0.79,486,3.76,0.37,2024-10-06,238.94,0.53,29.844961240310077,77.4,384.6,False,False,36350.16,5.9689922480620154,False
ITM11026,Electronics,119,15,4,8,47.31,8.51,0.49,L33,D,66,0.59,44.02,1.73,4,0.73,643,2.8,0.46,2024-05-05,287.53,0.422,2.5153244557176073,378.48,-259.48,False,True,5238.38,0.3144155569647009,False
ITM11027,Apparel,78,25,11,5,49.4,2.21,0.37,L62,A,73,1.53,148.69,0.15,9,0.92,282,8.36,0.79,2024-03-18,87.33,0.658,1.5789473684210527,247.0,-169.0,False,True,11597.82,0.3157894736842105,False
ITM11028,Pharma,277,29,9,3,24.2,1.1,0.8,L15,B,61,3.38,177.89,1.03,3,0.74,870,13.96,0.25,2024-01-04,256.81,0.621,11.446280991735538,72.6,204.4,False,False,49275.53,3.8154269972451793,False
ITM11029,Electronics,432,89,10,5,40.32,4.09,0.89,L9,D,72,0.96,24.97,1.91,6,0.72,753,1.78,0.86,2024-07-28,180.09,0.429,10.714285714285714,201.6,230.4,False,False,10787.039999999999,2.142857142857143,False
ITM11030,Automotive,471,80,8,2,37.1,8.66,0.34,L52,A,150,3.65,159.16,0.58,7,0.93,50,8.11,0.41,2024-01-13,124.55,0.578,12.695417789757412,74.2,396.8,False,False,74964.36,6.347708894878706,False
ITM11031,Apparel,84,87,8,7,15.57,2.6,0.19,L63,D,102,0.55,180.19,0.61,7,0.97,554,3.78,0.69,2024-04-29,248.85,0.581,5.394990366088632,108.99000000000001,-24.99000000000001,True,True,15135.96,0.7707129094412332,False
ITM11032,Electronics,102,52,11,7,3.87,1.96,0.22,L10,B,116,3.57,195.05,1.3,2,0.93,411,11.95,0.64,2024-10-04,262.39,0.703,26.356589147286822,27.09,74.91,False,False,19895.100000000002,3.7652270210409746,False
ITM11033,Groceries,173,35,6,4,7.99,9.14,0.81,L74,C,118,4.3,120.08,1.86,1,0.95,768,10.55,0.32,2024-06-26,91.97,0.589,21.65206508135169,31.96,141.04,False,False,20773.84,5.4130162703379225,False
ITM11034,Pharma,492,99,13,9,42.08,9.41,0.49,L81,C,97,2.61,72.2,0.48,5,0.88,758,2.36,0.43,2024-11-21,240.39,0.545,11.692015209125476,378.71999999999997,113.28000000000003,False,False,35522.4,1.2991128010139417,False
ITM11035,Electronics,285,87,13,5,36.83,0.62,0.22,L88,B,54,4.23,71.17,1.85,0,0.97,332,9.63,0.44,2024-12-21,24.4,0.625,7.738256855824057,184.14999999999998,100.85000000000002,False,False,20283.45,1.5476513711648114,False
ITM11036,Apparel,328,80,7,7,33.55,7.41,0.41,L7,A,117,4.02,82.0,1.36,8,0.85,578,14.77,0.7,2024-01-05,131.12,0.611,9.77645305514158,234.84999999999997,93.15000000000003,False,False,26896.0,1.3966361507345115,False
ITM11037,Groceries,98,42,11,5,7.4,3.44,0.56,L20,D,55,3.52,126.41,1.99,6,1.0,880,8.39,0.83,2024-06-20,30.24,0.559,13.243243243243242,37.0,61.0,False,False,12388.18,2.6486486486486482,False
ITM11038,Apparel,334,35,3,9,32.36,4.06,0.87,L20,B,86,2.5,103.14,1.5,7,0.73,945,5.0,1.0,2024-01-01,95.21,0.523,10.321384425216317,291.24,42.75999999999999,False,False,34448.76,1.1468204916907019,False
ITM11039,Apparel,169,54,6,4,38.84,4.96,0.68,L73,A,178,1.72,134.19,1.37,6,0.94,218,3.13,0.28,2024-12-02,285.61,0.429,4.351184346035015,155.36,13.639999999999986,False,False,22678.11,1.0877960865087537,False
ITM11040,Groceries,454,93,9,7,43.17,4.55,0.26,L39,D,55,4.37,17.47,1.65,4,0.89,938,14.85,0.95,2024-07-11,223.07,0.721,10.516562427611767,302.19,151.81,False,False,7931.379999999999,1.5023660610873952,False
ITM11041,Apparel,67,72,13,2,1.65,5.39,0.24,L11,D,138,3.42,30.12,0.43,4,0.87,235,8.89,0.65,2024-06-06,229.12,0.7,40.60606060606061,3.3,63.7,True,False,2018.04,20.303030303030305,False
ITM11042,Groceries,424,76,11,3,34.54,6.03,0.47,L32,B,101,4.09,195.54,1.9,6,0.92,171,6.25,0.49,2024-02-23,49.0,0.455,12.27562246670527,103.62,320.38,False,False,82908.95999999999,4.091874155568424,False
ITM11043,Electronics,398,61,13,8,1.94,4.92,0.17,L16,D,21,2.98,199.12,0.41,6,0.95,490,4.0,0.43,2024-04-15,177.82,0.568,205.15463917525773,15.52,382.48,False,False,79249.76,25.644329896907216,True
ITM11044,Groceries,267,77,14,8,35.64,7.16,0.78,L72,C,97,1.27,151.87,0.15,1,0.96,785,14.3,0.37,2024-09-28,122.76,0.822,7.491582491582491,285.12,-18.120000000000005,False,True,40549.29,0.9364478114478114,False
ITM11045,Groceries,297,35,12,8,32.15,7.33,0.46,L98,C,82,4.91,58.72,1.43,1,0.75,688,9.78,0.65,2024-05-01,222.91,0.647,9.237947122861586,257.2,39.80000000000001,False,False,17439.84,1.1547433903576982,False
ITM11046,Pharma,375,84,8,5,8.27,4.68,0.41,L54,D,172,1.32,191.14,0.45,6,0.76,727,1.81,0.96,2024-08-02,55.55,0.603,45.34461910519952,41.349999999999994,333.65,False,False,71677.5,9.068923821039904,False
ITM11047,Groceries,117,11,14,7,38.54,1.85,0.56,L78,B,111,4.6,50.6,1.54,4,0.7,523,1.83,0.35,2024-09-08,91.76,0.4,3.035806953814219,269.78,-152.77999999999997,False,True,5920.2,0.4336867076877456,False
ITM11048,Groceries,433,23,10,9,4.35,6.59,0.74,L77,D,108,1.44,148.97,1.61,1,0.74,171,14.15,0.55,2024-01-31,270.59,0.666,99.54022988505749,39.15,393.85,False,False,64504.01,11.060025542784166,False
ITM11049,Electronics,44,39,11,9,41.49,7.84,0.61,L80,B,170,2.18,31.9,0.55,0,0.78,883,10.94,0.36,2024-03-13,59.24,0.719,1.0604965051819715,373.41,-329.41,False,True,1403.6,0.11783294502021906,False
ITM11050,Pharma,303,58,12,7,13.83,6.56,0.82,L29,B,67,2.48,133.29,0.26,8,0.92,781,2.45,0.34,2024-12-30,193.4,0.499,21.90889370932755,96.81,206.19,False,False,40386.869999999995,3.1298419584753643,False
ITM11051,Automotive,468,21,6,4,34.75,6.09,0.67,L100,C,137,4.65,154.31,1.05,7,0.84,990,9.73,0.89,2024-05-23,101.39,0.631,13.467625899280575,139.0,329.0,False,False,72217.08,3.366906474820144,False
ITM11052,Electronics,388,99,3,2,46.26,2.68,0.81,L67,C,126,4.5,173.33,1.79,1,0.93,840,6.87,0.41,2024-02-17,33.75,0.561,8.3873757025508,92.52,295.48,False,False,67252.04000000001,4.1936878512754,False
ITM11053,Electronics,320,53,10,6,17.65,6.63,0.73,L49,A,44,4.2,149.52,1.71,1,0.85,709,12.04,0.4,2024-01-23,74.87,0.62,18.13031161473088,105.89999999999999,214.10000000000002,False,False,47846.4,3.0217186024551466,False
ITM11054,Automotive,87,42,4,7,25.64,3.68,0.27,L58,B,93,2.2,185.46,0.32,2,0.87,341,4.83,0.93,2024-04-28,262.13,0.752,3.393135725429017,179.48000000000002,-92.48000000000002,False,True,16135.02,0.4847336750612881,False
ITM11055,Groceries,26,22,13,3,23.69,9.24,0.15,L57,D,75,0.52,108.98,1.93,3,0.73,987,6.36,0.51,2024-09-23,274.06,0.48,1.0975094976783453,71.07000000000001,-45.07000000000001,False,True,2833.48,0.3658364992261151,False
ITM11056,Apparel,324,87,3,4,8.72,6.71,0.91,L39,B,35,3.57,138.71,0.6,8,0.93,296,3.34,0.21,2024-07-30,131.75,0.453,37.15596330275229,34.88,289.12,False,False,44942.04,9.288990825688073,False
ITM11057,Pharma,156,97,9,7,29.93,3.14,0.95,L76,C,51,2.35,80.21,0.76,5,0.93,967,4.53,0.78,2024-12-24,190.06,0.626,5.2121617106582026,209.51,-53.50999999999999,False,True,12512.759999999998,0.744594530094029,False
ITM11058,Apparel,183,35,14,7,37.41,4.99,0.75,L55,B,86,3.91,11.97,0.38,2,0.79,237,3.65,0.61,2024-07-09,160.94,0.651,4.891740176423417,261.87,-78.87,False,True,2190.51,0.6988200252033453,False
ITM11059,Automotive,102,30,12,4,45.93,8.54,0.75,L40,A,39,4.08,153.77,0.82,7,0.8,572,1.34,0.82,2024-08-22,91.11,0.52,2.2207707380796866,183.72,-81.72,False,True,15684.54,0.5551926845199217,False
ITM11060,Electronics,404,37,11,4,42.69,3.69,0.34,L73,D,125,2.48,175.27,1.31,5,0.77,333,1.65,0.66,2024-02-13,109.99,0.477,9.463574607636449,170.76,233.24,False,False,70809.08,2.3658936519091123,False
ITM11061,Electronics,157,57,13,5,25.99,5.49,0.59,L80,B,169,3.87,43.05,1.06,7,0.94,606,12.7,0.48,2024-10-24,162.78,0.607,6.040784917275876,129.95,27.05000000000001,False,False,6758.849999999999,1.2081569834551753,False
ITM11062,Pharma,439,49,14,7,36.23,6.96,0.99,L8,D,45,4.28,15.44,1.67,9,0.92,173,12.25,0.25,2024-02-18,211.65,0.45,12.117030085564451,253.60999999999999,185.39000000000001,False,False,6778.16,1.7310042979377787,False
ITM11063,Electronics,92,75,14,6,40.24,7.67,0.87,L79,D,28,4.68,41.26,1.32,1,0.88,939,2.97,0.89,2024-09-15,111.46,0.642,2.286282306163022,241.44,-149.44,False,True,3795.9199999999996,0.38104705102717035,False
ITM11064,Electronics,256,82,11,3,25.18,2.15,0.37,L95,C,31,3.12,180.1,0.6,7,0.77,296,10.35,0.37,2024-03-09,212.69,0.566,10.16679904686259,75.53999999999999,180.46,False,False,46105.6,3.388933015620863,False
ITM11065,Pharma,65,96,5,2,6.66,5.87,0.37,L13,B,74,4.0,66.15,1.16,4,0.75,455,11.44,0.98,2024-11-22,288.68,0.703,9.75975975975976,13.32,51.68,True,False,4299.75,4.87987987987988,False
ITM11066,Pharma,125,88,8,2,22.46,9.17,0.54,L98,D,66,2.73,54.4,0.22,9,0.72,386,1.72,0.4,2024-07-20,17.12,0.445,5.565449688334818,44.92,80.08,False,False,6800.0,2.782724844167409,False
ITM11067,Automotive,435,86,9,6,42.28,9.7,0.46,L27,C,20,0.69,12.77,1.2,3,0.71,208,2.24,0.86,2024-02-08,57.51,0.564,10.288552507095552,253.68,181.32,False,False,5554.95,1.7147587511825921,False
ITM11068,Electronics,307,32,12,9,30.24,6.73,0.43,L81,A,35,1.2,66.44,0.84,2,0.76,316,8.88,0.83,2024-10-30,275.72,0.712,10.152116402116402,272.15999999999997,34.84000000000003,False,False,20397.079999999998,1.1280129335684892,False
ITM11069,Electronics,281,90,11,4,36.5,9.84,0.66,L28,A,28,1.08,145.97,0.29,8,0.73,341,6.24,0.57,2024-10-17,30.76,0.554,7.698630136986301,146.0,135.0,False,False,41017.57,1.9246575342465753,False
ITM11070,Automotive,195,57,4,4,10.08,5.92,0.11,L34,B,92,1.27,192.23,0.68,9,0.87,639,10.79,0.52,2024-02-01,231.86,0.574,19.345238095238095,40.32,154.68,False,False,37484.85,4.836309523809524,False
ITM11071,Groceries,185,11,10,9,48.25,4.7,0.79,L85,D,149,0.55,69.42,1.81,6,0.81,852,8.81,0.76,2024-08-10,190.95,0.53,3.8341968911917097,434.25,-249.25,False,True,12842.7,0.4260218767990789,False
ITM11072,Groceries,164,93,9,4,20.8,5.74,0.77,L11,B,76,4.36,55.73,1.21,6,0.83,944,1.43,0.62,2024-12-05,23.83,0.468,7.884615384615384,83.2,80.8,False,False,9139.72,1.971153846153846,False
ITM11073,Groceries,349,29,6,9,33.03,1.6,0.85,L21,D,65,3.02,178.73,1.82,5,0.88,200,10.57,0.71,2024-03-07,10.21,0.577,10.566151983045716,297.27,51.73000000000002,False,False,62376.77,1.1740168870050796,False
ITM11074,Automotive,389,68,4,7,1.92,4.32,0.86,L31,C,27,2.22,171.98,0.88,8,0.9,334,3.85,0.58,2024-05-01,155.58,0.499,202.60416666666669,13.44,375.56,False,False,66900.22,28.943452380952383,True
ITM11075,Electronics,302,55,10,9,7.24,4.85,0.61,L23,A,122,2.34,72.35,1.96,2,0.89,200,5.38,0.65,2024-05-29,44.03,0.544,41.71270718232044,65.16,236.84,False,False,21849.699999999997,4.634745242480049,False
ITM11076,Automotive,73,12,13,4,39.32,8.56,0.8,L71,A,14,2.59,23.07,0.78,0,0.78,173,11.31,0.35,2024-05-13,262.94,0.699,1.856561546286877,157.28,-84.28,False,True,1684.1100000000001,0.46414038657171924,False
ITM11077,Automotive,197,64,7,4,48.43,7.71,0.54,L10,A,121,0.83,198.48,1.54,6,0.94,789,11.8,0.24,2024-06-10,149.42,0.519,4.067726615734049,193.72,3.280000000000001,False,False,39100.56,1.0169316539335123,False
ITM11078,Groceries,438,21,8,7,16.68,6.21,0.96,L21,A,161,1.74,139.33,0.68,8,0.98,321,5.84,0.48,2024-07-20,77.99,0.542,26.258992805755398,116.75999999999999,321.24,False,False,61026.54000000001,3.7512846865364855,False
ITM11079,Apparel,263,49,13,9,2.82,3.8,0.27,L1,B,124,4.33,186.05,0.3,5,0.79,920,2.25,0.57,2024-12-24,58.78,0.572,93.26241134751774,25.38,237.62,False,False,48931.15,10.362490149724193,True
ITM11080,Electronics,360,75,9,7,18.68,2.28,0.92,L53,D,175,3.85,74.96,1.68,9,0.71,389,11.78,0.92,2024-06-16,252.37,0.535,19.271948608137045,130.76,229.24,False,False,26985.6,2.7531355154481494,False
ITM11081,Groceries,146,87,12,6,1.86,3.8,0.33,L58,B,76,3.04,133.06,1.55,1,0.97,778,13.18,0.53,2024-06-11,218.43,0.701,78.49462365591397,11.16,134.84,False,False,19426.760000000002,13.082437275985662,False
ITM11082,Apparel,428,25,3,5,10.43,6.96,0.19,L89,C,79,2.66,138.15,1.66,7,0.98,708,14.5,0.55,2024-08-19,218.21,0.593,41.035474592521574,52.15,375.85,False,False,59128.200000000004,8.207094918504314,False
ITM11083,Apparel,431,92,10,7,37.87,3.0,0.5,L77,A,61,1.67,175.85,0.67,8,0.72,779,5.45,0.74,2024-05-19,34.74,0.538,11.38104040137312,265.09,165.91000000000003,False,False,75791.34999999999,1.6258629144818744,False
ITM11084,Pharma,386,43,6,3,46.92,4.56,0.65,L61,D,136,2.62,198.68,1.44,9,0.7,657,2.73,0.37,2024-04-29,191.11,0.326,8.226768968456948,140.76,245.24,False,False,76690.48,2.742256322818983,False
ITM11085,Electronics,290,53,11,4,5.29,4.17,0.31,L38,B,176,3.19,30.65,0.52,7,0.94,496,14.13,0.9,2024-02-08,262.15,0.764,54.82041587901701,21.16,268.84,False,False,8888.5,13.705103969754253,False
ITM11086,Apparel,151,15,3,5,28.34,7.77,0.6,L5,D,163,3.71,129.91,0.12,8,0.79,611,6.6,0.54,2024-04-13,232.11,0.582,5.328158080451659,141.7,9.300000000000011,False,False,19616.41,1.0656316160903319,False
ITM11087,Groceries,112,86,13,2,13.44,8.9,0.83,L30,B,74,1.25,73.92,1.75,0,0.97,506,2.31,0.94,2024-03-10,44.27,0.638,8.333333333333334,26.88,85.12,False,False,8279.04,4.166666666666667,False
ITM11088,Pharma,398,73,4,6,7.81,7.14,0.33,L37,D,89,4.16,164.22,1.09,2,0.77,604,7.98,0.42,2024-10-26,285.29,0.595,50.96030729833547,46.86,351.14,False,False,65359.56,8.49338454972258,False
ITM11089,Electronics,92,31,8,9,11.73,3.75,0.62,L91,D,122,2.06,153.29,1.97,2,0.96,580,3.67,0.57,2024-02-25,30.22,0.518,7.8431372549019605,105.57000000000001,-13.570000000000007,False,True,14102.679999999998,0.8714596949891067,False
ITM11090,Automotive,430,27,13,5,29.31,4.62,0.41,L37,A,120,2.76,179.58,0.83,8,0.72,162,5.97,0.82,2024-03-20,171.5,0.545,14.670760832480383,146.54999999999998,283.45000000000005,False,False,77219.40000000001,2.9341521664960766,False
ITM11091,Groceries,429,21,12,7,4.19,1.86,0.58,L90,B,62,3.24,75.3,1.92,2,0.78,938,5.48,0.64,2024-02-24,284.05,0.525,102.38663484486872,29.330000000000002,399.67,False,False,32303.699999999997,14.626662120695531,False
ITM11092,Apparel,422,61,13,4,22.28,2.1,0.7,L59,C,146,2.7,45.06,1.27,9,0.99,774,14.82,0.73,2024-03-25,248.45,0.635,18.940754039497307,89.12,332.88,False,False,19015.32,4.735188509874327,False
ITM11093,Apparel,267,60,3,4,7.63,2.06,0.42,L10,D,142,3.07,14.14,1.07,0,0.77,579,9.95,0.42,2024-08-18,207.44,0.664,34.99344692005243,30.52,236.48,False,False,3775.38,8.748361730013107,False
ITM11094,Groceries,367,80,6,4,14.36,1.74,1.0,L88,C,125,1.0,58.55,0.68,2,0.74,695,7.89,0.46,2024-08-26,258.34,0.637,25.557103064066855,57.44,309.56,False,False,21487.85,6.389275766016714,False
ITM11095,Apparel,292,57,10,5,10.35,2.21,0.61,L30,A,81,2.44,79.76,1.67,1,0.96,852,8.19,0.61,2024-06-09,205.25,0.636,28.21256038647343,51.75,240.25,False,False,23289.920000000002,5.642512077294686,False
ITM11096,Pharma,62,28,12,4,44.27,2.43,0.84,L34,C,30,1.76,189.75,1.67,8,0.74,575,9.46,0.36,2024-07-27,25.94,0.419,1.4004969505308333,177.08,-115.08000000000001,False,True,11764.5,0.35012423763270833,False
ITM11097,Electronics,396,15,7,7,35.69,1.56,0.75,L81,D,112,0.89,103.36,0.89,0,0.73,113,13.22,0.3,2024-03-02,111.75,0.693,11.095544970579995,249.82999999999998,146.17000000000002,False,False,40930.56,1.5850778529399994,False
ITM11098,Pharma,60,93,11,9,43.55,6.58,0.87,L76,D,116,1.36,115.72,1.48,1,0.8,442,3.04,0.88,2024-10-01,133.87,0.609,1.3777267508610793,391.95,-331.95,True,True,6943.2,0.15308075009567548,False
ITM11099,Apparel,189,36,13,5,19.79,9.91,0.26,L85,D,72,3.21,177.22,0.95,0,0.89,724,9.39,0.82,2024-07-02,168.45,0.772,9.550277918140475,98.94999999999999,90.05000000000001,False,False,33494.58,1.910055583628095,False
ITM11100,Automotive,453,62,13,4,16.36,8.85,0.3,L26,B,157,1.39,178.16,1.51,8,0.91,819,5.51,0.95,2024-04-16,76.6,0.534,27.68948655256724,65.44,387.56,False,False,80706.48,6.92237163814181,False
ITM11101,Electronics,231,57,8,2,19.65,0.93,0.54,L55,C,159,1.31,110.3,1.99,6,0.96,548,9.0,0.67,2024-08-19,265.54,0.527,11.755725190839696,39.3,191.7,False,False,25479.3,5.877862595419848,False
ITM11102,Electronics,187,16,3,2,1.91,4.52,0.87,L15,B,86,2.99,31.6,0.6,0,0.86,567,8.25,0.54,2024-06-06,76.32,0.73,97.90575916230367,3.82,183.18,False,False,5909.2,48.952879581151834,False
ITM11103,Groceries,58,68,8,3,36.51,8.66,0.28,L70,D,84,4.57,61.4,1.3,9,0.82,404,1.42,0.28,2024-08-25,200.7,0.329,1.5886058614078336,109.53,-51.53,True,True,3561.2,0.5295352871359446,False
ITM11104,Groceries,388,78,8,4,18.14,1.78,0.97,L29,D,167,4.05,96.81,0.82,5,0.81,682,9.15,0.88,2024-05-15,264.22,0.678,21.389195148842337,72.56,315.44,False,False,37562.28,5.347298787210584,False
ITM11105,Automotive,264,20,8,4,16.35,8.55,0.21,L83,A,72,4.57,152.72,1.14,4,0.95,202,10.93,0.57,2024-03-02,222.52,0.656,16.146788990825687,65.4,198.6,False,False,40318.08,4.036697247706422,False
ITM11106,Electronics,170,24,10,5,30.31,6.13,0.26,L20,A,76,3.12,145.22,1.76,9,0.92,378,4.44,0.65,2024-02-16,49.44,0.417,5.608709996700759,151.54999999999998,18.450000000000017,False,False,24687.4,1.1217419993401518,False
ITM11107,Automotive,130,73,8,5,22.38,9.35,0.25,L35,D,45,2.34,132.11,0.76,4,0.97,739,2.5,0.45,2024-03-21,285.9,0.561,5.808757819481681,111.89999999999999,18.10000000000001,False,False,17174.300000000003,1.161751563896336,False
ITM11108,Groceries,499,12,7,8,49.06,8.82,0.63,L19,B,143,3.78,177.25,0.24,3,0.99,528,3.96,0.62,2024-12-17,36.66,0.691,10.171218915613535,392.48,106.51999999999998,False,False,88447.75,1.2714023644516919,False
ITM11109,Groceries,455,78,13,9,18.46,6.93,0.93,L10,B,46,1.68,162.5,1.62,2,0.79,440,9.91,0.83,2024-06-04,68.02,0.654,24.64788732394366,166.14000000000001,288.86,False,False,73937.5,2.7386541471048513,False
ITM11110,Electronics,66,32,4,4,31.08,6.75,0.33,L8,D,102,0.85,196.6,1.15,7,0.86,624,7.56,0.77,2024-12-26,50.38,0.572,2.1235521235521237,124.32,-58.31999999999999,False,True,12975.6,0.5308880308880309,False
ITM11111,Pharma,82,62,6,3,16.27,2.53,0.6,L22,C,84,2.05,178.94,0.95,6,0.89,461,13.11,0.99,2024-12-22,203.41,0.736,5.039950829748003,48.81,33.19,False,False,14673.08,1.679983609916001,False
ITM11112,Apparel,244,46,12,9,49.54,1.61,0.26,L40,B,175,1.85,47.17,0.45,4,0.75,307,4.99,0.6,2024-11-04,244.15,0.612,4.925312878482035,445.86,-201.86,False,True,11509.48,0.5472569864980038,False
ITM11113,Groceries,385,18,7,4,22.81,4.45,0.67,L77,D,124,3.54,20.95,0.28,8,0.72,626,6.11,0.62,2024-01-21,79.02,0.561,16.87856203419553,91.24,293.76,False,False,8065.75,4.219640508548882,False
ITM11114,Groceries,88,24,12,9,32.07,2.27,0.21,L96,A,162,2.98,88.76,0.63,6,0.96,918,8.39,0.24,2024-04-20,293.98,0.569,2.743997505456813,288.63,-200.63,False,True,7810.88,0.30488861171742365,False
ITM11115,Pharma,318,12,6,7,7.21,1.47,0.54,L73,D,86,1.12,127.33,1.47,9,0.86,556,7.44,0.51,2024-06-16,50.38,0.446,44.10540915395284,50.47,267.53,False,False,40490.94,6.300772736278978,False
ITM11116,Pharma,451,79,4,5,36.92,3.37,0.69,L37,B,170,4.59,132.19,0.88,1,0.87,748,8.67,0.94,2024-03-16,101.6,0.77,12.215601300108341,184.60000000000002,266.4,False,False,59617.69,2.443120260021668,False
ITM11117,Automotive,309,26,9,4,14.19,8.67,0.62,L57,D,22,3.17,60.83,1.18,6,0.87,969,5.37,0.48,2024-02-16,152.19,0.504,21.775898520084567,56.76,252.24,False,False,18796.47,5.443974630021142,False
ITM11118,Automotive,315,35,12,9,22.98,0.66,0.23,L16,C,47,2.56,173.38,0.26,6,0.93,788,3.33,0.81,2024-12-30,244.57,0.646,13.70757180156658,206.82,108.18,False,False,54614.7,1.5230635335073979,False
ITM11119,Apparel,222,30,12,5,44.27,3.28,0.25,L60,C,157,4.72,72.56,0.33,3,0.74,760,12.25,0.98,2024-05-07,119.2,0.814,5.014682629320081,221.35000000000002,0.6499999999999773,False,False,16108.32,1.0029365258640162,False
ITM11120,Apparel,80,81,4,4,48.56,4.53,0.7,L89,B,26,0.94,184.63,0.12,7,0.88,343,1.55,0.3,2024-07-01,62.17,0.505,1.6474464579901154,194.24,-114.24000000000001,True,True,14770.4,0.41186161449752884,False
ITM11121,Electronics,453,30,3,6,21.8,5.35,0.83,L39,D,132,4.05,99.6,1.38,3,0.84,812,6.18,0.47,2024-07-21,144.83,0.546,20.779816513761467,130.8,322.2,False,False,45118.799999999996,3.4633027522935778,False
ITM11122,Automotive,470,20,7,5,41.91,2.22,0.92,L90,C,123,2.14,11.97,0.6,6,0.97,526,2.22,0.58,2024-09-19,148.18,0.56,11.214507277499404,209.54999999999998,260.45000000000005,False,False,5625.900000000001,2.2429014554998807,False
ITM11123,Groceries,337,47,14,9,3.61,9.66,0.83,L52,C,161,3.63,40.79,1.94,3,0.86,879,11.31,0.39,2024-01-26,14.7,0.547,93.35180055401662,32.49,304.51,False,False,13746.23,10.372422283779624,False
ITM11124,Automotive,333,81,3,3,42.53,6.0,0.98,L35,A,35,4.69,29.44,0.69,7,0.98,754,6.12,0.21,2024-12-12,16.06,0.511,7.829767223136609,127.59,205.41,False,False,9803.52,2.609922407712203,False
ITM11125,Groceries,180,97,3,6,31.85,5.46,0.47,L65,B,177,2.83,18.36,0.79,2,0.81,557,1.42,0.57,2024-06-02,90.52,0.576,5.65149136577708,191.10000000000002,-11.100000000000023,False,True,3304.7999999999997,0.9419152276295133,False
ITM11126,Pharma,350,44,3,7,24.95,0.58,0.4,L70,A,41,0.6,145.66,0.99,1,0.99,168,2.06,0.63,2024-05-13,224.95,0.632,14.02805611222445,174.65,175.35,False,False,50981.0,2.0040080160320644,False
ITM11127,Automotive,35,23,8,4,44.61,5.11,0.13,L64,A,174,0.63,46.54,0.71,9,0.96,740,3.78,0.7,2024-03-30,116.14,0.531,0.7845774490024658,178.44,-143.44,False,True,1628.8999999999999,0.19614436225061646,False
ITM11128,Pharma,357,23,11,8,42.42,8.46,0.5,L57,C,95,1.99,169.34,1.65,5,0.88,527,12.02,0.86,2024-01-16,71.25,0.643,8.415841584158416,339.36,17.639999999999986,False,False,60454.380000000005,1.051980198019802,False
ITM11129,Apparel,113,19,12,7,15.55,2.59,0.69,L11,D,107,4.02,60.25,1.76,6,0.81,613,12.19,0.4,2024-07-26,42.76,0.509,7.266881028938906,108.85000000000001,4.1499999999999915,False,False,6808.25,1.0381258612769866,False
ITM11130,Apparel,323,21,13,5,39.78,3.84,0.83,L77,A,100,1.8,16.14,0.12,6,0.81,671,14.95,0.25,2024-08-19,91.35,0.679,8.11965811965812,198.9,124.1,False,False,5213.22,1.623931623931624,False
ITM11131,Electronics,157,47,14,6,5.88,0.7,0.34,L6,B,130,2.01,165.93,1.34,5,0.93,785,4.37,0.27,2024-10-11,149.62,0.464,26.700680272108844,35.28,121.72,False,False,26051.010000000002,4.450113378684807,False
ITM11132,Automotive,357,43,3,7,41.32,9.78,0.56,L56,B,66,4.03,98.57,1.4,7,0.87,891,1.85,0.6,2024-10-08,37.08,0.439,8.639883833494675,289.24,67.75999999999999,False,False,35189.49,1.2342691190706678,False
ITM11133,Pharma,57,50,7,3,34.1,1.13,0.7,L95,D,116,1.02,123.91,1.93,5,0.82,659,4.96,0.94,2024-05-07,14.33,0.525,1.6715542521994133,102.30000000000001,-45.30000000000001,False,True,7062.87,0.5571847507331378,False
ITM11134,Groceries,146,19,11,8,5.31,9.03,0.6,L42,B,31,4.31,73.88,0.8,5,0.89,368,3.5,0.99,2024-02-18,46.92,0.643,27.495291902071564,42.48,103.52000000000001,False,False,10786.48,3.4369114877589455,False
ITM11135,Apparel,294,26,11,5,34.47,3.47,0.35,L78,A,121,1.7,18.75,0.47,2,0.92,444,10.95,0.36,2024-08-24,224.01,0.715,8.529155787641427,172.35,121.65,False,False,5512.5,1.7058311575282854,False
ITM11136,Apparel,183,26,3,6,29.45,6.08,0.82,L33,D,94,0.73,80.33,1.09,1,0.71,97,14.57,0.32,2024-02-22,145.23,0.671,6.213921901528014,176.7,6.300000000000011,False,False,14700.39,1.035653650254669,False
ITM11137,Groceries,462,76,10,7,30.13,6.95,0.26,L4,B,89,1.03,108.47,0.95,6,0.73,662,4.82,0.48,2024-03-12,139.1,0.491,15.333554596747428,210.91,251.09,False,False,50113.14,2.190507799535347,False
ITM11138,Pharma,338,71,3,6,15.25,1.84,0.91,L12,B,82,4.79,12.22,1.6,5,0.73,487,5.6,0.57,2024-03-03,15.73,0.475,22.16393442622951,91.5,246.5,False,False,4130.360000000001,3.6939890710382515,False
ITM11139,Pharma,96,10,10,6,14.06,4.72,0.96,L30,A,86,2.53,119.12,1.82,0,0.77,524,5.92,0.85,2024-01-07,216.17,0.621,6.827880512091038,84.36,11.64,False,False,11435.52,1.1379800853485065,False
ITM11140,Automotive,193,21,3,7,38.36,3.59,0.43,L87,A,83,1.65,179.68,0.26,1,0.83,995,13.0,0.82,2024-02-01,68.55,0.857,5.031282586027111,268.52,-75.51999999999998,False,True,34678.24,0.7187546551467302,False
ITM11141,Automotive,406,13,14,2,13.58,1.04,0.44,L74,A,136,2.85,51.39,1.71,1,0.94,801,9.09,0.94,2024-04-23,36.35,0.706,29.896907216494846,27.16,378.84,False,False,20864.34,14.948453608247423,False
ITM11142,Electronics,477,51,7,4,22.87,8.42,0.77,L76,A,130,3.57,186.09,1.83,0,0.81,635,14.64,0.89,2024-03-07,254.19,0.752,20.85701792741583,91.48,385.52,False,False,88764.93000000001,5.214254481853957,False
ITM11143,Apparel,377,22,10,9,35.04,0.93,0.51,L3,D,94,1.93,28.55,1.86,2,0.71,599,9.78,0.55,2024-04-11,150.83,0.556,10.759132420091325,315.36,61.639999999999986,False,False,10763.35,1.195459157787925,False
ITM11144,Automotive,340,94,8,5,4.9,6.71,0.13,L98,D,179,3.76,166.83,1.55,4,0.85,777,10.88,0.22,2024-07-24,227.19,0.524,69.38775510204081,24.5,315.5,False,False,56722.200000000004,13.877551020408163,False
ITM11145,Pharma,395,95,11,5,30.13,3.48,0.93,L87,D,177,1.64,169.66,1.51,3,1.0,185,2.25,0.39,2024-07-09,248.35,0.497,13.10985728509791,150.65,244.35,False,False,67015.7,2.621971457019582,False
ITM11146,Groceries,110,13,3,8,29.88,2.33,0.49,L35,C,159,1.01,58.97,0.13,1,0.8,567,14.32,0.69,2024-12-17,289.74,0.856,3.681392235609103,239.04,-129.04,False,True,6486.7,0.4601740294511379,False
ITM11147,Pharma,257,91,11,8,34.53,6.84,0.28,L74,A,91,2.97,191.99,1.85,7,0.99,808,9.79,0.6,2024-11-18,190.87,0.524,7.442803359397625,276.24,-19.24000000000001,False,True,49341.43,0.9303504199247031,False
ITM11148,Apparel,283,78,3,8,19.13,5.96,0.6,L6,A,30,1.18,89.15,0.77,8,0.73,373,8.28,0.39,2024-11-26,29.8,0.497,14.793518034500785,153.04,129.96,False,False,25229.45,1.8491897543125981,False
ITM11149,Pharma,198,28,12,5,23.0,3.49,0.3,L98,D,151,4.73,36.84,0.18,7,0.75,246,6.42,0.31,2024-02-13,171.73,0.54,8.608695652173912,115.0,83.0,False,False,7294.320000000001,1.7217391304347824,False
ITM11150,Electronics,228,11,12,6,17.17,5.37,0.29,L97,B,83,0.5,122.43,0.88,6,0.92,951,2.08,0.37,2024-10-25,157.76,0.478,13.27897495631916,103.02000000000001,124.97999999999999,False,False,27914.04,2.21316249271986,False
ITM11151,Apparel,92,21,5,8,40.6,2.84,0.59,L23,B,18,3.9,199.36,1.49,9,0.85,160,2.87,0.41,2024-10-27,26.69,0.361,2.2660098522167487,324.8,-232.8,False,True,18341.120000000003,0.2832512315270936,False
ITM11152,Groceries,409,90,3,7,7.4,8.71,0.45,L61,A,155,1.76,180.87,0.94,1,0.93,849,1.16,0.89,2024-05-12,98.83,0.665,55.27027027027027,51.800000000000004,357.2,False,False,73975.83,7.895752895752895,False
ITM11153,Electronics,126,83,5,4,48.18,3.48,0.62,L67,A,22,4.31,62.93,1.54,5,0.96,599,14.98,0.77,2024-02-08,129.53,0.692,2.61519302615193,192.72,-66.72,False,True,7929.18,0.6537982565379825,False
ITM11154,Apparel,364,15,14,3,32.11,2.83,1.0,L84,D,26,0.77,119.63,1.07,3,0.78,164,12.01,0.64,2024-01-12,56.68,0.677,11.336032388663968,96.33,267.67,False,False,43545.32,3.7786774628879893,False
ITM11155,Groceries,314,17,13,5,44.46,7.64,0.87,L57,A,135,4.79,31.92,0.67,4,0.9,746,12.16,0.22,2024-02-03,12.54,0.639,7.062528115159694,222.3,91.69999999999999,False,False,10022.880000000001,1.4125056230319388,False
ITM11156,Electronics,388,60,4,7,21.89,0.67,0.11,L36,B,96,0.96,97.75,0.49,8,0.88,773,11.22,0.86,2024-04-11,229.52,0.689,17.724988579259936,153.23000000000002,234.76999999999998,False,False,37927.0,2.5321412256085623,False
ITM11157,Electronics,463,20,4,4,17.28,3.05,0.15,L24,B,162,4.05,109.38,0.9,8,0.96,537,7.78,0.64,2024-11-26,256.97,0.574,26.79398148148148,69.12,393.88,False,False,50642.939999999995,6.69849537037037,False
ITM11158,Apparel,303,72,11,4,45.14,4.07,0.65,L75,A,25,2.83,69.9,0.17,3,0.83,414,2.23,0.7,2024-08-15,76.44,0.659,6.712450155073106,180.56,122.44,False,False,21179.7,1.6781125387682765,False
ITM11159,Automotive,372,66,10,2,5.84,8.88,0.66,L56,D,33,2.44,102.0,0.9,7,0.72,533,2.01,0.25,2024-03-06,11.1,0.391,63.6986301369863,11.68,360.32,False,False,37944.0,31.84931506849315,True
ITM11160,Electronics,201,21,3,9,6.74,9.53,0.89,L82,D,84,1.76,184.79,0.23,4,0.87,816,13.83,0.85,2024-02-17,268.08,0.825,29.82195845697329,60.660000000000004,140.34,False,False,37142.79,3.313550939663699,False
ITM11161,Electronics,56,82,14,7,15.67,7.31,0.67,L63,B,160,4.29,105.03,1.77,8,0.99,881,1.0,0.87,2024-06-18,48.85,0.448,3.5737077217613273,109.69,-53.69,True,True,5881.68,0.5105296745373324,False
ITM11162,Groceries,156,11,6,5,48.03,5.18,0.3,L12,D,178,1.4,167.89,1.19,1,0.7,359,10.79,0.91,2024-03-03,126.94,0.727,3.2479700187382883,240.15,-84.15,False,True,26190.839999999997,0.6495940037476576,False
ITM11163,Pharma,357,17,3,8,32.02,6.59,0.52,L61,B,112,3.75,70.3,1.33,3,0.77,162,9.8,0.62,2024-01-22,116.13,0.616,11.149281698938163,256.16,100.83999999999997,False,False,25097.1,1.3936602123672703,False
ITM11164,Apparel,75,20,3,6,28.16,4.43,0.83,L45,A,95,2.51,194.57,0.65,2,0.79,319,8.02,0.52,2024-08-24,57.64,0.664,2.663352272727273,168.96,-93.96000000000001,False,True,14592.75,0.44389204545454547,False
ITM11165,Apparel,206,62,14,8,35.56,3.34,0.93,L53,B,170,4.99,27.76,0.53,6,0.93,369,14.65,0.26,2024-01-26,183.66,0.66,5.793025871766029,284.48,-78.48000000000002,False,True,5718.56,0.7241282339707537,False
ITM11166,Automotive,360,19,14,4,21.46,9.53,0.31,L43,A,114,3.25,121.26,1.45,1,0.8,995,3.77,0.36,2024-03-27,276.38,0.517,16.775396085740912,85.84,274.15999999999997,False,False,43653.6,4.193849021435228,False
ITM11167,Automotive,277,94,6,4,38.15,1.6,0.59,L42,D,51,0.97,160.08,1.38,2,0.77,224,11.99,0.38,2024-10-20,158.98,0.612,7.260812581913499,152.6,124.4,False,False,44342.16,1.8152031454783748,False
ITM11168,Apparel,464,93,4,3,20.27,3.79,0.24,L86,C,27,2.39,164.67,0.33,8,0.89,871,10.45,0.25,2024-08-09,292.14,0.574,22.890971879625063,60.81,403.19,False,False,76406.87999999999,7.630323959875021,False
ITM11169,Automotive,77,17,5,8,41.49,9.04,0.55,L14,C,87,0.8,47.67,0.55,7,0.71,68,14.64,0.32,2024-07-21,65.32,0.606,1.85586888406845,331.92,-254.92000000000002,False,True,3670.59,0.23198361050855626,False
ITM11170,Groceries,382,45,13,9,14.1,7.37,0.18,L21,C,101,1.79,86.31,1.9,1,0.75,252,14.08,0.91,2024-09-11,256.07,0.71,27.092198581560286,126.89999999999999,255.10000000000002,False,False,32970.42,3.010244286840032,False
ITM11171,Apparel,142,85,11,9,14.6,0.78,0.95,L43,B,20,2.04,128.6,0.68,5,0.82,984,2.8,0.64,2024-01-16,84.5,0.561,9.726027397260275,131.4,10.599999999999994,False,False,18261.2,1.0806697108066972,False
ITM11172,Automotive,207,23,4,2,26.6,0.72,0.67,L53,C,161,4.34,70.02,0.15,2,0.81,175,5.31,0.81,2024-07-14,82.66,0.74,7.781954887218045,53.2,153.8,False,False,14494.14,3.8909774436090223,False
ITM11173,Apparel,249,63,6,9,22.11,5.41,0.87,L89,B,173,4.27,135.08,0.22,5,0.8,516,12.91,0.42,2024-12-15,44.13,0.694,11.261872455902306,198.99,50.00999999999999,False,False,33634.920000000006,1.251319161766923,False
ITM11174,Pharma,187,94,3,4,32.76,5.1,1.0,L64,D,135,0.55,81.97,1.57,4,0.73,303,4.2,0.31,2024-08-06,260.45,0.427,5.708180708180708,131.04,55.96000000000001,False,False,15328.39,1.427045177045177,False
ITM11175,Electronics,439,95,4,4,18.85,4.71,0.26,L37,A,106,2.9,76.66,1.54,9,0.81,877,6.3,0.5,2024-03-29,220.27,0.412,23.28912466843501,75.4,363.6,False,False,33653.74,5.822281167108753,False
ITM11176,Apparel,133,30,7,9,12.3,3.37,0.72,L85,C,62,1.51,30.53,0.83,3,0.94,978,9.76,0.83,2024-06-30,109.08,0.741,10.8130081300813,110.7,22.299999999999997,False,False,4060.4900000000002,1.2014453477868112,False
ITM11177,Electronics,271,59,12,6,24.02,9.87,0.9,L52,B,92,1.94,17.46,0.39,6,0.82,816,8.88,0.44,2024-04-19,111.33,0.611,11.282264779350541,144.12,126.88,False,False,4731.66,1.8803774632250903,False
ITM11178,Automotive,126,48,3,6,28.49,3.08,0.62,L98,D,56,0.6,168.7,1.05,9,0.88,849,9.97,0.36,2024-04-05,254.99,0.496,4.422604422604423,170.94,-44.94,False,True,21256.199999999997,0.7371007371007372,False
ITM11179,Electronics,56,29,13,9,7.99,5.16,0.68,L71,D,61,3.87,103.01,0.73,6,0.75,341,10.99,0.22,2024-05-20,279.0,0.548,7.008760951188986,71.91,-15.909999999999997,False,True,5768.56,0.7787512167987762,False
ITM11180,Apparel,354,97,9,3,28.28,4.35,0.47,L5,C,66,4.78,116.95,0.81,3,0.72,201,11.2,0.7,2024-05-23,184.7,0.692,12.517680339462517,84.84,269.15999999999997,False,False,41400.3,4.172560113154172,False
ITM11181,Pharma,111,96,6,7,16.64,2.12,0.71,L59,D,84,1.49,80.72,0.6,2,0.96,988,11.33,0.55,2024-08-16,127.98,0.753,6.670673076923077,116.48,-5.480000000000004,False,True,8959.92,0.9529532967032966,False
ITM11182,Automotive,37,16,8,3,20.23,2.42,0.46,L12,D,160,2.04,35.98,0.22,3,0.8,248,14.88,0.41,2024-03-17,25.41,0.758,1.828966880869995,60.69,-23.689999999999998,False,True,1331.26,0.609655626956665,False
ITM11183,Apparel,373,18,10,3,14.69,9.22,0.53,L41,D,68,1.43,95.42,1.6,1,0.81,248,5.99,0.62,2024-01-18,46.7,0.586,25.39142273655548,44.07,328.93,False,False,35591.66,8.463807578851826,False
ITM11184,Automotive,82,10,8,9,46.64,8.65,0.19,L33,B,78,4.69,53.5,1.27,3,0.96,863,1.62,0.76,2024-11-10,51.12,0.579,1.7581475128644939,419.76,-337.76,False,True,4387.0,0.19534972365161044,False
ITM11185,Groceries,169,35,4,6,34.48,2.39,0.11,L42,D,95,0.54,169.16,1.69,3,0.91,736,5.88,0.4,2024-11-13,90.27,0.511,4.90139211136891,206.88,-37.879999999999995,False,True,28588.04,0.8168986852281517,False
ITM11186,Electronics,158,47,3,8,13.86,8.82,0.15,L15,D,179,3.13,197.49,1.06,4,0.93,502,13.76,0.69,2024-11-11,84.54,0.721,11.3997113997114,110.88,47.120000000000005,False,False,31203.420000000002,1.424963924963925,False
ITM11187,Groceries,205,47,10,8,32.61,2.49,0.27,L99,D,155,4.42,178.93,1.97,0,0.9,831,2.17,0.41,2024-05-05,167.44,0.494,6.286415210058265,260.88,-55.879999999999995,False,True,36680.65,0.7858019012572831,False
ITM11188,Apparel,204,70,10,9,42.58,6.45,0.51,L52,D,80,1.34,110.37,1.93,1,0.73,990,10.06,0.99,2024-11-27,283.79,0.665,4.79098168154063,383.21999999999997,-179.21999999999997,False,True,22515.48,0.5323312979489588,False
ITM11189,Pharma,224,53,11,8,20.68,1.27,0.12,L66,D,42,3.15,129.35,0.62,7,0.99,229,6.92,0.79,2024-05-31,259.88,0.646,10.831721470019342,165.44,58.56,False,False,28974.399999999998,1.3539651837524178,False
ITM11190,Automotive,279,95,8,7,41.67,8.86,0.24,L1,B,12,0.73,190.14,0.84,7,0.97,267,13.9,0.68,2024-09-12,157.66,0.691,6.695464362850972,291.69,-12.689999999999998,False,True,53049.06,0.9564949089787103,False
ITM11191,Electronics,233,53,14,6,8.57,0.99,0.8,L85,D,37,4.17,112.35,1.53,7,0.77,679,14.0,0.34,2024-07-29,15.02,0.516,27.18786464410735,51.42,181.57999999999998,False,False,26177.55,4.531310774017892,False
ITM11192,Automotive,275,83,3,9,41.32,5.77,0.79,L70,D,10,1.73,131.33,1.58,4,0.94,867,11.99,0.67,2024-10-08,29.84,0.644,6.655372700871249,371.88,-96.88,False,True,36115.75,0.739485855652361,False
ITM11193,Apparel,154,71,11,2,27.47,7.91,0.81,L60,A,135,4.95,129.55,1.83,7,0.82,882,2.38,0.84,2024-09-02,259.5,0.441,5.606115762650164,54.94,99.06,False,False,19950.7,2.803057881325082,False
ITM11194,Automotive,80,15,14,5,11.93,1.61,0.93,L53,D,122,4.65,144.54,1.34,8,0.91,894,1.35,0.79,2024-02-01,92.25,0.464,6.705783738474435,59.65,20.35,False,False,11563.199999999999,1.341156747694887,False
ITM11195,Electronics,382,26,5,5,20.95,4.34,0.21,L7,D,56,3.8,131.65,1.0,3,0.75,369,2.91,0.82,2024-02-14,102.25,0.593,18.233890214797135,104.75,277.25,False,False,50290.3,3.646778042959427,False
ITM11196,Apparel,329,60,13,9,49.41,0.9,0.25,L25,B,46,2.74,137.43,0.82,3,0.86,72,5.51,0.45,2024-05-23,50.54,0.593,6.658571139445457,444.68999999999994,-115.68999999999994,False,True,45214.47,0.739841237716162,False
ITM11197,Automotive,107,47,8,9,39.39,6.99,0.4,L67,D,95,3.95,147.92,0.9,6,0.74,686,4.38,0.46,2024-07-15,74.7,0.488,2.7164254887027166,354.51,-247.51,False,True,15827.439999999999,0.3018250543003018,False
ITM11198,Pharma,343,33,12,2,29.18,3.42,0.92,L47,B,57,1.09,163.73,1.72,4,0.86,133,6.18,0.63,2024-03-11,81.68,0.528,11.75462645647704,58.36,284.64,False,False,56159.39,5.87731322823852,False
ITM11199,Apparel,495,60,12,8,6.64,5.81,0.8,L80,C,117,1.9,86.58,1.96,9,0.77,760,3.0,0.42,2024-08-02,129.51,0.302,74.54819277108435,53.12,441.88,False,False,42857.1,9.318524096385543,False
ITM11200,Apparel,226,19,13,5,21.47,9.36,0.39,L97,D,28,0.62,151.71,0.2,0,0.84,375,11.54,0.29,2024-04-12,190.71,0.76,10.526315789473685,107.35,118.65,False,False,34286.46,2.105263157894737,False
ITM11201,Pharma,148,81,14,7,13.89,3.41,0.18,L64,A,151,3.4,29.04,1.2,7,0.9,748,12.83,0.57,2024-11-25,112.42,0.605,10.655147588192944,97.23,50.769999999999996,False,False,4297.92,1.5221639411704206,False
ITM11202,Groceries,330,30,11,9,4.48,0.96,0.65,L81,B,92,4.12,176.48,1.09,3,0.96,378,7.83,0.2,2024-09-26,140.46,0.567,73.66071428571428,40.32000000000001,289.68,False,False,58238.399999999994,8.184523809523808,False
ITM11203,Electronics,22,79,13,6,27.57,6.92,0.33,L57,C,74,4.76,65.11,0.81,7,0.75,653,14.39,0.81,2024-05-07,62.75,0.683,0.7979688066739209,165.42000000000002,-143.42000000000002,True,True,1432.42,0.13299480111232015,False
ITM11204,Groceries,481,94,5,5,44.57,7.97,0.58,L98,A,35,3.59,86.66,1.72,1,0.97,379,2.68,0.8,2024-11-18,26.35,0.598,10.792012564505272,222.85,258.15,False,False,41683.46,2.1584025129010547,False
ITM11205,Automotive,441,66,7,7,34.1,9.6,0.95,L7,B,147,3.79,162.69,1.19,3,0.82,743,2.48,0.64,2024-10-05,110.99,0.546,12.932551319648093,238.70000000000002,202.29999999999998,False,False,71746.29,1.847507331378299,False
ITM11206,Pharma,261,48,7,6,13.23,2.0,0.62,L27,C,108,4.53,131.03,0.69,1,0.95,788,3.81,0.8,2024-01-10,28.12,0.712,19.727891156462583,79.38,181.62,False,False,34198.83,3.2879818594104306,False
ITM11207,Groceries,140,97,12,9,29.11,4.23,0.93,L35,A,86,4.71,68.64,0.94,4,0.85,760,14.75,0.7,2024-07-14,96.92,0.733,4.809343868086568,261.99,-121.99000000000001,False,True,9609.6,0.5343715408985076,False
ITM11208,Apparel,404,42,9,7,47.22,8.52,0.45,L71,D,79,2.71,52.83,0.78,9,0.96,522,6.83,0.76,2024-07-02,252.9,0.577,8.555696738670056,330.53999999999996,73.46000000000004,False,False,21343.32,1.2222423912385794,False
ITM11209,Automotive,121,68,6,2,36.42,8.17,0.67,L17,A,52,0.99,191.97,0.92,9,0.9,527,13.94,0.25,2024-09-02,116.41,0.544,3.3223503569467323,72.84,48.16,False,False,23228.37,1.6611751784733662,False
ITM11210,Automotive,57,27,13,9,34.78,6.44,0.9,L37,A,79,2.6,26.68,0.24,7,0.85,284,3.83,0.91,2024-10-05,66.05,0.639,1.63887291546866,313.02,-256.02,False,True,1520.76,0.1820969906076289,False
ITM11211,Groceries,360,65,6,3,48.44,3.06,0.63,L57,A,68,3.0,10.82,0.31,6,0.79,971,12.85,0.72,2024-09-05,271.6,0.722,7.431874483897606,145.32,214.68,False,False,3895.2000000000003,2.4772914946325355,False
ITM11212,Groceries,432,66,9,2,40.14,3.2,0.65,L90,B,12,3.34,137.86,1.29,4,0.99,605,5.34,0.69,2024-06-25,195.41,0.598,10.762331838565022,80.28,351.72,False,False,59555.520000000004,5.381165919282511,False
ITM11213,Pharma,152,85,11,5,7.69,1.68,0.74,L63,D,142,4.95,126.75,1.4,6,0.94,637,11.28,0.51,2024-10-16,296.59,0.58,19.76592977893368,38.45,113.55,False,False,19266.0,3.9531859557867355,False
ITM11214,Electronics,221,57,13,6,18.03,9.26,0.89,L16,D,94,4.63,150.15,1.31,4,0.81,702,14.64,0.22,2024-09-14,97.07,0.59,12.2573488630061,108.18,112.82,False,False,33183.15,2.0428914771676836,False
ITM11215,Groceries,367,51,6,7,48.29,2.14,0.18,L4,B,104,2.28,149.01,1.55,6,0.75,743,14.06,0.92,2024-06-13,68.11,0.646,7.599917167115345,338.03,28.970000000000027,False,False,54686.67,1.0857024524450494,False
ITM11216,Groceries,40,36,6,5,25.0,5.94,0.4,L81,A,87,1.01,174.02,1.89,3,0.93,168,12.64,0.99,2024-07-17,96.4,0.704,1.6,125.0,-85.0,False,True,6960.8,0.32,False
ITM11217,Apparel,261,83,8,5,6.47,6.05,0.46,L78,D,110,1.47,185.2,1.74,3,1.0,89,1.7,0.85,2024-05-18,245.62,0.559,40.34003091190108,32.35,228.65,False,False,48337.2,8.068006182380216,False
ITM11218,Automotive,474,61,8,9,23.47,4.01,0.92,L31,A,92,1.28,157.25,0.9,9,0.78,309,9.51,0.93,2024-04-02,53.94,0.599,20.195994887089903,211.23,262.77,False,False,74536.5,2.243999431898878,False
ITM11219,Electronics,470,51,9,3,35.15,3.85,0.96,L91,D,174,2.1,54.14,0.51,3,0.97,998,12.7,0.3,2024-01-14,79.91,0.712,13.371266002844951,105.44999999999999,364.55,False,False,25445.8,4.4570886676149835,False
ITM11220,Apparel,128,41,3,8,49.88,6.85,0.21,L21,B,93,4.44,98.06,0.69,7,0.74,805,6.59,0.3,2024-06-12,213.47,0.487,2.566158781074579,399.04,-271.04,False,True,12551.68,0.32076984763432237,False
ITM11221,Pharma,322,35,13,5,16.87,4.19,0.21,L40,C,130,2.47,131.93,1.22,0,0.99,690,11.24,0.9,2024-11-01,224.02,0.806,19.08713692946058,84.35000000000001,237.64999999999998,False,False,42481.46,3.817427385892116,False
ITM11222,Pharma,103,34,5,3,26.19,2.92,0.94,L71,A,144,3.05,112.48,1.73,9,0.92,55,2.93,0.25,2024-04-22,288.06,0.32,3.9327987781596025,78.57000000000001,24.429999999999993,False,False,11585.44,1.3109329260532008,False
ITM11223,Groceries,102,84,11,6,44.1,4.29,0.37,L2,D,62,1.31,40.19,1.43,4,0.8,360,3.47,0.27,2024-01-16,294.24,0.437,2.312925170068027,264.6,-162.60000000000002,False,True,4099.38,0.3854875283446712,False
ITM11224,Groceries,310,32,8,6,18.41,8.17,0.32,L71,D,123,2.72,121.96,1.13,9,0.79,115,10.01,0.85,2024-05-23,202.42,0.568,16.838674633351438,110.46000000000001,199.54,False,False,37807.6,2.80644577222524,False
ITM11225,Pharma,471,66,8,7,6.35,9.68,0.13,L53,D,15,4.43,178.44,1.24,1,0.89,423,7.12,0.65,2024-01-30,115.21,0.659,74.1732283464567,44.449999999999996,426.55,False,False,84045.24,10.596175478065243,False
ITM11226,Groceries,88,61,7,8,47.5,6.54,0.35,L12,B,144,3.98,89.52,1.1,9,0.88,780,4.06,0.51,2024-08-29,141.37,0.442,1.8526315789473684,380.0,-292.0,False,True,7877.759999999999,0.23157894736842105,False
ITM11227,Electronics,148,96,13,3,24.93,7.93,0.72,L29,B,27,0.87,137.1,1.95,3,0.98,195,4.96,0.64,2024-09-28,137.39,0.535,5.9366225431207384,74.78999999999999,73.21000000000001,False,False,20290.8,1.9788741810402461,False
ITM11228,Groceries,215,40,5,2,25.64,5.56,0.48,L15,C,63,4.38,127.03,1.65,4,0.93,283,9.66,0.9,2024-07-02,122.34,0.65,8.385335413416536,51.28,163.72,False,False,27311.45,4.192667706708268,False
ITM11229,Automotive,159,73,13,6,31.44,6.44,0.57,L60,B,136,1.73,81.64,1.58,7,0.86,78,11.16,0.81,2024-10-26,108.09,0.585,5.057251908396946,188.64000000000001,-29.640000000000015,False,True,12980.76,0.8428753180661577,False
ITM11230,Groceries,463,80,7,9,1.17,9.89,0.93,L16,A,166,3.5,117.4,1.08,1,0.98,870,3.91,0.75,2024-04-29,58.69,0.67,395.7264957264957,10.53,452.47,False,False,54356.200000000004,43.9696106362773,True
ITM11231,Apparel,302,42,3,8,46.63,4.66,0.2,L83,B,34,1.16,49.94,0.73,1,0.88,722,14.37,0.98,2024-03-22,116.19,0.871,6.4765172635642285,373.04,-71.04000000000002,False,True,15081.88,0.8095646579455286,False
ITM11232,Electronics,331,94,5,7,18.71,1.13,0.16,L20,D,72,3.54,113.76,0.14,1,0.95,692,1.11,0.62,2024-02-21,291.08,0.695,17.691074291822552,130.97,200.03,False,False,37654.560000000005,2.5272963274032216,False
ITM11233,Apparel,253,11,6,2,20.45,9.59,0.87,L64,A,124,0.66,161.78,0.18,7,0.95,709,10.8,0.21,2024-05-06,265.83,0.618,12.371638141809292,40.9,212.1,False,False,40930.340000000004,6.185819070904646,False
ITM11234,Apparel,42,27,7,6,9.53,8.03,0.8,L92,B,150,3.2,154.2,0.16,2,0.98,949,5.07,0.54,2024-12-02,189.02,0.716,4.4071353620146905,57.17999999999999,-15.179999999999993,False,True,6476.4,0.7345225603357818,False
ITM11235,Automotive,172,56,12,6,19.53,4.28,0.34,L38,A,169,3.41,78.01,1.96,4,0.72,643,7.7,0.28,2024-05-03,65.91,0.427,8.806963645673322,117.18,54.81999999999999,False,False,13417.720000000001,1.4678272742788872,False
ITM11236,Electronics,296,42,11,7,40.39,9.83,0.39,L66,A,164,1.6,31.3,0.32,1,0.88,953,8.98,0.29,2024-05-16,264.81,0.702,7.328546669967814,282.73,13.269999999999982,False,False,9264.800000000001,1.0469352385668305,False
ITM11237,Electronics,80,93,6,7,40.2,3.78,0.38,L91,B,60,4.72,161.99,0.37,5,0.84,519,8.86,0.4,2024-09-30,100.44,0.629,1.990049751243781,281.40000000000003,-201.40000000000003,True,True,12959.2,0.2842928216062544,False
ITM11238,Electronics,338,44,5,4,46.85,4.04,0.68,L35,A,171,0.71,60.36,1.02,9,0.85,410,11.87,0.51,2024-01-29,168.26,0.548,7.214514407684098,187.4,150.6,False,False,20401.68,1.8036286019210246,False
ITM11239,Electronics,397,60,12,9,20.76,6.29,0.16,L54,D,37,4.51,20.08,1.01,5,0.84,903,12.53,0.59,2024-04-22,274.42,0.652,19.123314065510595,186.84,210.16,False,False,7971.759999999999,2.1248126739456215,False
ITM11240,Electronics,71,27,3,5,35.73,3.11,0.54,L62,D,82,2.22,94.59,1.85,1,0.95,644,2.03,0.34,2024-10-21,107.06,0.48,1.9871256647075288,178.64999999999998,-107.64999999999998,False,True,6715.89,0.3974251329415058,False
ITM11241,Automotive,363,97,12,5,25.85,7.14,0.22,L61,B,81,3.71,150.5,0.24,3,0.8,973,10.84,0.45,2024-07-17,274.87,0.711,14.042553191489361,129.25,233.75,False,False,54631.5,2.8085106382978724,False
ITM11242,Groceries,172,81,8,2,40.4,1.95,0.84,L32,B,94,3.43,163.61,1.92,1,0.84,634,6.59,0.42,2024-06-30,78.19,0.528,4.257425742574258,80.8,91.2,False,False,28140.920000000002,2.128712871287129,False
ITM11243,Apparel,256,39,9,5,35.91,1.53,0.44,L59,D,119,1.26,196.62,0.51,9,0.76,404,12.46,0.49,2024-03-29,279.32,0.585,7.128933444722919,179.54999999999998,76.45000000000002,False,False,50334.72,1.4257866889445838,False
ITM11244,Electronics,330,53,12,2,19.03,5.58,0.57,L71,B,39,1.94,45.99,1.94,3,0.78,775,9.52,0.29,2024-03-31,114.01,0.487,17.341040462427745,38.06,291.94,False,False,15176.7,8.670520231213873,False
ITM11245,Groceries,321,62,10,8,17.5,5.78,0.13,L19,D,18,2.88,65.82,1.13,6,0.9,75,1.14,0.52,2024-05-01,118.63,0.466,18.34285714285714,140.0,181.0,False,False,21128.219999999998,2.2928571428571427,False
ITM11246,Groceries,51,19,14,6,13.37,1.51,0.15,L50,A,150,4.31,125.8,1.34,4,0.74,339,10.33,0.64,2024-10-30,170.37,0.6,3.8145100972326107,80.22,-29.22,False,True,6415.8,0.6357516828721018,False
ITM11247,Apparel,74,96,3,4,29.25,9.66,0.71,L25,B,91,4.8,164.16,0.7,9,0.76,120,13.96,0.28,2024-06-11,110.64,0.544,2.52991452991453,117.0,-43.0,True,True,12147.84,0.6324786324786325,False
ITM11248,Automotive,371,61,14,4,48.23,5.95,0.79,L77,C,73,0.59,54.47,1.26,3,0.86,911,2.16,0.62,2024-12-23,140.49,0.539,7.6923076923076925,192.92,178.08,False,False,20208.37,1.9230769230769231,False
ITM11249,Pharma,408,58,6,9,10.8,1.93,0.74,L66,D,47,2.09,87.88,1.45,9,0.71,738,7.92,0.8,2024-07-02,155.38,0.483,37.77777777777778,97.2,310.8,False,False,35855.04,4.197530864197531,False
ITM11250,Pharma,55,20,13,9,5.67,3.46,0.76,L96,D,128,3.51,87.6,0.12,9,0.74,138,9.76,0.21,2024-10-29,152.4,0.528,9.700176366843033,51.03,3.969999999999999,False,False,4818.0,1.0777973740936704,False
ITM11251,Groceries,129,75,7,6,6.85,8.1,0.19,L18,A,31,2.87,156.86,0.17,2,0.96,226,3.74,0.24,2024-01-15,288.72,0.633,18.83211678832117,41.099999999999994,87.9,False,False,20234.940000000002,3.1386861313868617,False
ITM11252,Apparel,196,67,4,7,39.37,5.47,0.72,L9,C,168,4.74,55.78,1.97,5,0.95,76,10.11,0.57,2024-12-26,91.72,0.542,4.978409956819914,275.59,-79.58999999999997,False,True,10932.880000000001,0.7112014224028449,False
ITM11253,Pharma,381,99,3,9,18.16,2.29,0.26,L36,C,108,0.58,194.06,0.97,1,0.8,338,1.7,0.9,2024-12-24,92.53,0.646,20.980176211453745,163.44,217.56,False,False,73936.86,2.3311306901615274,False
ITM11254,Groceries,333,45,10,9,11.99,1.48,0.19,L99,C,179,2.47,106.99,1.88,3,0.8,889,13.68,1.0,2024-06-29,253.0,0.694,27.773144286905755,107.91,225.09,False,False,35627.67,3.085904920767306,False
ITM11255,Automotive,314,42,8,3,18.29,4.59,0.78,L54,D,115,3.51,63.59,1.49,7,0.98,866,11.68,0.27,2024-10-17,123.68,0.517,17.167851284855114,54.87,259.13,False,False,19967.260000000002,5.722617094951705,False
ITM11256,Pharma,355,56,7,3,32.62,3.71,0.9,L44,D,73,1.48,64.01,0.81,1,0.71,624,14.17,0.21,2024-10-15,31.23,0.672,10.882893930104231,97.85999999999999,257.14,False,False,22723.550000000003,3.6276313100347437,False
ITM11257,Groceries,116,22,11,5,27.79,6.73,0.75,L65,C,18,3.77,13.48,0.39,8,0.87,977,6.86,0.38,2024-03-13,149.56,0.542,4.174163368118029,138.95,-22.94999999999999,False,True,1563.68,0.8348326736236057,False
ITM11258,Groceries,388,49,13,7,37.44,9.29,0.83,L35,B,135,0.87,141.56,1.96,1,0.88,580,1.48,0.57,2024-10-15,169.57,0.494,10.363247863247864,262.08,125.92000000000002,False,False,54925.28,1.4804639804639805,False
ITM11259,Electronics,232,98,13,2,17.61,2.85,0.99,L1,C,104,2.53,157.43,1.21,7,0.94,533,5.78,0.66,2024-04-06,189.13,0.536,13.174332765474162,35.22,196.78,False,False,36523.76,6.587166382737081,False
ITM11260,Automotive,336,77,4,8,23.15,8.62,0.22,L37,A,177,3.54,16.16,0.47,7,0.99,483,8.22,0.98,2024-09-09,78.18,0.717,14.514038876889849,185.2,150.8,False,False,5429.76,1.8142548596112311,False
ITM11261,Electronics,156,51,12,4,6.0,9.24,0.97,L93,C,97,1.7,121.33,1.4,6,0.81,542,14.1,0.91,2024-10-04,292.25,0.672,26.0,24.0,132.0,False,False,18927.48,6.5,False
ITM11262,Apparel,25,28,14,5,4.58,9.07,0.64,L39,C,178,0.83,158.52,0.27,9,0.83,327,13.36,0.65,2024-06-07,223.74,0.667,5.458515283842795,22.9,2.1000000000000014,True,False,3963.0000000000005,1.091703056768559,False
ITM11263,Electronics,128,91,10,9,23.65,9.54,0.83,L76,C,122,4.81,81.49,1.75,5,0.9,395,9.32,0.49,2024-03-30,218.84,0.527,5.412262156448203,212.85,-84.85,False,True,10430.72,0.6013624618275781,False
ITM11264,Electronics,54,28,13,6,15.78,8.5,0.69,L75,B,81,4.61,92.22,0.27,0,0.99,628,11.22,0.46,2024-09-08,263.13,0.813,3.4220532319391634,94.67999999999999,-40.67999999999999,False,True,4979.88,0.5703422053231939,False
ITM11265,Pharma,58,67,12,7,31.03,6.14,0.61,L85,C,59,4.67,78.71,0.55,1,0.97,287,14.35,0.66,2024-01-20,17.58,0.842,1.8691588785046729,217.21,-159.21,True,True,4565.179999999999,0.26702269692923897,False
ITM11266,Groceries,169,32,11,9,3.11,4.39,0.73,L63,C,157,4.9,69.97,0.27,6,0.9,186,12.91,0.78,2024-02-16,187.81,0.761,54.340836012861736,27.99,141.01,False,False,11824.93,6.037870668095748,False
ITM11267,Automotive,444,63,3,4,6.97,5.17,0.39,L20,D,90,1.33,103.32,0.3,3,0.96,212,10.22,0.59,2024-01-29,247.17,0.756,63.70157819225251,27.88,416.12,False,False,45874.079999999994,15.925394548063128,False
ITM11268,Electronics,137,89,9,2,43.39,8.79,0.93,L58,C,179,1.21,41.56,1.1,8,0.73,888,8.56,0.44,2024-04-29,19.97,0.478,3.157409541368979,86.78,50.22,False,False,5693.72,1.5787047706844894,False
ITM11269,Automotive,280,74,10,2,28.75,3.36,0.2,L69,A,42,0.65,93.73,1.41,2,0.81,896,7.66,0.69,2024-11-04,229.28,0.621,9.73913043478261,57.5,222.5,False,False,26244.4,4.869565217391305,False
ITM11270,Electronics,445,21,5,3,35.89,2.01,0.39,L62,D,72,4.51,188.95,1.6,3,0.7,949,11.59,0.65,2024-04-22,297.01,0.605,12.39899693507941,107.67,337.33,False,False,84082.75,4.132998978359804,False
ITM11271,Apparel,106,33,6,5,42.26,1.84,0.13,L45,B,114,3.89,15.21,1.42,2,0.75,342,12.32,0.54,2024-01-11,182.09,0.64,2.5082820634169427,211.29999999999998,-105.29999999999998,False,True,1612.26,0.5016564126833886,False
ITM11272,Electronics,484,43,5,9,23.73,8.36,0.34,L43,D,108,3.35,41.3,0.79,6,0.89,77,4.05,0.8,2024-09-26,133.16,0.593,20.396123050990308,213.57,270.43,False,False,19989.199999999997,2.2662358945544785,False
ITM11273,Pharma,95,62,9,6,38.29,7.73,0.3,L71,B,15,4.67,157.76,1.16,1,0.97,305,7.64,0.43,2024-09-01,141.55,0.646,2.4810655523635416,229.74,-134.74,False,True,14987.199999999999,0.4135109253939236,False
ITM11274,Groceries,490,17,11,4,26.7,5.23,0.14,L98,B,144,3.09,35.09,1.86,9,0.89,954,11.8,0.59,2024-01-01,207.05,0.487,18.352059925093634,106.8,383.2,False,False,17194.100000000002,4.588014981273409,False
ITM11275,Apparel,483,27,5,9,11.91,3.11,0.54,L70,A,18,1.08,61.54,0.84,1,0.9,852,10.46,0.95,2024-06-18,175.29,0.805,40.55415617128463,107.19,375.81,False,False,29723.82,4.506017352364959,False
ITM11276,Electronics,470,66,8,8,17.55,6.94,0.52,L49,C,110,1.3,96.42,0.58,1,0.73,673,9.28,0.78,2024-11-10,238.4,0.748,26.78062678062678,140.4,329.6,False,False,45317.4,3.3475783475783474,False
ITM11277,Automotive,433,14,10,2,25.03,0.87,0.17,L59,A,70,1.09,189.2,1.09,3,0.9,801,5.53,0.51,2024-04-13,132.27,0.587,17.29924091090691,50.06,382.94,False,False,81923.59999999999,8.649620455453455,False
ITM11278,Apparel,332,35,8,9,16.53,5.9,0.34,L42,D,171,1.88,44.87,0.66,7,0.84,804,9.53,0.64,2024-03-07,131.02,0.617,20.084694494857832,148.77,183.23,False,False,14896.839999999998,2.23163272165087,False
ITM11279,Apparel,402,39,4,4,17.44,4.29,0.96,L25,B,172,2.21,185.39,0.6,7,0.9,714,9.57,0.52,2024-06-23,226.33,0.612,23.050458715596328,69.76,332.24,False,False,74526.78,5.762614678899082,False
ITM11280,Electronics,233,63,9,6,17.53,9.79,0.2,L90,D,108,4.09,146.52,1.58,7,0.8,314,7.05,0.29,2024-03-31,197.2,0.414,13.291500285225327,105.18,127.82,False,False,34139.16,2.2152500475375545,False
ITM11281,Apparel,476,22,4,4,7.02,5.32,0.37,L31,B,157,1.36,137.52,1.79,7,0.87,613,14.44,0.47,2024-06-14,235.65,0.542,67.80626780626781,28.08,447.92,False,False,65459.520000000004,16.951566951566953,False
ITM11282,Automotive,304,92,4,5,5.15,5.75,0.13,L74,D,67,3.76,147.47,1.05,6,0.83,530,10.14,0.89,2024-01-31,267.28,0.654,59.02912621359223,25.75,278.25,False,False,44830.88,11.805825242718445,False
ITM11283,Apparel,258,38,4,3,3.28,7.27,0.23,L50,B,69,2.71,15.94,1.58,5,0.87,450,12.91,0.57,2024-01-12,86.39,0.602,78.65853658536585,9.84,248.16,False,False,4112.5199999999995,26.21951219512195,False
ITM11284,Automotive,184,12,13,4,6.44,5.1,0.73,L30,A,44,5.0,28.79,0.46,6,0.74,509,2.81,0.67,2024-03-16,101.36,0.553,28.57142857142857,25.76,158.24,False,False,5297.36,7.142857142857142,False
ITM11285,Electronics,106,99,3,7,17.84,2.63,0.43,L100,B,56,3.99,73.62,1.14,4,0.82,826,11.59,0.35,2024-10-27,162.82,0.595,5.941704035874439,124.88,-18.879999999999995,False,True,7803.72,0.848814862267777,False
ITM11286,Groceries,160,67,13,9,30.1,5.6,0.51,L53,C,55,4.86,24.05,1.31,7,0.81,615,9.43,0.48,2024-12-26,279.83,0.513,5.3156146179401995,270.90000000000003,-110.90000000000003,False,True,3848.0,0.5906238464378,False
ITM11287,Apparel,179,85,3,3,10.22,9.47,0.24,L6,A,96,2.04,197.64,1.03,1,0.92,182,5.32,0.94,2024-03-13,252.06,0.72,17.5146771037182,30.660000000000004,148.34,False,False,35377.56,5.838225701239399,False
ITM11288,Groceries,65,11,9,6,44.51,4.39,0.71,L41,C,13,1.05,120.28,0.32,4,0.91,240,2.91,0.45,2024-02-26,145.85,0.599,1.4603459896652438,267.06,-202.06,False,True,7818.2,0.24339099827754063,False
ITM11289,Automotive,391,84,14,3,40.61,6.96,0.78,L96,D,19,2.78,102.6,1.49,6,0.97,173,6.32,0.4,2024-09-26,176.2,0.489,9.62817040137897,121.83,269.17,False,False,40116.6,3.20939013379299,False
ITM11290,Apparel,131,37,7,4,26.51,9.79,0.26,L61,D,116,1.06,159.25,1.69,8,0.89,480,7.18,0.24,2024-07-05,216.57,0.393,4.941531497548095,106.04,24.959999999999994,False,False,20861.75,1.2353828743870237,False
ITM11291,Pharma,426,91,13,4,36.49,8.38,0.14,L91,B,84,2.72,195.62,1.31,9,0.79,267,2.97,0.28,2024-02-07,161.58,0.343,11.674431351055082,145.96,280.03999999999996,False,False,83334.12,2.9186078377637705,False
ITM11292,Groceries,64,86,5,7,18.95,6.76,0.17,L49,B,49,1.71,191.47,0.42,0,0.93,926,10.38,0.67,2024-07-10,38.55,0.816,3.3773087071240107,132.65,-68.65,True,True,12254.08,0.4824726724462872,False
ITM11293,Apparel,420,95,3,2,2.8,7.49,0.69,L50,D,136,2.71,160.68,0.24,8,0.85,452,5.3,0.73,2024-12-26,112.29,0.603,150.0,5.6,414.4,False,False,67485.6,75.0,False
ITM11294,Groceries,266,85,13,9,45.31,9.4,0.22,L85,A,128,4.77,81.66,0.67,2,0.76,371,12.28,0.71,2024-12-05,23.81,0.751,5.87066872655043,407.79,-141.79000000000002,False,True,21721.559999999998,0.65229652517227,False
ITM11295,Apparel,123,11,12,7,7.26,9.62,0.54,L84,C,82,1.8,22.53,0.17,0,0.92,350,10.08,0.63,2024-07-21,204.26,0.827,16.94214876033058,50.82,72.18,False,False,2771.19,2.4203069657615113,False
ITM11296,Electronics,104,16,8,4,47.45,9.71,0.24,L20,D,49,4.97,28.69,1.69,6,0.74,120,5.35,0.59,2024-10-27,107.77,0.448,2.191780821917808,189.8,-85.80000000000001,False,True,2983.76,0.547945205479452,False
ITM11297,Groceries,469,35,13,8,29.02,6.44,0.25,L64,A,105,1.53,10.22,1.44,2,0.75,263,6.04,0.26,2024-02-21,224.13,0.499,16.161268090971745,232.16,236.84,False,False,4793.18,2.020158511371468,False
ITM11298,Pharma,153,99,3,3,15.97,4.15,0.1,L5,C,32,1.44,10.36,1.17,7,0.93,923,14.19,0.87,2024-06-21,134.62,0.692,9.580463368816531,47.910000000000004,105.09,False,False,1585.08,3.1934877896055105,False
ITM11299,Pharma,127,97,11,7,25.28,1.76,0.39,L17,B,152,2.95,187.92,1.79,1,0.93,594,14.27,0.61,2024-06-03,23.22,0.699,5.023734177215189,176.96,-49.96000000000001,False,True,23865.84,0.7176763110307414,False
ITM11300,Automotive,37,85,4,7,25.58,4.16,0.18,L65,A,124,4.29,186.13,0.31,3,0.94,423,6.86,0.31,2024-06-14,120.09,0.65,1.4464425332290853,179.06,-142.06,True,True,6886.8099999999995,0.20663464760415504,False
ITM11301,Apparel,113,25,3,9,2.14,9.46,0.45,L76,A,125,3.87,136.84,1.46,1,0.79,385,10.51,0.31,2024-03-10,73.42,0.594,52.80373831775701,19.26,93.74,False,False,15462.92,5.867082035306335,False
ITM11302,Groceries,169,32,14,8,18.42,8.95,0.64,L43,D,142,3.76,148.07,0.38,3,0.96,220,14.72,0.61,2024-03-21,72.14,0.812,9.174809989142236,147.36,21.639999999999986,False,False,25023.829999999998,1.1468512486427795,False
ITM11303,Automotive,265,49,9,8,37.25,5.47,0.43,L13,C,177,1.77,107.51,0.22,0,0.92,393,14.92,0.4,2024-08-11,119.51,0.841,7.114093959731544,298.0,-33.0,False,True,28490.15,0.889261744966443,False
ITM11304,Groceries,308,69,8,8,25.99,5.6,0.73,L57,D,155,0.6,55.19,0.35,9,0.95,505,2.01,0.94,2024-11-23,293.71,0.59,11.850711812235476,207.92,100.08000000000001,False,False,16998.52,1.4813389765294345,False
ITM11305,Apparel,433,82,8,9,12.97,3.43,0.77,L13,B,30,1.23,183.73,1.91,4,0.91,911,8.75,0.6,2024-09-06,288.42,0.548,33.38473400154202,116.73,316.27,False,False,79555.09,3.7094148890602248,False
ITM11306,Pharma,228,41,7,2,17.42,4.82,0.73,L68,B,12,2.07,62.76,0.94,2,0.87,459,11.17,0.98,2024-11-28,243.0,0.785,13.088404133180251,34.84,193.16,False,False,14309.279999999999,6.544202066590126,False
ITM11307,Electronics,145,24,13,4,43.29,7.29,0.94,L59,C,55,4.87,150.54,0.19,8,0.73,350,3.62,0.79,2024-06-11,81.19,0.573,3.3495033495033497,173.16,-28.159999999999997,False,True,21828.3,0.8373758373758374,False
ITM11308,Pharma,254,22,6,4,26.75,4.32,0.31,L2,C,99,4.64,56.63,1.21,3,0.91,545,12.51,0.85,2024-03-30,231.54,0.738,9.495327102803738,107.0,147.0,False,False,14384.02,2.3738317757009346,False
ITM11309,Automotive,435,14,13,6,26.89,2.29,0.27,L93,C,88,1.4,175.33,0.48,5,0.91,340,7.56,0.51,2024-12-28,14.46,0.637,16.177017478616587,161.34,273.65999999999997,False,False,76268.55,2.6961695797694314,False
ITM11310,Electronics,445,84,6,9,48.11,5.64,0.65,L19,D,136,3.77,133.74,0.11,8,0.79,798,7.97,0.31,2024-10-14,26.34,0.555,9.24963625025982,432.99,12.009999999999991,False,False,59514.3,1.02773736113998,False
ITM11311,Automotive,481,83,5,2,16.72,2.64,0.64,L53,C,62,3.11,132.11,1.54,1,0.92,898,4.84,0.75,2024-12-21,252.36,0.625,28.767942583732058,33.44,447.56,False,False,63544.91,14.383971291866029,False
ITM11312,Apparel,141,61,12,6,24.5,9.76,0.56,L84,C,157,0.72,28.5,0.39,6,0.87,486,5.2,0.53,2024-11-10,173.63,0.59,5.755102040816326,147.0,-6.0,False,True,4018.5,0.9591836734693877,False
ITM11313,Electronics,157,86,10,6,40.77,4.21,0.1,L20,D,30,2.17,89.7,1.89,2,0.87,151,2.18,0.96,2024-07-01,118.26,0.566,3.8508707382879566,244.62,-87.62,False,True,14082.9,0.6418117897146595,False
ITM11314,Automotive,134,50,9,6,38.19,9.14,0.6,L10,B,99,2.69,109.73,1.23,0,0.81,59,14.04,0.35,2024-04-24,224.73,0.696,3.5087719298245617,229.14,-95.13999999999999,False,True,14703.82,0.584795321637427,False
ITM11315,Apparel,439,62,11,9,14.02,2.64,0.94,L61,B,122,3.5,65.87,0.27,8,0.74,90,6.35,0.7,2024-12-06,43.17,0.586,31.31241084165478,126.17999999999999,312.82,False,False,28916.93,3.4791567601838644,False
ITM11316,Pharma,181,59,3,5,8.4,2.3,0.4,L34,A,60,1.83,177.39,0.51,8,0.77,419,3.27,0.89,2024-10-28,93.14,0.565,21.547619047619047,42.0,139.0,False,False,32107.589999999997,4.309523809523809,False
ITM11317,Apparel,220,24,9,6,35.33,6.36,0.97,L44,B,162,4.7,169.16,1.26,3,0.93,175,2.99,0.52,2024-03-30,221.01,0.544,6.227002547410133,211.98,8.02000000000001,False,False,37215.2,1.0378337579016887,False
ITM11318,Groceries,253,16,12,7,13.63,7.9,0.42,L80,C,77,2.53,103.79,0.74,8,0.78,834,6.7,0.96,2024-07-12,70.08,0.603,18.561995597945707,95.41000000000001,157.58999999999997,False,False,26258.870000000003,2.651713656849387,False
ITM11319,Apparel,47,49,6,3,46.21,5.88,0.23,L89,B,125,1.62,74.61,1.11,6,0.7,432,9.85,0.26,2024-06-06,184.19,0.492,1.0170958666955203,138.63,-91.63,True,True,3506.67,0.33903195556517346,False
ITM11320,Apparel,30,37,9,7,7.33,2.68,0.46,L51,D,147,1.92,162.29,1.62,3,1.0,376,11.89,0.67,2024-12-18,139.82,0.671,4.092769440654843,51.31,-21.310000000000002,True,True,4868.7,0.5846813486649776,False
ITM11321,Groceries,225,41,14,7,16.6,0.86,0.55,L84,B,92,3.88,47.41,1.61,1,0.76,499,13.94,0.82,2024-05-30,68.69,0.721,13.554216867469878,116.20000000000002,108.79999999999998,False,False,10667.25,1.9363166953528397,False
ITM11322,Automotive,186,24,3,4,3.68,6.37,0.67,L11,B,104,3.38,23.59,1.43,4,0.9,572,9.9,0.36,2024-03-06,267.63,0.561,50.54347826086956,14.72,171.28,False,False,4387.74,12.63586956521739,False
ITM11323,Automotive,266,94,7,5,35.46,1.74,0.55,L43,A,146,3.84,18.68,1.78,7,0.98,880,6.89,0.25,2024-03-31,136.3,0.42,7.501410039481105,177.3,88.69999999999999,False,False,4968.88,1.5002820078962211,False
ITM11324,Apparel,66,79,5,9,44.67,3.76,0.58,L87,A,38,1.82,17.35,0.48,9,0.88,756,6.91,0.26,2024-01-01,183.66,0.492,1.4775016789791806,402.03000000000003,-336.03000000000003,True,True,1145.1000000000001,0.16416685321990895,False
ITM11325,Groceries,265,74,7,6,32.16,6.92,0.12,L69,C,174,1.97,102.89,0.44,9,0.94,991,9.04,0.46,2024-12-25,83.38,0.577,8.240049751243783,192.95999999999998,72.04000000000002,False,False,27265.85,1.3733416252072972,False
ITM11326,Groceries,146,13,6,4,46.95,1.43,0.33,L49,D,119,2.29,58.51,1.62,5,0.99,581,8.53,0.38,2024-10-20,110.57,0.526,3.1096911608093714,187.8,-41.80000000000001,False,True,8542.46,0.7774227902023428,False
ITM11327,Pharma,166,20,4,2,7.3,1.71,0.38,L41,C,80,1.35,141.17,0.71,4,0.96,958,9.97,0.38,2024-07-19,24.21,0.65,22.73972602739726,14.6,151.4,False,False,23434.219999999998,11.36986301369863,False
ITM11328,Automotive,137,35,13,2,5.3,1.09,0.99,L81,D,47,3.61,134.24,1.07,3,0.87,322,8.05,0.57,2024-10-17,150.13,0.628,25.849056603773587,10.6,126.4,False,False,18390.88,12.924528301886793,False
ITM11329,Electronics,418,70,6,9,42.08,9.96,0.37,L92,D,136,1.98,112.98,1.51,5,0.81,551,1.83,0.27,2024-01-17,110.01,0.389,9.933460076045629,378.71999999999997,39.28000000000003,False,False,47225.64,1.103717786227292,False
ITM11330,Automotive,401,46,5,4,42.92,4.18,0.91,L98,A,81,1.97,77.04,0.85,2,0.84,796,8.01,1.0,2024-04-03,105.53,0.75,9.34296365330848,171.68,229.32,False,False,30893.04,2.33574091332712,False
ITM11331,Automotive,431,32,3,3,41.72,9.11,0.37,L63,B,68,1.71,171.59,0.35,1,0.95,536,1.32,0.76,2024-11-04,268.08,0.705,10.330776605944392,125.16,305.84000000000003,False,False,73955.29000000001,3.4435922019814638,False
ITM11332,Pharma,171,94,14,9,40.15,3.29,0.19,L70,B,37,2.54,144.84,1.39,0,0.96,977,3.53,0.22,2024-06-11,214.12,0.544,4.259028642590287,361.34999999999997,-190.34999999999997,False,True,24767.64,0.47322540473225405,False
ITM11333,Electronics,91,49,12,4,18.75,7.66,0.32,L5,A,165,3.97,61.59,1.65,8,0.95,276,6.42,0.75,2024-11-09,142.61,0.501,4.8533333333333335,75.0,16.0,False,False,5604.6900000000005,1.2133333333333334,False
ITM11334,Pharma,382,86,10,4,11.66,2.58,0.35,L80,C,55,4.26,105.32,0.12,0,0.88,276,8.72,0.83,2024-04-23,66.65,0.846,32.76157804459691,46.64,335.36,False,False,40232.24,8.190394511149227,False
ITM11335,Electronics,156,32,7,5,46.51,5.23,0.98,L9,B,80,4.12,39.69,1.17,3,0.84,915,3.59,0.35,2024-11-23,292.24,0.509,3.354117394108794,232.54999999999998,-76.54999999999998,False,True,6191.639999999999,0.6708234788217589,False
ITM11336,Apparel,194,25,6,9,16.04,8.33,0.71,L31,C,47,3.3,72.47,0.99,5,0.79,390,4.87,0.87,2024-10-16,31.68,0.598,12.094763092269327,144.35999999999999,49.640000000000015,False,False,14059.18,1.343862565807703,False
ITM11337,Electronics,308,70,12,2,20.52,8.26,0.94,L81,B,126,1.76,199.46,0.59,8,0.7,321,6.24,0.69,2024-02-23,49.47,0.542,15.009746588693957,41.04,266.96,False,False,61433.68,7.504873294346979,False
ITM11338,Pharma,465,77,14,2,35.28,8.05,0.85,L88,C,117,3.81,52.53,0.41,3,0.93,840,3.76,0.86,2024-09-11,88.39,0.707,13.180272108843537,70.56,394.44,False,False,24426.45,6.590136054421769,False
ITM11339,Automotive,38,89,7,6,15.37,8.33,0.62,L37,D,155,0.68,142.68,0.46,6,0.78,444,14.98,0.77,2024-03-13,286.81,0.744,2.4723487312947303,92.22,-54.22,True,True,5421.84,0.41205812188245505,False
ITM11340,Electronics,214,40,6,7,41.14,2.51,0.71,L30,D,104,4.09,55.3,1.48,6,0.8,173,12.27,0.76,2024-06-18,90.88,0.608,5.201750121536218,287.98,-73.98000000000002,False,True,11834.199999999999,0.7431071602194598,False
ITM11341,Electronics,349,62,5,9,4.43,5.08,0.66,L96,B,72,4.01,188.25,1.12,5,0.95,959,12.35,0.33,2024-02-09,152.51,0.609,78.78103837471784,39.87,309.13,False,False,65699.25,8.753448708301981,False
ITM11342,Groceries,443,34,7,4,39.77,5.11,0.7,L12,C,112,3.52,68.93,1.96,8,0.72,244,8.96,0.45,2024-05-01,230.74,0.397,11.139049534825244,159.08,283.91999999999996,False,False,30535.99,2.784762383706311,False
ITM11343,Automotive,194,53,6,9,30.49,8.96,0.34,L56,C,14,0.94,75.87,0.56,9,0.98,632,14.46,0.62,2024-06-26,279.46,0.677,6.362741882584454,274.40999999999997,-80.40999999999997,False,True,14718.78,0.7069713202871616,False
ITM11344,Apparel,468,21,3,4,29.08,3.32,0.47,L13,D,166,4.99,122.83,1.92,6,0.7,793,11.25,0.29,2024-06-12,185.48,0.436,16.09353507565337,116.32,351.68,False,False,57484.44,4.023383768913343,False
ITM11345,Pharma,432,99,14,3,23.46,9.35,0.63,L98,C,116,3.9,121.74,1.08,2,0.98,222,5.63,0.58,2024-03-26,121.44,0.639,18.414322250639387,70.38,361.62,False,False,52591.68,6.138107416879795,False
ITM11346,Apparel,453,18,5,9,14.58,4.78,0.13,L82,A,151,3.81,120.02,0.38,5,0.84,252,9.55,0.56,2024-11-21,295.8,0.669,31.069958847736626,131.22,321.78,False,False,54369.06,3.4522176497485138,False
ITM11347,Automotive,373,21,12,8,23.74,6.86,0.53,L91,C,67,0.79,118.92,0.38,6,0.73,82,8.61,0.39,2024-02-15,17.59,0.581,15.711878685762427,189.92,183.08,False,False,44357.16,1.9639848357203034,False
ITM11348,Electronics,160,78,12,8,23.05,3.05,0.87,L13,D,155,2.29,69.32,1.26,6,0.9,260,9.12,0.36,2024-12-28,251.33,0.528,6.941431670281996,184.4,-24.400000000000006,False,True,11091.199999999999,0.8676789587852495,False
ITM11349,Electronics,265,63,10,2,29.6,4.4,0.54,L57,A,16,0.89,92.54,1.68,5,0.97,862,12.45,0.4,2024-12-09,90.45,0.572,8.952702702702702,59.2,205.8,False,False,24523.100000000002,4.476351351351351,False
ITM11350,Automotive,404,63,9,3,14.8,7.24,0.6,L22,A,96,2.12,122.75,1.52,2,0.83,743,8.13,0.68,2024-11-23,247.06,0.618,27.297297297297295,44.400000000000006,359.6,False,False,49591.0,9.099099099099098,False
ITM11351,Electronics,437,37,4,5,4.8,5.37,0.28,L89,C,106,3.07,137.54,1.35,5,0.91,802,11.2,0.53,2024-06-20,57.03,0.602,91.04166666666667,24.0,413.0,False,False,60104.979999999996,18.208333333333336,False
ITM11352,Electronics,112,65,3,6,8.11,9.34,0.81,L39,D,54,4.45,58.09,0.43,1,0.99,100,4.51,0.53,2024-08-16,110.58,0.701,13.810110974106044,48.66,63.34,False,False,6506.08,2.3016851623510073,False
ITM11353,Electronics,451,78,5,3,35.26,7.5,0.42,L4,D,25,1.77,143.28,0.31,9,0.77,932,14.05,0.35,2024-01-06,26.23,0.6,12.790697674418606,105.78,345.22,False,False,64619.28,4.263565891472869,False
ITM11354,Pharma,258,86,7,2,2.1,5.86,0.96,L6,D,73,3.31,185.42,0.1,0,0.95,941,2.21,0.83,2024-05-15,67.89,0.775,122.85714285714285,4.2,253.8,False,False,47838.35999999999,61.42857142857142,True
ITM11355,Pharma,224,67,12,5,42.97,8.92,0.99,L42,A,46,1.24,154.01,0.29,7,0.79,904,14.91,0.76,2024-04-17,184.81,0.74,5.212939259948802,214.85,9.150000000000006,False,False,34498.24,1.0425878519897602,False
ITM11356,Groceries,67,87,13,4,35.03,6.82,0.92,L8,D,162,2.09,26.0,1.56,2,0.83,456,9.86,0.54,2024-05-07,230.84,0.609,1.9126463031687124,140.12,-73.12,True,True,1742.0,0.4781615757921781,False
ITM11357,Apparel,452,84,14,5,38.64,6.65,0.18,L38,A,18,4.76,99.13,1.8,7,0.78,590,7.58,0.31,2024-12-20,274.26,0.399,11.697722567287785,193.2,258.8,False,False,44806.759999999995,2.339544513457557,False
ITM11358,Automotive,264,51,3,7,41.96,2.84,0.4,L46,A,165,3.86,92.7,0.56,2,0.83,567,5.35,0.77,2024-02-04,44.71,0.695,6.291706387035272,293.72,-29.720000000000027,False,True,24472.8,0.898815198147896,False
ITM11359,Automotive,339,47,5,9,7.01,4.25,0.95,L48,B,146,2.96,73.94,1.61,1,0.7,984,6.67,0.92,2024-06-28,50.77,0.632,48.35948644793153,63.089999999999996,275.91,False,False,25065.66,5.373276271992392,False
ITM11360,Automotive,336,77,5,3,41.3,6.99,0.82,L56,C,149,1.63,103.35,0.48,7,0.79,182,11.95,0.34,2024-05-11,282.24,0.597,8.135593220338984,123.89999999999999,212.10000000000002,False,False,34725.6,2.7118644067796613,False
ITM11361,Groceries,432,62,7,2,25.73,8.97,0.92,L19,D,155,2.21,93.53,0.57,2,0.83,145,2.95,0.68,2024-02-25,232.13,0.644,16.789739603575594,51.46,380.54,False,False,40404.96,8.394869801787797,False
ITM11362,Pharma,314,42,5,3,44.39,3.5,0.62,L32,A,99,1.21,11.17,0.53,7,0.89,473,4.54,0.54,2024-01-01,166.53,0.554,7.073665239918901,133.17000000000002,180.82999999999998,False,False,3507.38,2.3578884133063003,False
ITM11363,Groceries,147,80,11,4,44.44,2.55,0.53,L68,C,83,2.09,54.95,0.2,1,0.89,907,2.73,0.27,2024-01-25,148.25,0.628,3.307830783078308,177.76,-30.75999999999999,False,True,8077.650000000001,0.826957695769577,False
ITM11364,Automotive,363,65,3,8,2.18,6.14,0.2,L53,A,134,1.18,50.62,0.47,3,0.88,131,6.97,0.78,2024-07-16,55.74,0.718,166.5137614678899,17.44,345.56,False,False,18375.059999999998,20.81422018348624,False
ITM11365,Apparel,301,81,6,4,19.76,1.14,0.86,L73,C,60,4.08,76.36,0.81,8,0.79,838,6.42,0.26,2024-08-12,120.0,0.455,15.232793522267205,79.04,221.95999999999998,False,False,22984.36,3.808198380566801,False
ITM11366,Electronics,36,60,12,2,26.79,7.29,0.77,L88,A,41,0.86,43.15,0.87,0,0.98,364,10.08,0.76,2024-08-02,118.06,0.795,1.343784994400896,53.58,-17.58,True,True,1553.3999999999999,0.671892497200448,False
ITM11367,Pharma,90,83,12,7,34.24,7.18,0.15,L24,D,97,1.35,22.88,0.69,1,0.82,778,14.94,0.42,2024-03-26,198.02,0.758,2.628504672897196,239.68,-149.68,False,True,2059.2,0.37550066755674233,False
ITM11368,Pharma,288,52,6,6,15.02,3.87,0.29,L22,B,145,3.61,47.36,1.08,1,0.77,965,13.49,0.65,2024-07-30,183.68,0.736,19.174434087882823,90.12,197.88,False,False,13639.68,3.195739014647137,False
ITM11369,Groceries,344,24,3,9,13.35,8.98,0.6,L23,B,167,4.56,172.3,0.82,8,0.87,329,13.33,0.33,2024-09-09,27.32,0.576,25.767790262172284,120.14999999999999,223.85000000000002,False,False,59271.200000000004,2.8630878069080317,False
ITM11370,Pharma,301,47,4,9,19.68,5.27,0.72,L11,B,35,4.84,161.44,1.94,9,0.92,692,10.04,0.5,2024-07-12,256.06,0.444,15.294715447154472,177.12,123.88,False,False,48593.44,1.699412827461608,False
ITM11371,Automotive,324,24,13,5,25.55,6.63,0.22,L79,A,161,4.26,94.0,1.63,4,0.7,135,4.79,0.28,2024-06-28,281.89,0.417,12.681017612524462,127.75,196.25,False,False,30456.0,2.5362035225048922,False
ITM11372,Automotive,470,14,3,5,47.61,2.49,0.32,L49,C,164,1.45,176.78,1.87,3,0.78,889,6.38,0.57,2024-10-06,236.26,0.508,9.871875656374712,238.05,231.95,False,False,83086.6,1.9743751312749425,False
ITM11373,Groceries,26,92,8,4,38.34,4.46,0.27,L80,D,176,1.79,54.21,1.16,9,0.95,415,4.5,0.37,2024-07-11,61.73,0.428,0.6781429316640584,153.36,-127.36000000000001,True,True,1409.46,0.1695357329160146,False
ITM11374,Automotive,333,63,5,3,22.04,8.69,0.3,L88,D,75,4.42,121.0,1.39,9,0.85,874,2.89,0.35,2024-02-21,59.93,0.36,15.108892921960074,66.12,266.88,False,False,40293.0,5.036297640653358,False
ITM11375,Apparel,324,60,9,8,3.66,2.52,0.93,L31,A,82,4.5,37.16,0.42,3,0.82,415,7.1,0.29,2024-09-02,220.57,0.615,88.52459016393442,29.28,294.72,False,False,12039.839999999998,11.065573770491802,False
ITM11376,Groceries,122,19,7,3,9.26,4.21,0.74,L64,B,59,3.38,168.35,1.53,6,0.98,142,13.57,0.81,2024-10-22,137.85,0.666,13.174946004319654,27.78,94.22,False,False,20538.7,4.391648668106551,False
ITM11377,Apparel,328,21,11,7,23.34,3.52,0.76,L75,A,54,1.91,34.81,0.55,2,0.73,120,11.41,0.71,2024-11-29,235.85,0.745,14.05312767780634,163.38,164.62,False,False,11417.68,2.0075896682580487,False
ITM11378,Electronics,212,13,9,6,40.88,1.94,0.81,L19,C,96,1.51,16.05,0.38,8,0.88,375,14.79,0.33,2024-12-17,31.89,0.641,5.185909980430528,245.28000000000003,-33.28000000000003,False,True,3402.6000000000004,0.8643183300717547,False
ITM11379,Apparel,260,27,6,9,19.65,3.25,0.42,L30,B,42,4.34,61.95,0.18,4,0.8,556,3.73,0.58,2024-04-25,217.77,0.628,13.231552162849873,176.85,83.15,False,False,16107.0,1.4701724625388748,False
ITM11380,Electronics,81,89,7,3,27.39,2.71,0.79,L60,A,28,1.42,181.18,1.0,8,0.72,375,8.01,0.73,2024-03-24,132.99,0.537,2.9572836801752462,82.17,-1.1700000000000017,True,True,14675.58,0.985761226725082,False
ITM11381,Electronics,36,45,7,9,44.7,9.27,0.98,L82,C,150,3.48,34.6,0.64,0,0.76,893,12.1,0.9,2024-08-19,18.99,0.829,0.8053691275167785,402.3,-366.3,True,True,1245.6000000000001,0.08948545861297538,False
ITM11382,Apparel,190,34,13,5,45.78,7.54,0.73,L33,B,122,4.86,72.83,1.97,9,0.89,240,7.45,0.25,2024-02-07,168.1,0.35,4.150283966797728,228.9,-38.900000000000006,False,True,13837.699999999999,0.8300567933595456,False
ITM11383,Groceries,44,96,7,9,11.57,3.5,0.48,L59,D,31,3.67,70.12,0.57,7,0.71,263,5.97,0.49,2024-01-18,212.72,0.523,3.8029386343993083,104.13,-60.129999999999995,True,True,3085.28,0.4225487371554787,False
ITM11384,Automotive,270,85,12,8,3.14,7.75,0.74,L33,C,157,1.66,162.31,1.75,1,0.88,96,12.42,0.69,2024-05-30,163.19,0.685,85.9872611464968,25.12,244.88,False,False,43823.7,10.7484076433121,False
ITM11385,Automotive,272,45,11,9,15.97,0.71,0.91,L86,D,106,1.77,90.09,0.7,7,0.99,779,7.02,0.21,2024-01-11,45.64,0.524,17.031934877896056,143.73000000000002,128.26999999999998,False,False,24504.48,1.8924372086551173,False
ITM11386,Electronics,406,76,12,3,35.09,5.5,0.22,L2,C,14,0.92,126.2,1.52,3,0.94,138,13.78,0.39,2024-06-12,246.61,0.638,11.570247933884296,105.27000000000001,300.73,False,False,51237.200000000004,3.8567493112947653,False
ITM11387,Electronics,226,18,5,8,47.6,2.88,0.34,L60,B,135,3.59,86.83,1.35,1,0.8,836,4.76,0.8,2024-05-13,101.95,0.628,4.7478991596638656,380.8,-154.8,False,True,19623.579999999998,0.5934873949579832,False
ITM11388,Groceries,48,70,8,9,4.77,1.59,0.93,L37,A,87,2.83,114.78,1.17,1,0.74,276,13.55,0.48,2024-02-23,277.22,0.688,10.062893081761008,42.92999999999999,5.070000000000007,True,False,5509.4400000000005,1.1180992313067786,False
ITM11389,Pharma,136,62,10,6,2.4,8.9,0.95,L87,A,169,1.43,21.86,0.89,5,0.84,446,4.9,0.27,2024-02-07,272.99,0.498,56.66666666666667,14.399999999999999,121.6,False,False,2972.96,9.444444444444445,False
ITM11390,Apparel,435,27,13,5,44.32,2.39,0.54,L70,A,39,1.52,81.07,1.38,2,0.82,266,5.05,0.7,2024-06-24,68.11,0.593,9.814981949458483,221.6,213.4,False,False,35265.45,1.9629963898916967,False
ITM11391,Electronics,301,52,11,9,37.66,8.31,0.44,L21,A,100,0.54,172.47,0.87,9,0.99,801,6.89,0.4,2024-03-28,148.15,0.503,7.992565055762083,338.93999999999994,-37.93999999999994,False,True,51913.47,0.8880627839735648,False
ITM11392,Automotive,399,44,9,8,49.62,4.43,0.35,L10,C,163,4.9,141.3,1.14,2,1.0,350,8.22,0.76,2024-07-11,49.84,0.708,8.041112454655382,396.96,2.0400000000000205,False,False,56378.700000000004,1.0051390568319227,False
ITM11393,Groceries,163,72,14,3,20.44,0.64,0.55,L57,A,91,4.23,196.55,1.22,8,0.82,465,6.86,0.92,2024-03-23,206.55,0.557,7.974559686888454,61.32000000000001,101.67999999999999,False,False,32037.65,2.658186562296151,False
ITM11394,Apparel,44,87,5,5,21.39,7.46,0.94,L45,A,97,2.27,159.7,0.61,4,0.74,975,13.07,0.62,2024-02-08,257.06,0.705,2.057035998129967,106.95,-62.95,True,True,7026.799999999999,0.4114071996259934,False
ITM11395,Groceries,329,13,3,4,9.44,6.17,0.23,L76,C,141,4.76,95.79,0.75,6,0.97,902,12.14,0.68,2024-10-07,198.03,0.697,34.85169491525424,37.76,291.24,False,False,31514.910000000003,8.71292372881356,False
ITM11396,Apparel,175,50,6,4,6.68,3.77,0.48,L39,C,114,3.55,138.49,0.13,4,0.94,943,5.34,0.61,2024-02-17,85.54,0.688,26.197604790419163,26.72,148.28,False,False,24235.75,6.549401197604791,False
ITM11397,Apparel,92,54,8,7,29.36,3.17,0.92,L82,B,76,3.88,157.42,1.72,1,0.85,219,8.16,0.85,2024-06-22,32.13,0.657,3.1335149863760217,205.51999999999998,-113.51999999999998,False,True,14482.64,0.4476449980537174,False
ITM11398,Electronics,139,59,5,4,18.85,1.2,0.41,L55,C,127,3.56,61.24,1.54,7,0.81,414,7.03,0.39,2024-10-31,30.09,0.44,7.374005305039788,75.4,63.599999999999994,False,False,8512.36,1.843501326259947,False
ITM11399,Groceries,331,88,3,3,4.94,9.44,0.79,L89,D,39,3.91,21.4,0.45,8,0.83,281,1.78,0.52,2024-11-10,187.17,0.489,67.00404858299595,14.82,316.18,False,False,7083.4,22.33468286099865,True
ITM11400,Groceries,340,37,8,6,44.46,5.19,0.45,L33,B,120,1.27,87.11,0.79,1,0.97,669,11.47,0.92,2024-09-04,286.47,0.832,7.647323436797121,266.76,73.24000000000001,False,False,29617.4,1.2745539061328535,False
ITM11401,Automotive,112,51,3,5,10.72,1.31,0.82,L59,B,153,3.03,37.49,0.9,1,0.76,377,3.54,0.78,2024-12-26,211.63,0.645,10.44776119402985,53.6,58.4,False,False,4198.88,2.08955223880597,False
ITM11402,Automotive,105,89,11,8,37.68,8.75,0.98,L39,A,48,4.32,62.68,0.74,3,0.94,282,14.08,0.46,2024-01-16,221.88,0.734,2.786624203821656,301.44,-196.44,False,True,6581.4,0.348328025477707,False
ITM11403,Electronics,355,85,13,2,14.83,3.15,0.45,L26,A,95,0.59,189.9,1.62,7,0.71,731,6.57,0.87,2024-08-08,105.5,0.502,23.937963587322994,29.66,325.34,False,False,67414.5,11.968981793661497,False
ITM11404,Electronics,444,78,14,4,40.83,2.43,0.86,L50,D,50,1.06,170.95,1.48,4,0.98,696,9.71,0.39,2024-11-30,179.95,0.575,10.874357090374724,163.32,280.68,False,False,75901.79999999999,2.718589272593681,False
ITM11405,Pharma,383,10,3,4,6.8,3.17,0.99,L62,A,40,1.61,122.57,1.56,4,0.85,692,12.46,0.71,2024-03-25,101.81,0.642,56.32352941176471,27.2,355.8,False,False,46944.31,14.080882352941178,False
ITM11406,Automotive,454,48,8,2,38.05,5.86,0.99,L14,C,150,1.83,86.24,1.82,6,0.77,86,3.52,0.97,2024-11-06,271.48,0.493,11.931668856767413,76.1,377.9,False,False,39152.96,5.965834428383706,False
ITM11407,Apparel,137,99,3,8,5.81,1.2,0.49,L31,C,178,1.32,60.22,1.23,3,0.7,820,8.58,0.66,2024-08-10,48.43,0.603,23.58003442340792,46.48,90.52000000000001,False,False,8250.14,2.94750430292599,False
ITM11408,Groceries,252,26,14,8,22.9,5.08,0.54,L49,A,165,3.31,118.58,1.27,8,0.87,451,4.32,0.84,2024-03-21,193.29,0.513,11.004366812227074,183.2,68.80000000000001,False,False,29882.16,1.3755458515283843,False
ITM11409,Electronics,218,97,9,2,36.97,9.01,0.37,L74,A,136,1.82,111.3,1.47,3,0.77,685,8.14,0.79,2024-01-28,221.95,0.614,5.8966729780903435,73.94,144.06,False,False,24263.399999999998,2.9483364890451718,False
ITM11410,Groceries,225,44,5,8,9.49,2.29,0.38,L46,C,73,1.21,158.35,1.39,7,0.89,475,9.11,0.89,2024-02-21,212.56,0.598,23.709167544783984,75.92,149.07999999999998,False,False,35628.75,2.963645943097998,False
ITM11411,Groceries,432,55,8,3,15.0,3.65,0.54,L74,B,126,4.58,186.32,1.75,2,0.78,954,3.37,0.98,2024-06-18,84.62,0.582,28.8,45.0,387.0,False,False,80490.23999999999,9.6,False
ITM11412,Pharma,358,51,9,8,43.37,4.26,0.28,L38,D,28,3.63,72.5,1.56,5,0.73,457,9.13,0.22,2024-04-15,150.95,0.456,8.254553839059257,346.96,11.04000000000002,False,False,25955.0,1.0318192298824072,False
ITM11413,Automotive,166,48,3,5,44.37,6.07,0.74,L90,D,120,1.61,49.2,0.33,0,0.85,824,7.37,0.22,2024-04-07,202.37,0.679,3.7412666215911656,221.85,-55.849999999999994,False,True,8167.200000000001,0.7482533243182331,False
ITM11414,Electronics,469,99,3,8,3.2,9.23,0.58,L38,B,123,2.12,86.53,1.86,6,0.87,914,8.31,0.68,2024-07-28,279.97,0.515,146.5625,25.6,443.4,False,False,40582.57,18.3203125,False
ITM11415,Groceries,444,58,7,9,9.24,4.25,0.91,L3,D,34,3.83,93.13,1.4,6,0.84,266,13.67,0.96,2024-12-22,154.9,0.682,48.05194805194805,83.16,360.84000000000003,False,False,41349.72,5.339105339105339,False
ITM11416,Electronics,448,71,8,9,6.76,1.16,0.83,L85,A,175,4.06,17.58,0.34,1,0.84,219,7.77,0.59,2024-10-10,97.15,0.736,66.27218934911242,60.839999999999996,387.16,False,False,7875.839999999999,7.363576594345825,False
ITM11417,Apparel,290,47,11,4,9.8,3.81,0.39,L51,A,130,1.29,173.72,1.57,4,0.88,659,7.67,0.87,2024-10-03,122.09,0.615,29.591836734693874,39.2,250.8,False,False,50378.8,7.397959183673469,False
ITM11418,Pharma,406,32,3,6,48.54,2.31,0.56,L36,A,108,4.71,199.16,0.78,3,0.86,407,7.59,0.81,2024-05-15,166.98,0.697,8.364235681911826,291.24,114.75999999999999,False,False,80858.95999999999,1.3940392803186377,False
ITM11419,Apparel,158,31,6,3,28.03,6.69,0.78,L2,D,99,4.03,185.41,1.63,9,0.74,235,9.72,0.6,2024-12-04,293.14,0.455,5.636817695326436,84.09,73.91,False,False,29294.78,1.8789392317754787,False
ITM11420,Electronics,200,13,12,3,23.94,0.78,0.27,L73,B,12,4.36,173.53,1.92,8,0.76,774,6.15,0.61,2024-05-24,192.22,0.404,8.35421888053467,71.82000000000001,128.18,False,False,34706.0,2.7847396268448903,False
ITM11421,Electronics,449,58,10,8,49.24,3.27,0.13,L88,A,139,1.15,198.59,0.58,1,0.74,919,12.22,0.55,2024-06-01,54.87,0.743,9.118602761982128,393.92,55.079999999999984,False,False,89166.91,1.139825345247766,False
ITM11422,Automotive,49,68,12,6,28.29,5.68,0.87,L100,B,14,1.15,182.48,1.73,2,0.91,873,5.0,0.4,2024-05-01,254.51,0.516,1.7320607988688583,169.74,-120.74000000000001,True,True,8941.519999999999,0.28867679981147637,False
ITM11423,Groceries,76,82,11,6,33.39,3.13,0.22,L96,C,29,1.87,140.79,1.57,0,0.86,793,5.19,0.89,2024-02-19,62.62,0.662,2.2761305780173706,200.34,-124.34,True,True,10700.039999999999,0.37935509633622844,False
ITM11424,Groceries,251,77,5,7,17.31,5.73,0.9,L7,C,47,0.79,41.68,1.38,9,0.83,963,9.24,0.37,2024-01-26,21.24,0.445,14.500288850375506,121.16999999999999,129.83,False,False,10461.68,2.0714698357679295,False
ITM11425,Apparel,165,80,13,6,19.72,1.59,0.92,L78,C,110,0.91,39.71,0.83,4,0.94,728,4.64,0.93,2024-07-20,39.06,0.673,8.367139959432048,118.32,46.68000000000001,False,False,6552.150000000001,1.394523326572008,False
ITM11426,Pharma,454,96,4,8,30.13,9.46,0.51,L96,D,137,1.14,19.27,0.31,2,0.8,867,2.26,0.49,2024-10-19,237.98,0.617,15.068038499834053,241.04,212.96,False,False,8748.58,1.8835048124792566,False
ITM11427,Groceries,403,11,6,8,4.42,3.26,0.83,L64,D,111,3.71,88.25,1.02,3,0.87,210,3.88,0.22,2024-10-08,271.55,0.508,91.17647058823529,35.36,367.64,False,False,35564.75,11.397058823529411,True
ITM11428,Automotive,67,58,4,2,13.54,9.27,0.43,L37,A,45,0.64,163.68,0.3,3,0.72,333,13.79,0.33,2024-09-08,87.78,0.704,4.948301329394387,27.08,39.92,False,False,10966.560000000001,2.4741506646971936,False
ITM11429,Apparel,213,97,3,4,10.64,3.6,0.87,L100,C,108,0.87,103.16,1.05,5,0.92,233,1.15,0.91,2024-03-19,154.45,0.576,20.018796992481203,42.56,170.44,False,False,21973.079999999998,5.004699248120301,False
ITM11430,Apparel,243,40,14,9,1.78,7.93,0.84,L30,B,122,4.75,79.6,1.66,9,0.91,586,2.87,0.3,2024-01-28,183.19,0.334,136.51685393258427,16.02,226.98,False,False,19342.8,15.168539325842696,True
ITM11431,Automotive,155,49,5,7,27.31,2.84,0.17,L78,D,46,0.88,30.75,2.0,6,0.94,191,11.61,0.79,2024-07-03,131.42,0.581,5.67557671182717,191.17,-36.16999999999999,False,True,4766.25,0.8107966731181672,False
ITM11432,Pharma,41,57,9,8,28.49,6.86,0.62,L46,B,63,2.92,19.83,0.48,6,0.97,744,14.72,0.35,2024-01-02,28.94,0.692,1.4391014391014392,227.92,-186.92,True,True,813.03,0.1798876798876799,False
ITM11433,Automotive,25,60,3,2,19.81,3.58,0.68,L29,B,158,3.39,85.84,0.49,7,0.93,645,10.63,0.6,2024-08-06,26.43,0.659,1.2619888944977284,39.62,-14.619999999999997,True,True,2146.0,0.6309944472488642,False
ITM11434,Pharma,223,52,4,7,14.17,5.34,0.1,L82,A,158,4.81,28.99,1.64,2,0.95,280,13.91,0.36,2024-02-14,137.7,0.643,15.737473535638673,99.19,123.81,False,False,6464.7699999999995,2.248210505091239,False
ITM11435,Automotive,258,64,3,4,32.95,6.9,0.98,L25,A,101,4.55,29.67,0.99,4,0.8,517,12.97,0.47,2024-05-30,241.38,0.648,7.830045523520485,131.8,126.19999999999999,False,False,7654.860000000001,1.9575113808801212,False
ITM11436,Automotive,204,97,10,7,7.6,6.09,0.47,L80,B,79,2.48,85.12,1.84,9,0.8,952,7.72,0.3,2024-12-04,34.54,0.359,26.842105263157897,53.199999999999996,150.8,False,False,17364.48,3.834586466165414,False
ITM11437,Electronics,379,58,7,2,26.41,5.97,0.57,L33,B,93,4.74,105.54,1.56,5,0.98,437,5.67,0.64,2024-11-16,69.65,0.544,14.350624763347216,52.82,326.18,False,False,39999.66,7.175312381673608,False
ITM11438,Apparel,311,99,10,5,38.64,1.12,0.28,L87,B,173,2.45,45.47,1.5,5,0.97,784,9.85,0.49,2024-11-03,88.23,0.573,8.048654244306418,193.2,117.80000000000001,False,False,14141.17,1.6097308488612836,False
ITM11439,Automotive,354,89,5,9,9.05,2.87,0.65,L97,B,20,3.51,140.08,0.29,7,0.86,207,8.47,0.49,2024-09-02,172.15,0.614,39.11602209944751,81.45,272.55,False,False,49588.32000000001,4.34622467771639,False
ITM11440,Automotive,239,66,14,8,37.91,5.93,0.83,L93,C,97,1.67,89.55,0.17,4,0.81,367,1.36,0.23,2024-04-12,22.53,0.529,6.304405170139805,303.28,-64.27999999999997,False,True,21402.45,0.7880506462674757,False
ITM11441,Groceries,135,86,9,9,38.28,0.67,0.63,L99,B,96,3.36,27.47,0.7,4,0.96,234,14.4,0.31,2024-02-19,259.41,0.696,3.5266457680250785,344.52,-209.51999999999998,False,True,3708.45,0.39184952978056425,False
ITM11442,Apparel,332,24,10,4,3.94,2.88,0.81,L85,D,40,2.92,131.04,0.51,0,0.8,470,8.98,0.77,2024-01-14,146.51,0.783,84.26395939086295,15.76,316.24,False,False,43505.28,21.065989847715738,False
ITM11443,Groceries,68,36,8,3,1.92,2.68,0.76,L88,A,110,3.23,77.82,1.45,0,0.75,232,13.24,0.43,2024-04-15,150.72,0.668,35.41666666666667,5.76,62.24,False,False,5291.759999999999,11.805555555555557,False
ITM11444,Apparel,192,77,9,4,48.72,2.87,0.31,L18,D,174,3.57,19.94,0.96,5,0.89,646,11.28,0.55,2024-03-28,104.69,0.642,3.9408866995073892,194.88,-2.8799999999999955,False,True,3828.4800000000005,0.9852216748768473,False
ITM11445,Groceries,101,89,14,4,10.48,5.59,0.49,L81,A,69,1.28,190.12,1.09,9,0.71,626,5.77,0.81,2024-11-22,71.48,0.492,9.63740458015267,41.92,59.08,False,False,19202.12,2.4093511450381677,False
ITM11446,Automotive,341,73,4,4,41.28,6.03,0.23,L13,A,70,1.86,118.53,1.65,9,0.81,101,13.62,0.56,2024-05-29,115.46,0.511,8.260658914728682,165.12,175.88,False,False,40418.73,2.0651647286821704,False
ITM11447,Automotive,352,39,10,5,28.53,9.14,0.14,L81,A,76,3.81,100.77,1.01,4,0.94,52,12.07,0.38,2024-02-11,274.89,0.644,12.3378899404136,142.65,209.35,False,False,35471.04,2.46757798808272,False
ITM11448,Electronics,64,45,7,8,13.96,4.17,0.16,L83,D,166,1.24,173.24,1.14,9,0.79,126,7.02,0.64,2024-08-30,37.33,0.486,4.584527220630372,111.68,-47.68000000000001,False,True,11087.36,0.5730659025787965,False
ITM11449,Groceries,354,76,9,2,7.37,9.3,0.95,L6,A,88,2.05,187.98,1.7,5,0.98,696,12.77,0.84,2024-02-29,27.61,0.664,48.0325644504749,14.74,339.26,False,False,66544.92,24.01628222523745,False
ITM11450,Pharma,39,95,3,8,25.34,6.69,0.99,L40,B,80,3.5,51.86,0.92,8,0.99,887,4.8,0.68,2024-06-06,43.19,0.546,1.5390686661404893,202.72,-163.72,True,True,2022.54,0.19238358326756116,False
ITM11451,Electronics,467,95,7,3,20.96,9.17,0.19,L57,B,76,4.72,163.93,0.26,7,0.94,631,10.39,0.54,2024-07-22,235.32,0.669,22.280534351145036,62.88,404.12,False,False,76555.31,7.426844783715012,False
ITM11452,Groceries,240,58,3,2,35.25,8.42,0.4,L5,C,137,0.84,167.91,1.09,6,1.0,723,2.6,0.3,2024-08-29,24.04,0.466,6.808510638297872,70.5,169.5,False,False,40298.4,3.404255319148936,False
ITM11453,Groceries,142,85,14,7,45.3,7.03,0.2,L75,C,120,2.82,20.34,1.2,6,0.86,657,13.12,0.4,2024-09-07,106.62,0.587,3.1346578366445916,317.09999999999997,-175.09999999999997,False,True,2888.28,0.4478082623777988,False
ITM11454,Electronics,253,64,10,7,40.46,3.88,0.85,L47,C,25,0.87,145.27,1.07,5,0.87,65,11.21,0.96,2024-12-04,133.21,0.708,6.253089471082551,283.22,-30.220000000000027,False,True,36753.310000000005,0.8932984958689358,False
ITM11455,Automotive,240,94,6,7,14.45,2.79,0.55,L94,B,54,2.21,21.96,0.59,5,0.95,279,3.14,0.82,2024-05-15,157.06,0.637,16.60899653979239,101.14999999999999,138.85000000000002,False,False,5270.400000000001,2.3727137913989127,False
ITM11456,Groceries,342,65,6,2,44.07,2.61,0.66,L17,D,43,1.29,122.99,0.53,0,0.85,953,1.3,0.27,2024-02-16,10.93,0.588,7.760381211708645,88.14,253.86,False,False,42062.58,3.8801906058543225,False
ITM11457,Automotive,358,77,4,6,41.84,9.55,0.59,L12,C,53,3.42,137.15,0.8,6,0.82,966,6.46,0.2,2024-11-24,151.16,0.49,8.556405353728488,251.04000000000002,106.95999999999998,False,False,49099.700000000004,1.426067558954748,False
ITM11458,Electronics,22,53,7,5,46.53,9.61,0.74,L38,B,126,3.91,79.74,0.42,4,0.88,938,10.45,0.34,2024-10-05,66.53,0.661,0.47281323877068554,232.65,-210.65,True,True,1754.28,0.09456264775413711,False
ITM11459,Automotive,201,40,3,6,23.47,7.39,0.39,L42,A,134,1.61,177.35,1.37,6,0.9,316,4.96,0.96,2024-07-17,38.38,0.581,8.564124414145718,140.82,60.18000000000001,False,False,35647.35,1.4273540690242863,False
ITM11460,Apparel,225,67,11,8,38.66,8.9,0.22,L96,D,112,3.71,162.1,1.27,5,0.93,355,14.63,0.66,2024-04-04,164.66,0.686,5.819968960165546,309.28,-84.27999999999997,False,True,36472.5,0.7274961200206933,False
ITM11461,Pharma,339,96,7,7,29.99,9.23,0.12,L54,D,129,2.51,185.93,1.3,7,0.9,904,14.09,0.87,2024-07-08,225.8,0.672,11.303767922640882,209.92999999999998,129.07000000000002,False,False,63030.270000000004,1.6148239889486973,False
ITM11462,Groceries,59,62,8,5,16.21,5.36,0.5,L23,B,179,1.78,69.83,0.53,2,0.92,55,9.37,0.57,2024-07-14,281.08,0.73,3.639728562615669,81.05000000000001,-22.05000000000001,True,True,4119.97,0.7279457125231338,False
ITM11463,Pharma,78,93,4,2,49.73,6.48,0.92,L26,B,44,2.86,14.09,0.57,7,0.9,159,5.42,0.86,2024-07-08,274.67,0.627,1.5684697365775186,99.46,-21.459999999999994,True,True,1099.02,0.7842348682887593,False
ITM11464,Automotive,458,88,12,7,2.88,4.48,0.37,L17,A,135,2.21,164.18,1.6,6,0.84,192,13.55,0.23,2024-04-05,125.71,0.515,159.02777777777777,20.16,437.84,False,False,75194.44,22.71825396825397,False
ITM11465,Groceries,81,32,12,2,8.95,4.48,0.28,L70,A,84,1.53,52.37,1.41,0,0.74,956,12.25,0.54,2024-08-16,214.18,0.678,9.050279329608939,17.9,63.1,False,False,4241.969999999999,4.5251396648044695,False
ITM11466,Automotive,151,37,3,5,44.73,0.87,0.93,L47,A,93,3.91,98.76,1.76,2,0.94,716,2.21,0.5,2024-01-23,211.73,0.501,3.3758104180639394,223.64999999999998,-72.64999999999998,False,True,14912.76,0.6751620836127878,False
ITM11467,Apparel,79,25,6,2,3.97,4.62,0.19,L68,D,167,4.09,165.29,0.87,9,0.71,256,7.67,0.99,2024-05-14,129.51,0.575,19.8992443324937,7.94,71.06,False,False,13057.91,9.94962216624685,False
ITM11468,Electronics,391,46,9,2,44.45,6.9,0.15,L65,D,62,4.1,51.07,1.14,3,1.0,478,14.74,0.44,2024-08-13,38.48,0.711,8.796400449943757,88.9,302.1,False,False,19968.37,4.398200224971879,False
ITM11469,Groceries,350,30,8,3,36.05,4.51,0.89,L35,C,67,2.22,69.26,1.5,8,0.95,215,7.35,0.53,2024-08-26,120.78,0.484,9.708737864077671,108.14999999999999,241.85000000000002,False,False,24241.0,3.236245954692557,False
ITM11470,Apparel,141,88,12,8,2.8,8.79,0.73,L22,C,165,1.26,93.43,1.95,5,0.9,309,14.06,0.81,2024-05-14,297.78,0.634,50.35714285714286,22.4,118.6,False,False,13173.630000000001,6.294642857142858,False
ITM11471,Apparel,498,26,3,6,22.04,3.66,0.48,L33,C,152,4.28,61.65,1.98,6,0.99,734,14.68,0.9,2024-04-25,170.96,0.656,22.595281306715066,132.24,365.76,False,False,30701.7,3.765880217785844,False
ITM11472,Groceries,126,46,3,9,37.97,1.76,0.78,L62,D,175,1.98,97.65,2.0,4,0.88,443,6.42,0.9,2024-05-17,109.0,0.562,3.318409270476692,341.73,-215.73000000000002,False,True,12303.900000000001,0.3687121411640769,False
ITM11473,Automotive,115,86,10,6,29.57,8.21,0.77,L38,A,59,3.87,11.82,1.79,2,0.72,170,14.5,0.52,2024-10-15,225.71,0.622,3.8890767669935746,177.42000000000002,-62.420000000000016,False,True,1359.3,0.6481794611655958,False
ITM11474,Apparel,366,28,6,6,46.86,6.9,0.14,L96,C,150,4.18,50.32,1.32,4,0.87,999,2.93,0.96,2024-02-01,209.03,0.593,7.810499359795134,281.15999999999997,84.84000000000003,False,False,18417.12,1.301749893299189,False
ITM11475,Pharma,433,39,7,4,43.51,2.8,0.71,L44,A,120,3.96,168.19,0.11,6,0.78,462,3.24,0.72,2024-03-18,177.85,0.612,9.951735233279706,174.04,258.96000000000004,False,False,72826.27,2.4879338083199265,False
ITM11476,Apparel,254,54,9,3,17.3,5.6,0.68,L15,A,172,2.25,88.56,1.43,8,0.81,189,4.87,0.88,2024-12-22,194.86,0.5,14.68208092485549,51.900000000000006,202.1,False,False,22494.24,4.894026974951831,False
ITM11477,Automotive,405,27,10,9,5.15,4.32,0.97,L60,A,120,4.72,130.92,0.55,8,0.84,217,7.55,0.94,2024-12-07,179.63,0.642,78.64077669902912,46.35,358.65,False,False,53022.6,8.737864077669903,False
ITM11478,Automotive,81,87,12,7,47.27,9.42,0.97,L10,C,161,3.47,54.13,0.21,7,0.93,133,3.53,0.39,2024-02-19,287.32,0.55,1.7135603977152527,330.89000000000004,-249.89000000000004,True,True,4384.530000000001,0.2447943425307504,False
ITM11479,Pharma,275,71,9,7,26.35,6.27,0.44,L19,C,129,3.09,133.48,1.42,4,0.85,470,5.76,0.6,2024-02-13,157.65,0.545,10.436432637571157,184.45000000000002,90.54999999999998,False,False,36707.0,1.490918948224451,False
ITM11480,Apparel,68,45,4,7,4.65,2.0,0.63,L97,A,74,3.64,200.0,1.54,6,0.84,755,2.45,0.67,2024-12-08,181.16,0.461,14.623655913978494,32.550000000000004,35.449999999999996,False,False,13600.0,2.089093701996928,False
ITM11481,Automotive,412,93,6,6,41.01,5.27,0.23,L29,C,115,0.7,123.1,1.35,3,0.79,837,7.02,0.84,2024-06-25,146.78,0.625,10.046330163374787,246.06,165.94,False,False,50717.2,1.6743883605624645,False
ITM11482,Groceries,367,61,12,8,43.56,8.69,0.16,L87,B,100,2.26,129.39,0.79,9,0.86,317,12.58,0.52,2024-10-04,184.06,0.585,8.42516069788797,348.48,18.519999999999982,False,False,47486.13,1.0531450872359962,False
ITM11483,Electronics,178,28,14,6,32.33,6.88,0.49,L93,C,155,4.47,31.19,1.07,4,0.77,87,9.33,0.37,2024-07-30,268.34,0.565,5.505722239406125,193.98,-15.97999999999999,False,True,5551.820000000001,0.9176203732343541,False
ITM11484,Electronics,143,53,3,9,22.93,8.5,0.72,L87,A,35,1.22,86.64,1.88,3,0.78,975,12.34,0.79,2024-10-28,108.53,0.631,6.23637156563454,206.37,-63.370000000000005,False,True,12389.52,0.6929301739593934,False
ITM11485,Electronics,336,16,12,8,33.45,2.88,0.61,L51,A,166,2.36,173.54,1.49,2,0.93,352,2.9,0.67,2024-04-26,153.81,0.57,10.044843049327353,267.6,68.39999999999998,False,False,58309.439999999995,1.2556053811659191,False
ITM11486,Apparel,226,53,11,3,35.63,8.94,0.49,L72,D,81,2.32,168.51,1.06,0,0.8,387,6.59,0.92,2024-10-10,140.1,0.726,6.342969407802413,106.89000000000001,119.10999999999999,False,False,38083.259999999995,2.114323135934138,False
ITM11487,Pharma,67,77,5,8,44.76,7.68,0.84,L47,D,53,2.1,109.26,1.23,4,0.72,803,1.55,0.72,2024-02-01,125.41,0.506,1.4968722073279714,358.08,-291.08,True,True,7320.42,0.18710902591599643,False
ITM11488,Automotive,428,43,14,9,47.84,7.42,0.81,L12,A,99,3.03,181.66,1.86,1,0.8,379,6.18,0.21,2024-07-17,248.1,0.478,8.946488294314381,430.56000000000006,-2.560000000000059,False,True,77750.48,0.9940542549238202,False
ITM11489,Groceries,439,75,5,2,26.2,3.79,0.76,L51,B,142,4.98,37.16,0.85,5,0.89,248,9.6,0.97,2024-09-24,77.26,0.715,16.755725190839694,52.4,386.6,False,False,16313.239999999998,8.377862595419847,False
ITM11490,Groceries,155,78,12,6,40.13,8.93,0.17,L2,D,170,1.65,135.06,0.29,4,0.94,859,8.96,0.67,2024-08-02,154.98,0.732,3.8624470470969348,240.78000000000003,-85.78000000000003,False,True,20934.3,0.6437411745161558,False
ITM11491,Apparel,220,64,11,7,48.26,6.56,0.82,L34,A,133,3.67,57.29,0.72,1,0.99,54,1.84,0.68,2024-10-01,278.14,0.667,4.558640696228761,337.82,-117.82,False,True,12603.8,0.6512343851755373,False
ITM11492,Electronics,269,19,12,2,8.41,8.59,0.93,L69,D,14,3.91,132.66,0.89,7,0.92,481,1.87,0.93,2024-12-17,56.76,0.566,31.985731272294885,16.82,252.18,False,False,35685.54,15.992865636147442,True
ITM11493,Apparel,333,51,5,6,1.9,3.93,0.15,L16,D,136,3.13,26.61,0.62,4,0.83,420,5.27,0.73,2024-08-31,11.35,0.64,175.26315789473685,11.399999999999999,321.6,False,False,8861.13,29.210526315789476,False
ITM11494,Pharma,376,50,10,5,43.58,1.88,0.46,L59,A,122,0.94,189.29,1.11,1,0.79,944,11.8,0.58,2024-10-20,86.91,0.7,8.627810922441487,217.89999999999998,158.10000000000002,False,False,71173.04,1.7255621844882973,False
ITM11495,Pharma,387,86,4,4,10.57,3.66,0.99,L48,C,120,3.08,159.4,0.68,0,0.74,916,1.29,0.29,2024-04-30,277.47,0.555,36.61305581835383,42.28,344.72,False,False,61687.8,9.153263954588457,False
ITM11496,Automotive,448,78,5,6,3.08,4.83,0.64,L87,B,173,4.79,48.18,0.3,1,0.89,152,9.62,0.97,2024-08-31,35.41,0.85,145.45454545454544,18.48,429.52,False,False,21584.64,24.24242424242424,False
ITM11497,Automotive,337,19,4,5,8.84,5.57,0.56,L96,C,86,2.04,131.08,0.46,0,0.85,484,3.57,0.26,2024-06-02,49.75,0.624,38.12217194570136,44.2,292.8,False,False,44173.96000000001,7.624434389140272,False
ITM11498,Pharma,314,19,3,9,19.82,5.35,0.26,L87,A,22,3.38,154.24,1.84,9,0.9,957,14.22,0.34,2024-02-10,102.9,0.474,15.842583249243189,178.38,135.62,False,False,48431.36,1.7602870276936877,False
ITM11499,Pharma,499,69,4,3,11.74,5.69,0.61,L34,A,162,4.82,49.79,1.3,9,0.77,699,7.02,0.86,2024-07-21,233.21,0.51,42.50425894378194,35.22,463.78,False,False,24845.21,14.16808631459398,False
ITM11500,Pharma,333,60,10,5,15.96,8.5,0.5,L75,B,67,4.09,27.73,0.7,2,0.8,854,1.67,0.59,2024-01-18,227.87,0.59,20.864661654135336,79.80000000000001,253.2,False,False,9234.09,4.172932330827067,False
ITM11501,Apparel,228,30,11,3,48.79,2.12,0.21,L49,A,139,3.6,76.84,0.8,2,0.79,430,10.99,0.34,2024-09-14,35.25,0.653,4.6730887476942,146.37,81.63,False,False,17519.52,1.5576962492314,False
ITM11502,Pharma,374,17,4,6,35.52,3.5,0.52,L82,D,97,4.87,35.79,1.04,9,0.94,115,7.78,0.43,2024-10-19,280.81,0.494,10.529279279279278,213.12,160.88,False,False,13385.46,1.7548798798798797,False
ITM11503,Groceries,230,74,9,3,35.9,8.94,0.25,L48,B,45,1.27,117.49,1.38,0,0.75,628,13.34,1.0,2024-09-21,79.26,0.79,6.406685236768802,107.69999999999999,122.30000000000001,False,False,27022.699999999997,2.1355617455896008,False
ITM11504,Electronics,211,87,7,5,5.64,5.82,0.76,L14,C,34,3.98,90.58,1.21,6,0.88,319,10.13,0.67,2024-10-19,91.38,0.604,37.4113475177305,28.2,182.8,False,False,19112.38,7.4822695035460995,False
ITM11505,Pharma,63,94,5,8,36.87,6.04,0.98,L87,B,43,2.33,97.86,1.87,9,0.72,96,10.7,0.52,2024-12-12,122.06,0.424,1.708706265256306,294.96,-231.95999999999998,True,True,6165.18,0.21358828315703826,False
ITM11506,Electronics,48,39,11,4,37.23,5.04,0.52,L30,C,149,2.12,113.14,1.29,6,0.86,965,11.74,0.9,2024-11-13,194.0,0.66,1.2892828364222402,148.92,-100.91999999999999,False,True,5430.72,0.32232070910556004,False
ITM11507,Apparel,78,94,8,2,33.33,5.72,0.67,L61,A,28,2.84,196.59,1.83,8,0.72,414,6.88,0.58,2024-03-16,161.18,0.409,2.34023402340234,66.66,11.340000000000003,True,False,15334.02,1.17011701170117,False
ITM11508,Electronics,90,58,13,2,12.19,2.38,0.49,L4,C,123,0.65,160.6,0.11,4,0.75,930,12.1,0.45,2024-03-02,279.3,0.71,7.383100902379,24.38,65.62,False,False,14454.0,3.6915504511895,False
ITM11509,Apparel,111,18,3,4,21.73,5.7,0.22,L80,C,115,1.91,129.6,1.79,3,0.73,229,1.71,0.33,2024-08-17,173.74,0.396,5.108145421076852,86.92,24.08,False,False,14385.599999999999,1.277036355269213,False
ITM11510,Groceries,284,26,7,7,42.47,9.97,0.97,L72,C,46,1.25,79.1,1.47,4,0.8,117,11.72,0.8,2024-03-29,258.54,0.649,6.687073228161055,297.28999999999996,-13.289999999999964,False,True,22464.399999999998,0.9552961754515793,False
ITM11511,Apparel,402,78,9,2,33.84,5.88,0.22,L42,B,116,1.12,15.14,0.43,7,0.8,164,9.91,0.68,2024-03-26,32.68,0.645,11.879432624113473,67.68,334.32,False,False,6086.280000000001,5.939716312056737,False
ITM11512,Apparel,239,67,6,9,36.91,0.92,0.2,L79,D,138,2.02,32.14,0.6,7,0.95,75,8.93,0.27,2024-04-18,258.21,0.563,6.4752099701977786,332.18999999999994,-93.18999999999994,False,True,7681.46,0.7194677744664199,False
ITM11513,Automotive,409,66,10,6,29.78,8.07,0.51,L29,C,69,4.11,148.86,1.13,3,0.77,608,5.45,0.67,2024-04-08,67.34,0.588,13.734049697783748,178.68,230.32,False,False,60883.740000000005,2.289008282963958,False
ITM11514,Pharma,432,71,12,7,23.03,4.27,0.69,L83,B,76,1.4,80.15,0.34,7,0.73,256,2.6,0.33,2024-03-05,115.14,0.473,18.758141554494138,161.21,270.78999999999996,False,False,34624.8,2.6797345077848767,False
ITM11515,Pharma,461,61,7,6,38.19,1.96,0.42,L9,B,88,2.89,73.54,1.59,3,0.88,122,10.06,0.99,2024-01-22,102.77,0.689,12.071222833202409,229.14,231.86,False,False,33901.94,2.0118704722004015,False
ITM11516,Groceries,420,70,11,5,4.33,8.69,0.27,L82,D,120,3.87,178.91,1.6,3,0.91,308,7.6,0.41,2024-08-04,107.81,0.545,96.99769053117782,21.65,398.35,False,False,75142.2,19.399538106235564,False
ITM11517,Groceries,419,49,11,9,33.98,2.38,0.84,L60,B,57,1.58,102.06,0.67,7,0.79,435,4.05,0.76,2024-02-10,276.42,0.557,12.33078281341966,305.82,113.18,False,False,42763.14,1.370086979268851,False
ITM11518,Pharma,234,47,11,5,49.86,9.25,0.43,L90,A,156,4.66,180.92,0.23,1,0.88,986,1.61,0.72,2024-12-15,138.06,0.698,4.693140794223827,249.3,-15.300000000000011,False,True,42335.28,0.9386281588447654,False
ITM11519,Automotive,498,52,3,7,39.23,4.7,0.27,L39,A,97,4.4,178.46,1.98,3,0.93,79,8.54,0.75,2024-08-10,87.71,0.592,12.694366556206985,274.60999999999996,223.39000000000004,False,False,88873.08,1.8134809366009979,False
ITM11520,Pharma,406,72,4,7,15.24,7.56,0.43,L84,A,49,1.63,25.23,0.58,0,0.8,470,2.77,0.54,2024-04-13,95.38,0.647,26.64041994750656,106.68,299.32,False,False,10243.380000000001,3.8057742782152233,False
ITM11521,Automotive,296,28,5,9,14.61,5.7,0.29,L53,D,143,4.95,189.62,0.23,0,0.86,52,14.01,0.26,2024-11-17,242.97,0.788,20.26009582477755,131.49,164.51,False,False,56127.520000000004,2.2511217583086167,False
ITM11522,Groceries,83,59,6,9,33.69,2.94,0.57,L15,B,105,3.51,24.62,0.73,7,0.74,570,3.11,0.98,2024-03-16,166.34,0.572,2.4636390620362127,303.21,-220.20999999999998,False,True,2043.46,0.2737376735595792,False
ITM11523,Electronics,365,42,12,7,44.9,6.88,0.7,L18,A,172,1.79,193.07,1.94,3,0.71,569,1.45,0.35,2024-10-31,140.35,0.377,8.129175946547884,314.3,50.69999999999999,False,False,70470.55,1.1613108495068405,False
ITM11524,Groceries,311,22,11,7,29.32,9.6,0.82,L6,C,70,3.56,96.0,1.61,5,0.99,570,4.67,0.82,2024-05-12,278.78,0.563,10.607094133697135,205.24,105.75999999999999,False,False,29856.0,1.5152991619567335,False
ITM11525,Groceries,264,87,12,3,26.84,7.81,0.3,L5,B,14,3.5,154.56,1.01,4,0.79,937,3.45,0.31,2024-06-12,279.7,0.485,9.836065573770492,80.52,183.48000000000002,False,False,40803.840000000004,3.278688524590164,False
ITM11526,Apparel,489,71,8,8,8.86,6.24,0.25,L39,A,46,3.23,144.17,0.68,9,0.78,450,12.08,0.42,2024-02-04,229.27,0.553,55.191873589164786,70.88,418.12,False,False,70499.12999999999,6.898984198645598,False
ITM11527,Apparel,81,52,3,7,36.06,9.91,0.12,L64,B,148,3.7,108.51,0.9,5,0.99,713,5.05,0.65,2024-02-14,160.22,0.605,2.2462562396006653,252.42000000000002,-171.42000000000002,False,True,8789.310000000001,0.32089374851438074,False
ITM11528,Apparel,445,58,14,9,35.41,3.02,0.31,L15,A,115,1.71,127.7,0.13,3,0.92,703,4.43,0.53,2024-07-17,43.82,0.676,12.567071448743294,318.68999999999994,126.31000000000006,False,False,56826.5,1.396341272082588,False
ITM11529,Apparel,351,45,11,8,48.38,1.09,0.12,L13,C,108,4.91,190.48,1.46,3,0.88,999,14.93,0.97,2024-10-11,215.31,0.763,7.255064076064489,387.04,-36.04000000000002,False,True,66858.48,0.9068830095080611,False
ITM11530,Automotive,189,19,8,7,15.71,0.81,0.41,L31,B,177,4.36,186.2,0.29,6,0.91,897,3.1,0.88,2024-07-22,246.38,0.65,12.030553787396562,109.97,79.03,False,False,35191.799999999996,1.7186505410566517,False
ITM11531,Pharma,464,15,6,5,38.07,7.25,0.23,L69,A,17,3.86,134.32,1.09,0,0.91,323,2.19,0.94,2024-10-09,257.09,0.69,12.188074599422118,190.35,273.65,False,False,62324.479999999996,2.4376149198844237,False
ITM11532,Electronics,288,66,6,6,22.27,8.39,0.62,L18,A,96,0.62,134.97,1.18,8,0.93,521,5.28,0.71,2024-06-15,178.74,0.52,12.93219577907499,133.62,154.38,False,False,38871.36,2.155365963179165,False
ITM11533,Groceries,286,10,5,8,28.37,6.53,0.45,L50,C,93,3.16,56.92,0.1,9,0.72,984,6.67,0.38,2024-05-21,188.88,0.519,10.081071554458935,226.96,59.03999999999999,False,False,16279.12,1.260133944307367,False
ITM11534,Automotive,73,80,9,5,41.01,9.1,0.18,L59,C,20,3.68,167.44,1.96,2,0.82,421,11.65,0.61,2024-09-23,215.69,0.605,1.7800536454523288,205.04999999999998,-132.04999999999998,True,True,12223.119999999999,0.35601072909046577,False
ITM11535,Electronics,35,67,5,2,11.88,7.13,0.46,L48,A,80,4.34,130.19,0.67,3,0.79,480,14.38,0.81,2024-08-22,263.44,0.785,2.946127946127946,23.76,11.239999999999998,True,False,4556.65,1.473063973063973,False
ITM11536,Automotive,27,30,4,9,17.8,4.02,0.29,L86,A,103,4.76,166.99,0.25,8,0.72,588,11.69,0.25,2024-01-07,23.17,0.565,1.5168539325842696,160.20000000000002,-133.20000000000002,True,True,4508.7300000000005,0.16853932584269662,False
ITM11537,Automotive,123,89,12,3,38.89,2.22,0.71,L96,D,132,4.62,134.99,1.72,4,0.82,397,11.17,0.89,2024-12-24,173.33,0.639,3.1627667780920543,116.67,6.329999999999998,False,False,16603.77,1.0542555926973514,False
ITM11538,Groceries,78,65,10,3,28.95,9.28,0.43,L90,D,150,2.33,66.87,0.39,3,0.88,120,14.88,0.71,2024-11-15,117.04,0.817,2.6943005181347153,86.85,-8.849999999999994,False,True,5215.860000000001,0.8981001727115717,False
ITM11539,Pharma,332,96,6,6,5.53,1.48,0.23,L70,B,115,4.53,46.0,0.15,5,0.75,531,11.72,0.78,2024-10-27,251.62,0.747,60.03616636528029,33.18,298.82,False,False,15272.0,10.006027727546714,False
ITM11540,Apparel,59,29,10,7,22.08,5.66,0.41,L54,B,58,0.5,24.62,1.04,0,0.79,780,2.95,0.76,2024-09-24,48.81,0.645,2.6721014492753623,154.56,-95.56,False,True,1452.5800000000002,0.3817287784679089,False
ITM11541,Pharma,256,63,3,5,29.75,3.48,0.3,L76,D,16,2.08,121.34,0.35,9,0.89,851,7.46,0.88,2024-08-02,273.81,0.638,8.605042016806722,148.75,107.25,False,False,31063.04,1.7210084033613444,False
ITM11542,Groceries,462,34,7,2,45.57,3.08,0.82,L96,A,110,1.01,63.97,1.97,0,0.87,305,8.05,0.27,2024-02-27,45.96,0.538,10.138248847926267,91.14,370.86,False,False,29554.14,5.0691244239631335,False
ITM11543,Groceries,405,37,11,5,10.24,6.64,0.99,L94,C,162,4.47,129.8,0.12,4,0.96,152,5.27,0.5,2024-07-31,35.9,0.67,39.55078125,51.2,353.8,False,False,52569.00000000001,7.91015625,False
ITM11544,Groceries,113,14,3,9,40.49,2.7,0.12,L20,B,160,4.68,21.14,0.2,4,0.94,196,3.3,0.6,2024-03-17,110.48,0.652,2.79081254630773,364.41,-251.41000000000003,False,True,2388.82,0.3100902829230811,False
ITM11545,Electronics,241,30,13,9,7.4,9.21,0.72,L54,A,60,1.65,81.38,1.68,8,0.99,951,10.96,0.64,2024-03-16,298.47,0.544,32.567567567567565,66.60000000000001,174.39999999999998,False,False,19612.579999999998,3.618618618618618,False
ITM11546,Pharma,223,27,6,7,12.87,4.36,0.34,L84,C,14,2.15,59.51,0.56,0,0.88,719,4.88,0.95,2024-10-17,193.8,0.775,17.327117327117328,90.08999999999999,132.91000000000003,False,False,13270.73,2.4753024753024753,False
ITM11547,Pharma,157,56,8,7,12.92,6.94,0.16,L13,C,22,4.93,80.36,1.83,2,0.91,909,9.75,0.23,2024-10-28,17.67,0.535,12.15170278637771,90.44,66.56,False,False,12616.52,1.7359575409111014,False
ITM11548,Automotive,319,79,12,9,44.0,7.41,0.11,L63,A,51,3.05,20.31,0.69,2,0.96,189,5.52,0.89,2024-10-25,82.29,0.735,7.25,396.0,-77.0,False,True,6478.889999999999,0.8055555555555556,False
ITM11549,Automotive,414,66,10,4,10.75,6.99,0.89,L79,A,134,2.74,147.59,0.23,3,0.95,704,8.09,0.64,2024-02-21,53.26,0.743,38.51162790697674,43.0,371.0,False,False,61102.26,9.627906976744185,False
ITM11550,Automotive,226,28,5,9,39.56,9.08,0.42,L53,B,142,2.75,32.17,0.12,6,0.92,670,5.72,0.64,2024-02-24,10.29,0.656,5.712841253791709,356.04,-130.04000000000002,False,True,7270.42,0.6347601393101898,False
ITM11551,Groceries,355,74,7,5,23.63,2.7,1.0,L36,D,160,3.63,12.74,0.64,6,0.85,472,6.76,0.46,2024-10-15,159.33,0.568,15.02327549724926,118.14999999999999,236.85000000000002,False,False,4522.7,3.004655099449852,False
ITM11552,Pharma,100,12,9,6,49.96,1.32,0.5,L5,A,71,4.8,189.79,1.0,9,0.78,920,11.25,0.71,2024-02-21,120.52,0.568,2.00160128102482,299.76,-199.76,False,True,18979.0,0.33360021350413666,False
ITM11553,Groceries,237,51,3,5,42.12,1.03,0.27,L89,D,138,2.15,46.65,0.1,4,0.96,881,13.37,0.72,2024-05-26,187.85,0.824,5.6267806267806275,210.6,26.400000000000006,False,False,11056.05,1.1253561253561255,False
ITM11554,Electronics,21,30,9,3,37.25,8.84,0.8,L48,B,83,1.28,167.33,1.2,8,0.93,113,8.12,0.35,2024-10-01,72.75,0.484,0.5637583892617449,111.75,-90.75,True,True,3513.9300000000003,0.1879194630872483,False
ITM11555,Automotive,197,49,14,2,43.67,9.75,0.93,L28,D,123,1.33,193.25,0.73,6,0.95,320,9.54,0.74,2024-06-25,251.01,0.672,4.511106022441035,87.34,109.66,False,False,38070.25,2.2555530112205173,False
ITM11556,Groceries,415,76,13,8,32.07,3.37,0.83,L57,D,63,0.59,111.48,0.84,1,0.74,747,13.1,0.41,2024-07-29,121.12,0.701,12.940442781415653,256.56,158.44,False,False,46264.200000000004,1.6175553476769566,False
ITM11557,Groceries,390,34,10,6,42.34,7.09,0.77,L57,C,125,3.0,109.96,0.6,2,0.79,917,3.01,0.75,2024-05-15,150.04,0.648,9.211147850732168,254.04000000000002,135.95999999999998,False,False,42884.399999999994,1.5351913084553612,False
ITM11558,Electronics,365,64,10,4,13.8,0.58,0.4,L31,B,140,4.68,79.81,1.11,6,0.83,884,3.27,0.69,2024-07-15,222.42,0.517,26.44927536231884,55.2,309.8,False,False,29130.65,6.61231884057971,False
ITM11559,Apparel,298,93,11,2,5.79,2.29,0.16,L47,A,92,3.71,90.86,0.54,4,0.95,562,6.03,0.77,2024-12-01,58.19,0.69,51.46804835924007,11.58,286.42,False,False,27076.28,25.734024179620036,False
ITM11560,Pharma,165,61,8,2,31.18,7.05,0.28,L13,D,139,4.97,101.59,0.36,6,0.97,56,5.33,0.22,2024-09-05,86.08,0.553,5.291853752405388,62.36,102.64,False,False,16762.350000000002,2.645926876202694,False
ITM11561,Apparel,337,53,14,8,22.3,1.13,0.5,L88,B,58,4.59,38.9,1.79,8,0.79,442,14.81,0.3,2024-10-19,54.88,0.476,15.112107623318385,178.4,158.6,False,False,13109.3,1.8890134529147982,False
ITM11562,Automotive,243,94,8,3,21.9,4.95,0.96,L48,C,40,2.71,79.3,0.84,8,0.91,50,8.9,0.87,2024-11-07,232.74,0.631,11.095890410958905,65.69999999999999,177.3,False,False,19269.899999999998,3.6986301369863015,False
ITM11563,Groceries,388,65,4,3,26.81,6.79,0.75,L70,C,83,2.69,165.06,0.25,2,0.72,310,8.33,0.5,2024-08-30,38.28,0.69,14.472211861245805,80.42999999999999,307.57,False,False,64043.28,4.824070620415268,False
ITM11564,Electronics,403,64,5,3,18.71,7.78,0.85,L83,D,126,3.33,44.66,0.54,7,0.82,96,9.1,0.87,2024-01-20,151.81,0.665,21.53928380545163,56.13,346.87,False,False,17997.98,7.179761268483876,False
ITM11565,Electronics,81,96,6,6,31.68,4.81,0.35,L46,D,12,1.0,148.67,0.69,5,0.85,917,13.25,0.25,2024-03-29,227.47,0.628,2.5568181818181817,190.07999999999998,-109.07999999999998,True,True,12042.269999999999,0.4261363636363636,False
ITM11566,Pharma,313,79,6,5,2.5,6.49,0.72,L8,A,133,3.23,133.8,1.56,3,0.93,827,4.41,0.82,2024-05-21,157.25,0.593,125.2,12.5,300.5,False,False,41879.4,25.04,True
ITM11567,Apparel,258,86,10,2,48.52,5.63,0.88,L51,B,172,2.59,20.89,0.14,3,0.97,51,8.15,0.27,2024-07-25,157.52,0.683,5.317394888705688,97.04,160.95999999999998,False,False,5389.62,2.658697444352844,False
ITM11568,Pharma,214,96,3,5,46.31,1.0,0.53,L36,A,94,3.39,14.26,1.01,3,0.8,584,4.79,0.57,2024-03-14,28.47,0.577,4.621032174476355,231.55,-17.55000000000001,False,True,3051.64,0.924206434895271,False
ITM11569,Groceries,185,82,12,5,46.83,7.56,0.49,L25,A,173,3.04,76.98,0.87,6,0.86,408,11.93,0.95,2024-11-12,237.03,0.714,3.95045910740978,234.14999999999998,-49.14999999999998,False,True,14241.300000000001,0.790091821481956,False
ITM11570,Pharma,470,90,6,3,18.89,2.14,0.75,L16,C,73,1.9,141.51,1.94,5,0.89,526,11.88,0.26,2024-11-07,185.16,0.494,24.880889359449444,56.67,413.33,False,False,66509.7,8.293629786483148,False
ITM11571,Electronics,241,75,13,5,27.06,0.8,0.6,L59,B,169,3.23,72.78,0.44,1,0.8,964,14.4,0.48,2024-12-14,203.58,0.784,8.906134515890614,135.29999999999998,105.70000000000002,False,False,17539.98,1.7812269031781227,False
ITM11572,Electronics,80,28,14,2,47.75,4.79,0.99,L12,A,27,2.15,136.87,1.29,4,1.0,471,7.26,0.61,2024-12-21,232.08,0.61,1.675392670157068,95.5,-15.5,False,True,10949.6,0.837696335078534,False
ITM11573,Automotive,148,92,13,2,45.21,8.72,0.48,L85,C,43,1.38,136.44,0.48,4,0.96,864,3.22,0.92,2024-07-24,172.58,0.691,3.2736120327361204,90.42,57.58,False,False,20193.12,1.6368060163680602,False
ITM11574,Automotive,497,16,13,7,39.72,1.93,0.26,L28,D,65,3.54,163.25,1.14,5,0.79,645,13.55,0.47,2024-01-20,157.5,0.619,12.512588116817724,278.03999999999996,218.96000000000004,False,False,81135.25,1.7875125881168177,False
ITM11575,Groceries,192,72,6,4,20.96,0.62,0.52,L83,A,76,1.88,28.9,1.15,6,0.85,253,13.47,0.85,2024-07-21,202.32,0.685,9.16030534351145,83.84,108.16,False,False,5548.799999999999,2.2900763358778624,False
ITM11576,Apparel,499,51,3,6,28.65,1.54,0.31,L82,D,100,4.5,119.65,0.24,7,0.77,276,4.29,0.77,2024-06-18,271.0,0.601,17.41710296684119,171.89999999999998,327.1,False,False,59705.350000000006,2.9028504944735314,False
ITM11577,Pharma,175,51,5,5,39.85,3.95,0.61,L77,B,76,1.4,21.87,0.97,9,0.85,997,4.87,0.45,2024-12-19,195.16,0.448,4.391468005018821,199.25,-24.25,False,True,3827.25,0.8782936010037641,False
ITM11578,Groceries,424,68,7,6,14.38,6.01,0.21,L3,A,119,3.2,43.43,0.98,7,0.9,813,5.39,0.47,2024-05-01,238.61,0.508,29.48539638386648,86.28,337.72,False,False,18414.32,4.914232730644414,False
ITM11579,Automotive,397,29,8,6,31.7,2.33,0.95,L7,D,176,3.07,71.85,0.71,4,0.73,866,7.32,0.35,2024-01-26,149.28,0.563,12.523659305993691,190.2,206.8,False,False,28524.449999999997,2.0872765509989484,False
ITM11580,Pharma,129,82,11,6,41.57,8.12,0.87,L43,D,175,1.39,144.4,0.63,1,0.96,200,12.61,0.75,2024-08-31,180.98,0.827,3.1031994226605724,249.42000000000002,-120.42000000000002,False,True,18627.600000000002,0.5171999037767621,False
ITM11581,Automotive,288,26,11,8,35.67,7.66,0.24,L32,B,49,2.48,195.04,0.53,9,0.88,296,3.02,0.65,2024-05-17,62.24,0.513,8.074011774600505,285.36,2.6399999999999864,False,False,56171.52,1.0092514718250631,False
ITM11582,Pharma,430,36,11,9,24.49,7.11,0.26,L17,C,156,3.54,75.08,0.11,7,1.0,867,10.81,0.32,2024-07-09,151.67,0.657,17.55818701510821,220.41,209.59,False,False,32284.399999999998,1.9509096683453566,False
ITM11583,Apparel,375,56,13,7,29.65,5.13,0.56,L73,C,142,1.93,109.02,0.1,5,0.71,66,5.94,0.7,2024-01-11,53.18,0.651,12.647554806070827,207.54999999999998,167.45000000000002,False,False,40882.5,1.8067935437244038,False
ITM11584,Groceries,410,11,3,6,49.45,3.97,0.8,L27,A,151,1.01,59.22,1.22,2,0.95,353,3.74,0.6,2024-06-21,145.44,0.598,8.291203235591507,296.70000000000005,113.29999999999995,False,False,24280.2,1.3818672059319177,False
ITM11585,Pharma,297,72,14,9,30.5,4.07,0.3,L9,D,100,3.27,138.34,0.65,3,0.94,938,5.74,0.27,2024-06-04,28.84,0.594,9.737704918032787,274.5,22.5,False,False,41086.98,1.081967213114754,False
ITM11586,Electronics,93,71,11,9,39.5,5.28,0.15,L98,C,58,1.51,79.65,0.42,0,0.74,563,8.47,0.96,2024-06-08,177.1,0.811,2.3544303797468356,355.5,-262.5,False,True,7407.450000000001,0.2616033755274262,False
ITM11587,Electronics,456,28,10,7,36.6,1.23,0.59,L71,A,73,3.57,101.5,1.4,2,0.8,246,13.9,0.87,2024-05-23,93.15,0.739,12.459016393442623,256.2,199.8,False,False,46284.0,1.7798594847775175,False
ITM11588,Pharma,482,26,4,2,35.37,6.98,0.72,L27,D,121,4.28,117.88,1.1,3,0.97,495,9.8,0.26,2024-09-08,254.08,0.607,13.627367825841109,70.74,411.26,False,False,56818.159999999996,6.813683912920554,False
ITM11589,Pharma,226,78,13,8,36.1,3.84,0.32,L76,A,109,1.06,140.39,1.84,1,0.86,390,9.5,0.95,2024-12-22,119.12,0.685,6.260387811634349,288.8,-62.80000000000001,False,True,31728.139999999996,0.7825484764542936,False
ITM11590,Pharma,407,48,3,5,23.27,2.64,0.77,L28,B,113,2.47,21.41,1.68,5,0.82,830,2.52,0.93,2024-12-16,276.15,0.516,17.490330898152127,116.35,290.65,False,False,8713.87,3.4980661796304253,False
ITM11591,Electronics,499,91,3,7,24.23,3.14,0.96,L30,A,172,2.5,115.43,1.48,7,0.97,110,2.12,0.23,2024-02-20,147.14,0.38,20.594304581097813,169.61,329.39,False,False,57599.57000000001,2.942043511585402,False
ITM11592,Electronics,298,80,14,4,23.93,2.21,0.22,L43,B,14,3.35,91.92,0.34,5,0.73,316,2.81,0.36,2024-04-26,256.17,0.521,12.452987881320519,95.72,202.28,False,False,27392.16,3.1132469703301298,False
ITM11593,Pharma,394,90,8,9,2.63,9.06,0.56,L100,D,128,2.0,35.42,1.37,9,0.84,146,2.34,0.76,2024-03-09,96.21,0.434,149.80988593155894,23.669999999999998,370.33,False,False,13955.480000000001,16.645542881284328,True
ITM11594,Automotive,345,48,11,6,12.81,2.11,0.15,L19,D,97,2.38,49.53,1.42,2,0.9,332,9.07,0.95,2024-06-02,140.96,0.709,26.93208430913349,76.86,268.14,False,False,17087.850000000002,4.488680718188915,False
ITM11595,Automotive,491,45,9,9,8.57,8.89,0.29,L77,D,176,0.55,177.94,1.55,8,0.88,296,7.34,0.86,2024-08-14,193.76,0.531,57.2928821470245,77.13,413.87,False,False,87368.54,6.365875794113833,False
ITM11596,Apparel,359,49,7,8,44.44,5.94,0.18,L1,A,136,1.05,175.64,0.6,3,0.78,84,1.07,0.43,2024-06-13,85.01,0.536,8.078307830783078,355.52,3.480000000000018,False,False,63054.759999999995,1.0097884788478848,False
ITM11597,Groceries,376,54,13,4,14.47,8.74,0.46,L36,D,33,3.06,16.33,1.32,5,0.87,835,5.91,0.23,2024-05-17,200.63,0.467,25.98479612992398,57.88,318.12,False,False,6140.079999999999,6.496199032480995,False
ITM11598,Automotive,359,13,4,2,7.78,5.0,0.84,L19,D,177,1.47,140.99,1.27,3,0.91,518,2.78,0.58,2024-08-01,93.69,0.548,46.1439588688946,15.56,343.44,False,False,50615.41,23.0719794344473,True
ITM11599,Electronics,223,34,3,2,6.87,9.31,0.62,L17,B,116,1.15,115.3,0.83,3,0.88,117,14.83,0.27,2024-11-05,150.44,0.685,32.45997088791849,13.74,209.26,False,False,25711.899999999998,16.229985443959244,False
ITM11600,Automotive,180,78,4,3,35.3,2.51,0.3,L70,D,59,1.96,188.57,1.36,1,0.91,238,7.44,0.4,2024-11-26,16.78,0.605,5.09915014164306,105.89999999999999,74.10000000000001,False,False,33942.6,1.6997167138810199,False
ITM11601,Apparel,47,39,3,6,1.3,5.77,0.14,L33,D,67,1.24,182.52,0.26,9,0.78,90,6.97,0.71,2024-02-15,32.67,0.585,36.15384615384615,7.800000000000001,39.2,False,False,8578.44,6.0256410256410255,False
ITM11602,Apparel,411,85,5,3,24.09,1.7,0.6,L23,D,10,0.77,120.12,1.32,1,0.95,657,10.02,0.6,2024-04-06,75.86,0.692,17.06102117061021,72.27,338.73,False,False,49369.32,5.68700705687007,False
ITM11603,Groceries,276,77,8,8,6.82,4.75,0.22,L15,C,176,1.78,36.4,1.25,1,0.83,732,6.0,0.5,2024-08-14,243.88,0.601,40.469208211143695,54.56,221.44,False,False,10046.4,5.058651026392962,False
ITM11604,Automotive,184,97,10,4,42.63,5.91,0.41,L85,D,147,1.24,97.36,0.5,1,1.0,994,11.02,0.94,2024-04-18,201.51,0.865,4.316209242317616,170.52,13.47999999999999,False,False,17914.24,1.079052310579404,False
ITM11605,Electronics,82,38,5,9,47.96,6.25,0.56,L4,A,11,4.1,147.78,1.65,7,0.71,956,13.67,0.35,2024-07-27,269.1,0.489,1.7097581317764803,431.64,-349.64,False,True,12117.960000000001,0.18997312575294226,False
ITM11606,Electronics,41,82,12,5,47.98,3.97,0.91,L17,B,72,0.78,190.83,1.76,9,0.81,116,7.98,0.59,2024-09-05,272.37,0.43,0.854522717799083,239.89999999999998,-198.89999999999998,True,True,7824.030000000001,0.1709045435598166,False
ITM11607,Pharma,89,77,11,3,22.66,1.23,0.17,L2,D,25,3.86,79.13,0.5,3,0.75,996,6.36,0.66,2024-09-21,118.65,0.657,3.9276257722859667,67.98,21.019999999999996,False,False,7042.57,1.3092085907619888,False
ITM11608,Electronics,400,60,12,2,32.58,6.73,0.7,L46,A,46,2.22,159.09,0.24,3,0.87,357,8.31,0.46,2024-07-10,116.58,0.693,12.277470841006753,65.16,334.84000000000003,False,False,63636.0,6.138735420503377,False
ITM11609,Groceries,424,33,7,6,30.39,5.14,0.11,L31,B,25,3.54,139.83,1.25,9,0.77,168,9.45,0.76,2024-01-29,252.37,0.527,13.951957880881869,182.34,241.66,False,False,59287.920000000006,2.3253263134803115,False
ITM11610,Groceries,115,23,9,9,18.15,1.8,0.67,L76,B,96,0.74,24.88,1.01,9,0.92,902,12.87,0.89,2024-09-20,133.67,0.653,6.336088154269973,163.35,-48.349999999999994,False,True,2861.2,0.7040097949188859,False
ITM11611,Electronics,182,78,10,4,22.76,9.39,0.6,L42,A,99,4.64,116.02,0.91,2,0.96,732,6.52,0.63,2024-03-22,258.59,0.674,7.996485061511423,91.04,90.96,False,False,21115.64,1.9991212653778558,False
ITM11612,Electronics,98,27,5,7,4.15,9.58,0.83,L3,A,89,3.95,44.87,1.55,4,0.76,235,1.72,0.83,2024-02-03,156.72,0.506,23.6144578313253,29.050000000000004,68.94999999999999,False,False,4397.259999999999,3.373493975903614,False
ITM11613,Pharma,24,51,4,8,39.99,8.64,0.58,L23,C,36,1.13,139.87,1.94,3,0.75,119,9.83,0.25,2024-06-08,133.17,0.477,0.6001500375093773,319.92,-295.92,True,True,3356.88,0.07501875468867217,False
ITM11614,Electronics,335,66,4,8,12.8,8.52,0.42,L34,C,120,1.48,125.92,1.01,6,0.96,806,14.82,0.32,2024-12-29,90.93,0.633,26.171875,102.4,232.6,False,False,42183.2,3.271484375,False
ITM11615,Pharma,139,92,7,2,23.57,1.44,0.32,L7,D,73,3.4,194.88,0.11,9,0.81,974,12.96,0.57,2024-09-16,46.68,0.658,5.8973271107339835,47.14,91.86,False,False,27088.32,2.9486635553669918,False
ITM11616,Pharma,321,21,3,7,24.55,9.94,0.18,L17,C,106,4.65,187.72,1.23,6,0.83,720,11.62,0.94,2024-07-25,162.51,0.666,13.075356415478614,171.85,149.15,False,False,60258.12,1.8679080593540878,False
ITM11617,Electronics,197,91,4,8,28.47,4.3,0.58,L95,A,169,2.51,11.78,1.34,5,0.77,333,3.47,0.63,2024-03-10,104.32,0.492,6.919564453811029,227.76,-30.75999999999999,False,True,2320.66,0.8649455567263786,False
ITM11618,Apparel,195,26,11,5,41.08,2.05,0.9,L54,C,146,2.69,25.21,1.67,6,0.83,668,11.48,0.55,2024-09-25,82.34,0.542,4.746835443037975,205.39999999999998,-10.399999999999977,False,True,4915.95,0.949367088607595,False
ITM11619,Apparel,409,39,9,9,34.9,8.21,0.56,L68,B,20,1.57,156.14,0.48,6,0.77,995,2.14,0.68,2024-10-18,59.2,0.551,11.71919770773639,314.09999999999997,94.90000000000003,False,False,63861.259999999995,1.3021330786373766,False
ITM11620,Pharma,236,97,8,6,33.49,2.64,0.77,L15,A,79,2.22,140.27,1.1,7,0.9,597,7.91,0.3,2024-01-15,122.7,0.495,7.0468796655718124,200.94,35.06,False,False,33103.72,1.1744799442619687,False
ITM11621,Electronics,75,84,11,9,26.81,5.5,0.37,L96,D,167,1.79,162.18,0.95,0,0.85,397,6.19,0.72,2024-03-29,171.2,0.702,2.7974636329727716,241.29,-166.29,True,True,12163.5,0.31082929255253017,False
ITM11622,Apparel,385,32,9,5,5.7,1.72,0.5,L9,B,152,2.08,60.69,1.36,2,0.94,964,13.67,0.28,2024-04-08,252.74,0.65,67.54385964912281,28.5,356.5,False,False,23365.649999999998,13.508771929824562,False
ITM11623,Electronics,206,90,13,8,20.7,5.01,0.39,L61,B,57,0.59,171.37,0.22,2,0.79,244,3.24,0.66,2024-04-12,247.86,0.671,9.951690821256038,165.6,40.400000000000006,False,False,35302.22,1.2439613526570048,False
ITM11624,Electronics,251,10,7,5,47.91,5.8,0.2,L58,B,103,0.68,94.06,1.78,4,0.85,829,12.04,0.77,2024-01-30,257.97,0.627,5.238989772490086,239.54999999999998,11.450000000000017,False,False,23609.06,1.0477979544980172,False
ITM11625,Electronics,274,88,11,9,49.78,4.74,0.48,L100,A,85,3.56,59.76,1.07,9,0.78,533,1.68,0.53,2024-05-07,177.11,0.397,5.504218561671354,448.02,-174.01999999999998,False,True,16374.24,0.611579840185706,False
ITM11626,Automotive,432,41,8,8,36.79,1.16,0.79,L47,A,69,3.57,12.02,1.77,6,0.98,637,10.82,0.93,2024-01-17,172.27,0.629,11.742321282957326,294.32,137.68,False,False,5192.639999999999,1.4677901603696657,False
ITM11627,Electronics,474,18,8,6,12.15,5.11,0.46,L66,D,77,1.99,175.56,0.75,9,0.86,329,5.11,0.32,2024-08-21,272.49,0.449,39.01234567901234,72.9,401.1,False,False,83215.44,6.5020576131687235,False
ITM11628,Automotive,123,24,13,6,5.99,4.95,0.69,L76,C,66,4.48,111.72,1.34,5,0.75,882,14.66,0.34,2024-01-26,93.68,0.579,20.53422370617696,35.94,87.06,False,False,13741.56,3.42237061769616,False
ITM11629,Pharma,96,37,6,7,21.32,2.99,0.78,L14,C,73,1.7,195.32,1.92,3,0.78,397,10.4,0.61,2024-07-03,52.18,0.565,4.50281425891182,149.24,-53.24000000000001,False,True,18750.72,0.6432591798445457,False
ITM11630,Apparel,249,33,14,5,42.97,9.26,0.39,L58,C,89,2.28,145.79,1.89,5,0.72,641,5.32,0.95,2024-12-26,34.0,0.516,5.794740516639516,214.85,34.150000000000006,False,False,36301.71,1.1589481033279032,False
ITM11631,Apparel,421,69,3,4,36.37,4.47,0.82,L65,C,96,3.79,25.28,1.89,6,0.71,966,4.3,0.51,2024-04-11,265.5,0.392,11.575474291998901,145.48,275.52,False,False,10642.880000000001,2.8938685729997253,False
ITM11632,Apparel,277,44,7,7,44.31,8.71,0.41,L29,B,176,3.85,121.76,0.18,3,0.86,527,9.95,0.94,2024-05-20,117.81,0.815,6.25141051681336,310.17,-33.170000000000016,False,True,33727.520000000004,0.8930586452590514,False
ITM11633,Apparel,283,95,13,6,31.17,1.54,0.33,L79,A,129,4.38,13.25,0.87,7,0.8,147,4.82,0.75,2024-07-07,154.63,0.547,9.079242861726017,187.02,95.97999999999999,False,False,3749.75,1.5132071436210028,False
ITM11634,Apparel,350,36,11,2,7.39,3.53,0.3,L6,C,152,0.63,115.98,0.22,4,0.99,331,3.62,0.83,2024-08-25,242.89,0.71,47.36129905277402,14.78,335.22,False,False,40593.0,23.68064952638701,True
ITM11635,Apparel,201,92,10,8,6.63,2.18,0.28,L94,B,88,1.33,76.54,0.69,2,0.75,679,10.07,0.95,2024-09-15,118.22,0.765,30.316742081447963,53.04,147.96,False,False,15384.54,3.7895927601809953,False
ITM11636,Apparel,400,85,10,7,3.35,4.38,0.76,L85,A,165,3.38,132.23,0.43,1,0.94,468,11.14,0.66,2024-07-22,261.71,0.806,119.40298507462687,23.45,376.55,False,False,52891.99999999999,17.057569296375267,False
ITM11637,Pharma,275,29,7,3,28.79,1.56,0.9,L67,A,45,2.02,112.9,1.28,0,0.79,272,4.33,0.71,2024-11-21,103.29,0.63,9.551927752691908,86.37,188.63,False,False,31047.5,3.1839759175639695,False
ITM11638,Electronics,57,74,14,4,12.9,4.69,0.31,L39,A,63,0.7,59.66,1.58,3,0.77,301,8.5,0.66,2024-03-04,222.39,0.581,4.4186046511627906,51.6,5.399999999999999,True,False,3400.62,1.1046511627906976,False
ITM11639,Groceries,195,94,11,8,36.98,3.86,0.18,L59,B,154,3.14,40.85,1.08,1,0.99,129,10.29,0.83,2024-12-14,203.54,0.773,5.273120605732829,295.84,-100.83999999999997,False,True,7965.75,0.6591400757166036,False
ITM11640,Automotive,46,58,5,7,34.63,2.62,0.38,L83,C,109,2.27,86.9,1.61,2,0.94,875,14.19,0.42,2024-01-16,68.39,0.66,1.3283280392723071,242.41000000000003,-196.41000000000003,True,True,3997.4,0.18976114846747244,False
ITM11641,Groceries,295,10,5,6,16.59,6.6,0.69,L4,A,95,2.14,197.5,0.12,0,0.89,731,12.25,0.83,2024-05-03,46.1,0.895,17.78179626280892,99.53999999999999,195.46,False,False,58262.5,2.9636327104681537,False
ITM11642,Groceries,159,19,3,9,9.66,9.53,0.43,L8,B,31,1.69,92.78,1.66,5,0.91,462,6.89,0.77,2024-07-09,42.35,0.562,16.459627329192546,86.94,72.06,False,False,14752.02,1.828847481021394,False
ITM11643,Electronics,318,56,11,6,6.02,2.47,0.59,L62,A,84,0.53,152.27,0.44,3,1.0,718,12.82,0.68,2024-09-07,198.77,0.803,52.823920265780735,36.12,281.88,False,False,48421.86,8.803986710963455,False
ITM11644,Electronics,464,68,8,4,37.13,7.26,0.77,L52,D,45,1.32,20.82,0.98,4,0.88,442,7.18,0.23,2024-10-31,13.75,0.54,12.496633450040397,148.52,315.48,False,False,9660.48,3.1241583625100993,False
ITM11645,Electronics,306,71,4,3,23.07,7.55,0.47,L55,D,38,2.63,81.98,0.94,7,0.73,383,2.82,0.82,2024-08-16,201.6,0.514,13.263979193758127,69.21000000000001,236.79,False,False,25085.88,4.421326397919375,False
ITM11646,Apparel,110,95,10,7,16.85,5.23,1.0,L88,B,179,1.74,120.26,1.76,3,0.72,938,5.78,0.31,2024-03-31,236.77,0.447,6.528189910979228,117.95000000000002,-7.950000000000017,False,True,13228.6,0.9325985587113184,False
ITM11647,Pharma,499,27,14,9,42.98,9.03,0.37,L14,C,169,4.43,152.73,1.94,5,0.9,377,12.27,0.97,2024-08-30,97.73,0.644,11.610051186598419,386.82,112.18,False,False,76212.26999999999,1.2900056873998242,False
ITM11648,Apparel,80,55,11,7,30.09,9.68,0.98,L63,C,151,1.14,110.39,0.58,2,0.9,51,14.38,0.27,2024-10-27,226.25,0.728,2.6586905948820205,210.63,-130.63,False,True,8831.2,0.3798129421260029,False
ITM11649,Pharma,477,41,11,5,26.38,3.94,0.28,L92,A,27,4.44,107.91,0.23,7,0.92,252,14.77,0.78,2024-10-09,57.96,0.774,18.081880212282034,131.9,345.1,False,False,51473.07,3.6163760424564066,False
ITM11650,Pharma,470,36,4,2,37.43,6.68,0.2,L57,C,47,2.32,155.14,1.34,2,0.73,307,9.95,0.49,2024-06-28,288.54,0.603,12.556772642265562,74.86,395.14,False,False,72915.79999999999,6.278386321132781,False
ITM11651,Groceries,384,27,4,6,40.96,6.79,0.78,L10,C,110,1.74,69.52,1.06,6,0.98,812,7.7,0.79,2024-06-25,77.3,0.631,9.375,245.76,138.24,False,False,26695.68,1.5625,False
ITM11652,Groceries,366,48,9,7,34.62,4.33,0.73,L11,D,43,1.87,27.22,1.17,6,0.87,416,3.27,0.62,2024-03-24,151.63,0.505,10.571923743500868,242.33999999999997,123.66000000000003,False,False,9962.52,1.510274820500124,False
ITM11653,Pharma,182,58,13,7,22.56,3.51,0.83,L42,B,130,1.99,75.96,0.19,2,0.89,195,2.44,0.7,2024-05-12,294.34,0.692,8.067375886524824,157.92,24.080000000000013,False,False,13824.72,1.1524822695035462,False
ITM11654,Pharma,370,91,6,8,19.59,9.37,0.41,L78,D,96,2.78,40.21,1.57,2,0.71,886,8.26,0.26,2024-12-18,273.07,0.507,18.887187340479837,156.72,213.28,False,False,14877.7,2.3608984175599796,False
ITM11655,Apparel,162,53,3,8,38.81,8.0,0.94,L19,B,169,2.09,193.53,0.54,9,0.99,427,11.19,0.97,2024-02-16,201.24,0.707,4.174181911878382,310.48,-148.48000000000002,False,True,31351.86,0.5217727389847977,False
ITM11656,Apparel,419,81,10,7,26.38,1.59,0.21,L9,A,119,3.41,119.73,0.74,9,0.87,490,5.53,0.2,2024-05-25,117.07,0.434,15.883244882486734,184.66,234.34,False,False,50166.87,2.2690349832123906,False
ITM11657,Groceries,272,63,4,3,35.51,1.64,0.13,L17,D,76,2.41,94.85,0.53,7,0.87,504,10.45,0.95,2024-01-15,213.03,0.71,7.659814136862856,106.53,165.47,False,False,25799.199999999997,2.5532713789542854,False
ITM11658,Electronics,288,43,5,2,44.63,9.26,0.37,L36,B,52,3.52,183.29,1.9,2,0.98,456,8.99,0.65,2024-07-16,143.48,0.616,6.453058480842483,89.26,198.74,False,False,52787.52,3.2265292404212413,False
ITM11659,Pharma,388,80,7,7,45.88,1.27,0.82,L80,C,132,3.22,181.07,0.42,1,0.98,836,14.17,0.41,2024-01-26,41.56,0.805,8.456843940714908,321.16,66.83999999999997,False,False,70255.16,1.2081205629592726,False
ITM11660,Apparel,310,45,5,4,14.61,7.04,0.71,L82,B,31,1.6,88.98,1.49,4,0.77,68,3.93,0.71,2024-03-24,240.83,0.519,21.218343600273787,58.44,251.56,False,False,27583.800000000003,5.304585900068447,False
ITM11661,Groceries,478,27,9,6,10.21,2.65,0.49,L75,C,96,4.16,176.2,0.57,6,0.98,929,9.27,0.74,2024-10-19,262.77,0.691,46.81684622918707,61.260000000000005,416.74,False,False,84223.59999999999,7.802807704864512,False
ITM11662,Apparel,206,47,9,5,13.8,0.83,0.33,L71,A,86,4.1,22.16,0.91,7,0.92,482,6.79,0.78,2024-04-19,128.21,0.6,14.927536231884057,69.0,137.0,False,False,4564.96,2.9855072463768115,False
ITM11663,Pharma,424,68,4,8,37.82,1.07,0.15,L92,C,134,4.95,178.29,1.99,0,0.71,478,4.66,0.21,2024-04-23,203.06,0.447,11.21099947117927,302.56,121.44,False,False,75594.95999999999,1.4013749338974089,False
ITM11664,Pharma,457,18,9,4,19.13,4.05,0.4,L42,B,105,1.29,69.01,0.29,1,0.77,301,6.0,0.99,2024-11-27,18.81,0.783,23.889179299529538,76.52,380.48,False,False,31537.570000000003,5.972294824882384,False
ITM11665,Automotive,478,82,13,6,9.5,1.24,0.51,L49,D,131,4.32,117.37,1.77,6,0.82,845,5.12,0.69,2024-04-25,67.2,0.473,50.31578947368421,57.0,421.0,False,False,56102.86,8.385964912280702,False
ITM11666,Electronics,433,81,8,9,5.82,6.17,0.72,L77,B,166,4.42,61.24,1.9,8,0.87,892,8.39,0.5,2024-12-12,175.38,0.436,74.39862542955326,52.38,380.62,False,False,26516.920000000002,8.266513936617029,False
ITM11667,Automotive,323,60,12,8,17.04,6.65,0.68,L68,D,49,3.39,197.11,1.43,2,0.91,611,8.81,0.66,2024-04-15,89.48,0.648,18.955399061032864,136.32,186.68,False,False,63666.530000000006,2.369424882629108,False
ITM11668,Groceries,310,44,11,3,7.67,4.05,0.95,L38,B,113,2.78,23.64,0.12,7,0.76,956,13.12,0.34,2024-05-17,283.87,0.643,40.41720990873533,23.009999999999998,286.99,False,False,7328.400000000001,13.472403302911777,False
ITM11669,Apparel,105,91,11,8,8.66,7.56,0.19,L59,B,128,4.81,94.92,1.66,9,0.95,872,11.94,0.4,2024-11-29,252.74,0.483,12.124711316397228,69.28,35.72,False,False,9966.6,1.5155889145496535,False
ITM11670,Groceries,185,14,4,2,34.51,5.16,0.4,L65,A,147,4.88,127.99,1.78,2,0.95,698,5.24,0.27,2024-07-28,199.95,0.496,5.360764995653434,69.02,115.98,False,False,23678.149999999998,2.680382497826717,False
ITM11671,Pharma,434,23,9,2,1.97,4.59,0.53,L78,C,129,3.39,126.97,1.96,3,0.89,959,14.04,0.9,2024-09-19,299.66,0.689,220.30456852791878,3.94,430.06,False,False,55104.979999999996,110.15228426395939,False
ITM11672,Automotive,481,39,7,6,6.76,4.37,0.7,L56,B,26,2.12,150.36,1.69,1,0.98,787,13.16,0.4,2024-01-11,80.54,0.662,71.15384615384616,40.56,440.44,False,False,72323.16,11.85897435897436,False
ITM11673,Automotive,427,13,8,4,42.37,4.6,0.55,L13,D,111,4.18,147.64,0.95,8,0.94,270,9.76,0.79,2024-12-15,276.55,0.621,10.077885296200142,169.48,257.52,False,False,63042.27999999999,2.5194713240500355,False
ITM11674,Automotive,133,48,3,5,42.4,9.69,0.92,L90,C,139,0.9,160.7,1.41,4,0.77,162,1.26,0.42,2024-01-05,98.33,0.434,3.1367924528301887,212.0,-79.0,False,True,21373.1,0.6273584905660378,False
ITM11675,Groceries,452,93,9,3,17.13,6.97,0.65,L15,A,154,1.81,54.51,1.02,4,0.94,198,3.93,0.32,2024-08-30,183.01,0.522,26.386456509048454,51.39,400.61,False,False,24638.52,8.79548550301615,False
ITM11676,Pharma,499,73,8,6,5.31,3.49,0.14,L84,C,117,4.93,80.4,0.77,3,0.99,609,12.05,0.29,2024-03-08,135.97,0.68,93.97363465160076,31.86,467.14,False,False,40119.600000000006,15.66227244193346,False
ITM11677,Apparel,375,34,6,9,35.54,7.47,0.2,L84,B,99,4.16,82.59,1.29,4,0.74,107,7.35,0.89,2024-11-27,138.53,0.615,10.551491277433877,319.86,55.139999999999986,False,False,30971.25,1.1723879197148752,False
ITM11678,Apparel,435,37,3,3,18.65,3.64,0.78,L99,D,128,4.73,191.61,1.56,0,0.99,246,2.76,0.3,2024-03-29,231.13,0.539,23.324396782841823,55.949999999999996,379.05,False,False,83350.35,7.774798927613941,False
ITM11679,Groceries,202,85,11,2,3.23,1.69,0.74,L71,D,175,3.18,87.77,1.31,9,0.71,786,6.72,0.27,2024-11-03,110.79,0.375,62.538699690402474,6.46,195.54,False,False,17729.54,31.269349845201237,False
ITM11680,Automotive,226,75,6,7,8.73,5.02,0.24,L93,C,174,2.33,52.16,1.67,9,0.86,698,3.97,0.21,2024-01-05,157.18,0.32,25.88774341351661,61.11,164.89,False,False,11788.16,3.6982490590738015,False
ITM11681,Electronics,275,87,4,7,7.72,7.63,0.15,L28,D,72,4.91,130.15,0.44,5,0.93,756,13.5,0.49,2024-04-24,71.4,0.72,35.62176165803109,54.04,220.96,False,False,35791.25,5.088823094004441,False
ITM11682,Groceries,254,31,10,5,29.87,4.09,0.62,L56,B,14,1.89,91.18,0.81,3,0.94,767,13.45,0.95,2024-05-09,231.41,0.816,8.503515232674925,149.35,104.65,False,False,23159.72,1.700703046534985,False
ITM11683,Groceries,461,40,4,3,45.01,8.76,0.67,L58,D,34,3.91,57.52,0.69,3,0.92,67,6.42,0.93,2024-11-07,170.06,0.727,10.242168407020662,135.03,325.97,False,False,26516.72,3.414056135673554,False
ITM11684,Pharma,374,32,7,6,39.86,4.18,0.22,L30,D,82,3.01,145.88,0.47,4,0.86,829,2.92,0.29,2024-06-05,83.97,0.542,9.382839939789262,239.16,134.84,False,False,54559.119999999995,1.5638066566315436,False
ITM11685,Apparel,22,57,13,5,27.78,3.82,0.53,L53,D,133,1.53,46.47,0.94,0,0.9,264,6.02,0.21,2024-12-30,87.12,0.608,0.7919366450683945,138.9,-116.9,True,True,1022.3399999999999,0.15838732901367888,False
ITM11686,Groceries,227,29,8,8,21.69,9.98,0.38,L44,B,31,0.58,130.34,1.9,3,0.91,767,2.8,0.8,2024-12-29,95.13,0.529,10.465652374366067,173.52,53.47999999999999,False,False,29587.18,1.3082065467957584,False
ITM11687,Groceries,216,47,13,8,31.32,5.08,0.94,L59,A,102,2.23,91.8,1.12,9,0.85,685,5.26,0.45,2024-11-25,212.79,0.438,6.896551724137931,250.56,-34.56,False,True,19828.8,0.8620689655172413,False
ITM11688,Automotive,360,64,10,9,22.75,8.15,0.3,L52,D,44,2.96,70.64,0.64,2,0.88,65,11.8,0.87,2024-05-20,182.58,0.803,15.824175824175825,204.75,155.25,False,False,25430.4,1.7582417582417582,False
ITM11689,Automotive,144,77,13,4,13.06,8.15,0.76,L54,A,64,1.32,189.74,0.77,4,0.95,726,5.09,0.37,2024-08-04,248.45,0.575,11.0260336906585,52.24,91.75999999999999,False,False,27322.56,2.756508422664625,False
ITM11690,Electronics,157,88,3,7,34.28,9.3,0.57,L94,C,137,2.37,71.64,1.26,9,0.79,709,8.62,0.59,2024-07-11,175.74,0.485,4.579929988331388,239.96,-82.96000000000001,False,True,11247.48,0.6542757126187697,False
ITM11691,Pharma,358,97,3,6,43.79,1.31,0.11,L13,C,29,3.27,76.03,0.77,4,0.86,837,2.66,0.23,2024-06-27,98.93,0.496,8.175382507421785,262.74,95.25999999999999,False,False,27218.74,1.3625637512369642,False
ITM11692,Electronics,44,98,14,3,19.27,3.08,0.57,L41,B,14,3.72,175.42,1.12,7,0.7,448,5.87,0.92,2024-08-23,289.23,0.55,2.283341982355994,57.81,-13.810000000000002,True,True,7718.48,0.7611139941186646,False
ITM11693,Automotive,87,10,6,5,42.24,7.79,0.19,L55,B,176,0.74,34.52,0.62,0,0.91,282,1.55,0.34,2024-05-09,266.97,0.609,2.059659090909091,211.20000000000002,-124.20000000000002,False,True,3003.2400000000002,0.4119318181818182,False
ITM11694,Apparel,80,16,7,6,22.12,5.84,0.69,L41,B,72,3.49,30.53,0.76,2,0.76,74,8.67,0.44,2024-04-21,90.86,0.64,3.6166365280289328,132.72,-52.72,False,True,2442.4,0.6027727546714888,False
ITM11695,Automotive,48,66,11,5,20.67,5.82,0.61,L86,B,41,0.76,63.71,1.44,4,0.84,450,5.87,0.58,2024-08-26,274.68,0.538,2.3222060957910013,103.35000000000001,-55.35000000000001,True,True,3058.08,0.46444121915820025,False
ITM11696,Pharma,402,21,13,5,2.39,2.08,0.11,L33,A,83,0.63,122.41,1.21,2,0.76,829,13.21,0.42,2024-06-03,218.84,0.651,168.20083682008368,11.950000000000001,390.05,False,False,49208.82,33.64016736401673,False
ITM11697,Automotive,38,14,9,5,35.07,3.17,0.28,L48,B,177,1.19,83.02,0.28,5,0.71,414,6.5,0.23,2024-12-12,130.26,0.547,1.0835471913316224,175.35,-137.35,False,True,3154.7599999999998,0.21670943826632447,False
ITM11698,Pharma,190,59,9,3,40.57,5.45,0.8,L20,A,154,3.44,125.63,1.95,9,0.84,987,8.81,0.22,2024-09-23,145.39,0.354,4.683263495193493,121.71000000000001,68.28999999999999,False,False,23869.7,1.5610878317311643,False
ITM11699,Pharma,469,51,10,6,33.51,3.13,0.35,L88,D,110,0.74,40.35,0.19,2,0.83,344,14.67,0.96,2024-11-15,139.45,0.895,13.995822142643988,201.06,267.94,False,False,18924.15,2.332637023773998,False
ITM11700,Pharma,93,21,7,2,8.42,2.5,0.55,L61,D,88,0.59,59.68,0.26,5,0.83,486,10.0,0.46,2024-07-22,241.09,0.665,11.045130641330166,16.84,76.16,False,False,5550.24,5.522565320665083,False
ITM11701,Pharma,80,27,7,2,6.06,1.33,0.38,L9,C,169,1.03,117.38,1.43,7,0.76,120,8.01,0.47,2024-10-26,60.9,0.47,13.201320132013203,12.12,67.88,False,False,9390.4,6.6006600660066015,False
ITM11702,Pharma,446,75,3,3,29.07,1.98,0.93,L12,C,32,4.77,51.26,1.45,3,0.98,761,2.37,0.94,2024-02-22,27.01,0.611,15.342277261781906,87.21000000000001,358.78999999999996,False,False,22861.96,5.114092420593969,False
ITM11703,Apparel,172,83,11,8,20.67,7.8,0.58,L11,A,65,4.58,90.33,0.14,7,0.7,608,12.49,0.87,2024-01-04,154.55,0.727,8.321238509917755,165.36,6.639999999999986,False,False,15536.76,1.0401548137397194,False
ITM11704,Electronics,295,88,8,3,22.03,7.33,0.73,L12,B,146,0.89,118.8,1.32,6,0.97,74,9.99,0.75,2024-09-18,94.22,0.625,13.39083068542896,66.09,228.91,False,False,35046.0,4.46361022847632,False
ITM11705,Groceries,67,26,11,7,48.42,0.94,0.18,L56,C,115,1.87,194.99,0.16,3,0.92,774,2.52,0.73,2024-12-05,173.54,0.688,1.3837257331681123,338.94,-271.94,False,True,13064.33,0.19767510473830177,False
ITM11706,Electronics,230,77,5,5,36.47,2.43,0.14,L13,A,78,4.76,25.18,1.93,2,0.75,995,4.44,0.84,2024-07-10,293.68,0.544,6.306553331505347,182.35,47.650000000000006,False,False,5791.4,1.2613106663010694,False
ITM11707,Pharma,362,80,7,6,21.18,5.82,0.33,L96,C,31,0.94,97.48,1.42,4,0.84,423,8.53,0.34,2024-10-14,204.72,0.528,17.091595845136922,127.08,234.92000000000002,False,False,35287.76,2.84859930752282,False
ITM11708,Apparel,427,71,4,6,1.94,3.56,0.38,L95,B,41,0.93,85.29,0.45,4,1.0,594,1.63,0.73,2024-11-27,288.17,0.643,220.10309278350516,11.64,415.36,False,False,36418.83,36.68384879725086,True
ITM11709,Automotive,158,50,12,4,2.67,8.32,0.72,L48,A,11,0.89,166.61,0.4,6,0.89,507,11.06,0.28,2024-10-31,222.3,0.621,59.17602996254682,10.68,147.32,False,False,26324.38,14.794007490636705,False
ITM11710,Apparel,129,43,7,4,34.56,7.96,0.61,L17,C,132,4.89,181.06,1.18,0,0.74,263,4.19,0.3,2024-11-07,32.02,0.546,3.732638888888889,138.24,-9.240000000000009,False,True,23356.74,0.9331597222222222,False
ITM11711,Pharma,202,79,10,9,42.05,8.97,0.44,L72,B,94,3.84,182.33,1.3,8,0.84,260,7.86,0.39,2024-05-24,267.9,0.461,4.803804994054697,378.45,-176.45,False,True,36830.66,0.5337561104505218,False
ITM11712,Apparel,47,54,13,2,35.68,5.85,0.69,L8,A,23,1.47,81.28,1.68,1,0.84,590,4.38,0.77,2024-06-01,67.69,0.592,1.3172645739910314,71.36,-24.36,True,True,3820.16,0.6586322869955157,False
ITM11713,Apparel,216,67,4,4,20.89,3.84,0.25,L76,A,46,0.71,67.88,1.82,8,0.94,820,7.85,0.91,2024-12-16,260.79,0.533,10.339875538535184,83.56,132.44,False,False,14662.079999999998,2.584968884633796,False
ITM11714,Pharma,210,60,10,4,2.53,6.26,0.16,L72,A,36,4.84,95.34,0.85,8,0.97,88,3.66,0.75,2024-02-25,227.23,0.548,83.00395256916997,10.12,199.88,False,False,20021.4,20.750988142292492,True
ITM11715,Apparel,334,43,6,2,48.4,1.35,0.87,L72,D,161,2.41,75.36,1.7,2,0.72,309,9.31,0.53,2024-09-03,253.2,0.564,6.900826446280992,96.8,237.2,False,False,25170.24,3.450413223140496,False
ITM11716,Groceries,408,53,12,7,49.33,0.59,0.61,L43,A,73,3.19,146.58,1.13,6,0.79,726,13.75,0.61,2024-02-02,83.54,0.63,8.270829110075006,345.31,62.69,False,False,59804.64000000001,1.1815470157250008,False
ITM11717,Groceries,70,24,12,8,27.92,0.66,0.68,L86,C,79,1.76,50.58,0.99,2,0.79,144,12.3,0.77,2024-06-21,244.15,0.737,2.5071633237822346,223.36,-153.36,False,True,3540.6,0.3133954154727793,False
ITM11718,Apparel,168,87,3,2,4.46,4.37,0.38,L16,A,163,3.91,135.15,1.43,7,1.0,439,4.38,0.69,2024-05-21,187.0,0.513,37.66816143497758,8.92,159.08,False,False,22705.2,18.83408071748879,True
ITM11719,Automotive,287,79,7,8,27.51,2.67,0.43,L53,A,24,1.39,186.13,0.3,7,0.87,269,7.97,0.62,2024-11-23,33.74,0.634,10.432569974554706,220.08,66.91999999999999,False,False,53419.31,1.3040712468193383,False
ITM11720,Pharma,69,59,3,9,44.72,1.99,0.17,L46,A,38,4.04,63.18,0.6,2,0.96,955,6.92,0.39,2024-06-15,267.85,0.662,1.542933810375671,402.48,-333.48,False,True,4359.42,0.1714370900417412,False
ITM11721,Groceries,407,41,9,4,34.32,6.35,0.87,L86,A,83,1.54,138.61,1.65,4,0.83,317,14.52,0.69,2024-05-21,264.28,0.653,11.85897435897436,137.28,269.72,False,False,56414.270000000004,2.96474358974359,False
ITM11722,Automotive,265,76,10,6,36.28,9.95,0.63,L97,A,37,0.94,37.28,1.06,6,0.92,543,12.18,0.21,2024-05-13,175.88,0.562,7.304299889746416,217.68,47.31999999999999,False,False,9879.2,1.217383314957736,False
ITM11723,Apparel,132,12,5,4,5.16,2.19,0.18,L55,D,68,2.65,33.06,1.83,0,0.79,679,2.5,0.65,2024-12-01,141.26,0.538,25.58139534883721,20.64,111.36,False,False,4363.92,6.395348837209302,False
ITM11724,Automotive,189,95,5,5,6.22,5.69,0.82,L93,B,82,4.16,31.97,0.27,2,0.97,115,3.36,0.86,2024-12-30,126.16,0.744,30.385852090032156,31.099999999999998,157.9,False,False,6042.33,6.077170418006431,False
ITM11725,Electronics,487,95,9,9,7.24,1.64,0.5,L7,D,158,2.23,36.32,0.7,0,0.84,436,10.83,0.34,2024-11-29,184.79,0.71,67.26519337016575,65.16,421.84000000000003,False,False,17687.84,7.473910374462861,False
ITM11726,Groceries,185,83,6,8,45.31,9.38,0.79,L37,C,19,0.63,51.07,0.78,1,0.94,242,3.24,0.29,2024-06-01,254.09,0.591,4.082983888766276,362.48,-177.48000000000002,False,True,9447.95,0.5103729860957845,False
ITM11727,Apparel,428,60,5,8,26.77,3.27,0.11,L77,B,141,2.99,116.94,0.9,6,0.78,369,14.31,0.98,2024-04-06,174.12,0.733,15.988046320508031,214.16,213.84,False,False,50050.32,1.998505790063504,False
ITM11728,Pharma,33,76,10,5,39.79,8.84,0.13,L40,C,71,3.56,155.73,1.97,6,0.91,596,14.9,0.87,2024-03-17,47.6,0.638,0.8293541090726313,198.95,-165.95,True,True,5139.089999999999,0.16587082181452625,False
ITM11729,Apparel,222,85,5,5,6.65,3.19,0.25,L46,A,141,3.83,34.1,0.69,2,0.82,969,11.9,0.44,2024-09-21,98.79,0.702,33.38345864661654,33.25,188.75,False,False,7570.200000000001,6.6766917293233075,False
ITM11730,Pharma,307,57,9,7,46.45,8.16,0.29,L14,C,136,2.31,175.3,1.09,5,0.71,224,1.38,0.37,2024-05-03,203.79,0.425,6.609257265877287,325.15000000000003,-18.150000000000034,False,True,53817.100000000006,0.944179609411041,False
ITM11731,Apparel,414,26,4,3,41.24,2.49,0.79,L74,D,15,0.94,170.12,1.12,5,0.82,161,7.76,0.47,2024-01-30,197.58,0.549,10.038797284190107,123.72,290.28,False,False,70429.68000000001,3.3462657613967024,False
ITM11732,Automotive,208,16,13,5,12.01,3.28,0.74,L65,D,89,3.13,148.2,1.56,1,0.87,357,6.69,0.54,2024-11-03,160.48,0.595,17.318900915903413,60.05,147.95,False,False,30825.6,3.4637801831806825,False
ITM11733,Automotive,421,22,13,8,43.83,2.33,0.65,L28,A,81,1.98,90.93,1.08,8,0.75,851,12.19,0.86,2024-07-25,79.74,0.617,9.605293178188456,350.64,70.36000000000001,False,False,38281.530000000006,1.200661647273557,False
ITM11734,Automotive,174,75,3,6,13.91,3.01,0.9,L20,A,25,4.76,10.3,1.25,7,0.76,389,5.02,0.39,2024-12-04,88.47,0.432,12.508986340762041,83.46000000000001,90.53999999999999,False,False,1792.2,2.0848310567936736,False
ITM11735,Electronics,74,13,14,8,11.06,8.43,0.32,L85,B,47,2.76,149.61,1.53,1,0.84,129,6.41,0.78,2024-06-12,150.43,0.636,6.690777576853526,88.48,-14.480000000000004,False,True,11071.140000000001,0.8363471971066907,False
ITM11736,Pharma,201,19,8,8,13.95,6.57,0.91,L62,D,74,2.63,177.01,0.29,3,0.8,527,2.31,0.94,2024-12-14,124.4,0.69,14.408602150537636,111.6,89.4,False,False,35579.009999999995,1.8010752688172045,False
ITM11737,Automotive,229,97,10,7,45.59,4.36,0.92,L29,D,135,1.89,73.7,1.93,8,0.83,160,5.8,0.5,2024-03-12,101.62,0.39,5.023031366527747,319.13,-90.13,False,True,16877.3,0.7175759095039639,False
ITM11738,Electronics,395,26,3,3,45.86,9.73,0.49,L14,B,92,2.02,146.42,1.71,3,0.84,536,14.63,0.22,2024-01-14,250.54,0.576,8.613170518970781,137.57999999999998,257.42,False,False,57835.899999999994,2.871056839656927,False
ITM11739,Pharma,490,61,12,3,17.12,4.92,0.18,L45,D,26,2.81,21.79,0.84,6,0.74,970,14.19,0.86,2024-12-01,156.17,0.705,28.621495327102803,51.36,438.64,False,False,10677.1,9.540498442367602,False
ITM11740,Apparel,94,15,14,5,35.57,9.71,0.75,L72,B,122,1.88,144.8,1.48,4,0.75,502,11.5,0.77,2024-09-11,155.89,0.629,2.6426764127073374,177.85,-83.85,False,True,13611.2,0.5285352825414675,False
ITM11741,Electronics,296,92,11,9,34.11,2.37,0.4,L48,D,165,4.52,22.98,1.55,9,0.95,462,13.7,0.32,2024-05-31,134.14,0.502,8.67780709469364,306.99,-10.990000000000009,False,True,6802.08,0.9642007882992932,False
ITM11742,Groceries,447,78,5,4,40.52,9.09,0.82,L15,C,149,2.48,121.57,1.72,5,0.75,653,3.96,0.68,2024-05-12,207.46,0.467,11.031589338598222,162.08,284.91999999999996,False,False,54341.78999999999,2.7578973346495554,False
ITM11743,Electronics,152,83,5,8,15.53,0.63,0.25,L98,C,79,1.81,123.54,0.46,0,0.9,998,9.71,0.86,2024-08-02,60.94,0.835,9.787508048937541,124.24,27.760000000000005,False,False,18778.08,1.2234385061171926,False
ITM11744,Electronics,362,18,6,2,26.0,5.68,0.59,L36,B,80,1.2,67.41,1.44,3,0.83,235,8.0,0.34,2024-07-26,283.64,0.537,13.923076923076923,52.0,310.0,False,False,24402.42,6.961538461538462,False
ITM11745,Pharma,444,86,13,4,33.72,4.52,0.56,L74,B,140,3.53,25.03,0.16,4,0.99,602,6.92,0.38,2024-07-17,40.34,0.67,13.167259786476869,134.88,309.12,False,False,11113.32,3.2918149466192173,False
ITM11746,Apparel,78,92,3,4,2.29,5.49,0.19,L29,A,58,0.62,190.37,0.32,5,0.72,136,5.55,0.36,2024-01-19,215.99,0.558,34.06113537117904,9.16,68.84,True,False,14848.86,8.51528384279476,False
ITM11747,Groceries,364,30,11,3,19.46,5.76,0.43,L55,D,30,2.52,111.76,1.57,5,0.95,273,13.13,1.0,2024-10-25,214.25,0.708,18.705035971223023,58.38,305.62,False,False,40680.64,6.235011990407674,False
ITM11748,Automotive,201,33,13,3,35.1,4.2,0.18,L72,C,145,2.98,120.15,1.64,4,0.85,100,7.78,0.38,2024-12-28,43.04,0.506,5.726495726495727,105.30000000000001,95.69999999999999,False,False,24150.15,1.9088319088319088,False
ITM11749,Automotive,477,13,5,7,13.38,9.98,0.52,L99,A,73,2.03,126.85,1.23,2,0.7,175,11.14,0.41,2024-10-19,297.98,0.608,35.65022421524664,93.66000000000001,383.34,False,False,60507.45,5.092889173606663,False
ITM11750,Electronics,425,33,12,7,47.93,9.78,0.86,L80,D,167,3.87,179.3,1.21,1,0.78,195,10.88,0.24,2024-04-07,19.95,0.608,8.867097851032756,335.51,89.49000000000001,False,False,76202.5,1.266728264433251,False
ITM11751,Pharma,358,68,6,3,2.48,9.64,0.34,L79,C,41,3.54,21.45,1.52,6,0.82,90,2.9,0.99,2024-06-24,115.76,0.529,144.3548387096774,7.4399999999999995,350.56,False,False,7679.099999999999,48.11827956989247,True
ITM11752,Pharma,340,12,3,6,47.95,9.8,0.79,L87,D,29,4.87,179.72,1.82,0,0.79,404,1.69,0.4,2024-04-23,133.18,0.479,7.090719499478623,287.70000000000005,52.299999999999955,False,False,61104.8,1.1817865832464372,False
ITM11753,Automotive,83,77,6,6,11.62,8.03,0.27,L83,B,25,2.79,55.54,0.9,4,0.81,494,12.76,0.78,2024-12-17,242.81,0.718,7.142857142857143,69.72,13.280000000000001,False,False,4609.82,1.1904761904761905,False
ITM11754,Groceries,346,49,3,2,3.39,9.89,0.71,L72,C,162,2.92,24.81,0.32,3,0.98,412,7.86,0.22,2024-09-30,18.65,0.653,102.06489675516224,6.78,339.22,False,False,8584.26,51.03244837758112,False
ITM11755,Apparel,279,57,7,3,15.33,8.98,0.92,L4,C,69,1.61,134.88,1.69,6,0.81,585,12.34,0.83,2024-11-22,171.54,0.604,18.199608610567516,45.99,233.01,False,False,37631.52,6.066536203522506,False
ITM11756,Groceries,212,63,7,5,39.53,4.45,0.39,L78,A,146,2.23,195.63,0.75,1,0.83,864,5.16,0.8,2024-08-31,69.16,0.7,5.3630154313179865,197.65,14.349999999999994,False,False,41473.56,1.0726030862635973,False
ITM11757,Apparel,162,44,13,7,37.87,7.96,0.91,L85,D,112,0.62,20.88,0.35,7,0.93,333,13.07,0.27,2024-12-09,176.05,0.639,4.277792447847901,265.09,-103.08999999999997,False,True,3382.56,0.6111132068354144,False
ITM11758,Automotive,123,65,9,3,11.23,9.16,0.55,L89,B,70,3.6,90.96,1.27,8,0.94,85,12.63,0.3,2024-07-02,197.44,0.529,10.95280498664292,33.69,89.31,False,False,11188.08,3.6509349955476402,False
ITM11759,Apparel,479,98,10,6,10.64,7.27,0.39,L35,B,177,1.9,110.66,1.2,9,0.73,326,6.34,0.44,2024-09-16,19.9,0.419,45.0187969924812,63.84,415.15999999999997,False,False,53006.14,7.5031328320802,False
ITM11760,Pharma,425,49,6,3,32.49,4.52,0.91,L4,D,113,2.93,57.9,1.0,0,0.91,745,6.76,0.48,2024-06-02,29.56,0.668,13.080947983995074,97.47,327.53,False,False,24607.5,4.360315994665025,False
ITM11761,Electronics,233,86,9,6,23.45,1.13,0.13,L24,D,70,1.65,196.75,1.73,4,0.84,374,5.91,0.83,2024-03-28,34.72,0.56,9.936034115138593,140.7,92.30000000000001,False,False,45842.75,1.6560056858564323,False
ITM11762,Electronics,261,77,6,3,39.82,8.19,0.13,L35,B,85,3.29,131.78,0.62,3,0.74,715,1.49,0.25,2024-12-02,257.16,0.496,6.554495228528378,119.46000000000001,141.54,False,False,34394.58,2.1848317428427926,False
ITM11763,Automotive,450,55,5,8,2.18,9.55,0.64,L90,D,24,2.51,170.43,0.13,4,0.78,231,10.63,0.72,2024-10-12,278.73,0.749,206.42201834862385,17.44,432.56,False,False,76693.5,25.80275229357798,False
ITM11764,Pharma,228,87,8,5,30.91,3.94,0.82,L98,A,141,2.67,89.0,0.71,8,0.71,520,4.82,0.38,2024-04-02,136.94,0.451,7.376253639598835,154.55,73.44999999999999,False,False,20292.0,1.475250727919767,False
ITM11765,Groceries,112,22,6,9,36.8,1.94,0.78,L40,D,160,4.74,77.25,0.12,2,0.81,861,13.38,0.51,2024-05-30,263.69,0.79,3.0434782608695654,331.2,-219.2,False,True,8652.0,0.33816425120772947,False
ITM11766,Pharma,449,36,5,2,49.68,3.6,0.17,L44,A,164,3.68,115.1,1.13,0,0.78,466,13.56,0.2,2024-02-19,148.1,0.664,9.037842190016104,99.36,349.64,False,False,51679.899999999994,4.518921095008052,False
ITM11767,Electronics,161,15,11,8,34.26,6.03,0.96,L45,A,112,1.68,92.7,0.82,2,0.81,715,11.12,0.43,2024-08-29,126.33,0.674,4.699357851722125,274.08,-113.07999999999998,False,True,14924.7,0.5874197314652656,False
ITM11768,Electronics,453,26,7,5,12.36,3.51,0.73,L1,D,174,2.77,145.84,1.65,3,0.87,938,3.54,0.34,2024-03-06,164.06,0.464,36.650485436893206,61.8,391.2,False,False,66065.52,7.3300970873786415,False
ITM11769,Pharma,423,45,9,6,6.3,6.3,0.95,L24,C,174,2.6,60.51,1.62,1,0.92,199,2.25,0.6,2024-05-12,239.15,0.552,67.14285714285714,37.8,385.2,False,False,25595.73,11.19047619047619,True
ITM11770,Pharma,453,90,14,7,32.4,9.69,0.4,L19,C,166,4.08,95.42,0.93,0,0.88,453,12.43,0.33,2024-10-13,74.89,0.715,13.981481481481483,226.79999999999998,226.20000000000002,False,False,43225.26,1.9973544973544974,False
ITM11771,Electronics,131,11,8,7,26.64,6.87,0.72,L73,A,166,4.25,180.08,0.51,0,0.9,563,13.5,0.87,2024-04-03,97.5,0.883,4.9174174174174174,186.48000000000002,-55.48000000000002,False,True,23590.480000000003,0.7024882024882025,False
ITM11772,Groceries,436,86,12,4,45.06,3.95,0.87,L85,D,84,1.78,153.66,0.9,7,0.96,858,5.93,0.91,2024-12-14,256.17,0.623,9.675987572126054,180.24,255.76,False,False,66995.76,2.4189968930315136,False
ITM11773,Automotive,394,61,7,5,36.6,9.39,0.44,L52,A,37,4.2,41.93,1.32,3,0.96,615,5.94,0.88,2024-06-20,275.63,0.655,10.765027322404372,183.0,211.0,False,False,16520.42,2.1530054644808745,False
ITM11774,Automotive,78,75,9,3,25.98,5.87,0.97,L9,D,83,1.31,178.5,0.46,1,0.96,490,6.46,0.99,2024-12-01,45.67,0.81,3.0023094688221708,77.94,0.060000000000002274,False,False,13923.0,1.0007698229407236,False
ITM11775,Pharma,62,61,13,2,20.78,1.72,0.34,L19,D,142,3.93,121.91,1.57,9,0.75,963,12.59,0.93,2024-02-15,214.43,0.567,2.983638113570741,41.56,20.439999999999998,False,False,7558.42,1.4918190567853704,False
ITM11776,Automotive,226,52,8,3,20.81,5.24,0.38,L95,B,134,1.62,139.06,0.73,2,0.78,950,10.9,0.42,2024-04-23,12.79,0.672,10.860163382988949,62.42999999999999,163.57,False,False,31427.56,3.6200544609963163,False
ITM11777,Electronics,287,99,12,3,12.09,6.71,0.93,L82,C,65,1.84,65.91,1.87,7,0.85,295,2.71,0.45,2024-06-30,81.39,0.369,23.738626964433415,36.269999999999996,250.73000000000002,False,False,18916.17,7.912875654811138,False
ITM11778,Electronics,315,31,4,5,1.85,8.46,0.97,L4,C,73,4.34,93.89,1.07,5,0.81,95,9.89,0.63,2024-04-24,29.9,0.613,170.27027027027026,9.25,305.75,False,False,29575.35,34.05405405405405,False
ITM11779,Pharma,137,64,5,9,29.17,9.4,0.36,L12,B,136,2.39,163.29,1.71,7,0.74,124,1.14,0.51,2024-06-06,159.46,0.354,4.696606102159753,262.53000000000003,-125.53000000000003,False,True,22370.73,0.5218451224621947,False
ITM11780,Pharma,39,76,4,2,11.41,3.52,0.22,L96,B,130,4.96,72.83,1.27,9,0.79,198,10.95,0.98,2024-08-03,109.58,0.593,3.418054338299737,22.82,16.18,True,False,2840.37,1.7090271691498684,False
ITM11781,Pharma,241,69,14,4,11.21,1.98,0.78,L68,B,98,1.18,41.36,1.15,4,0.99,455,11.7,0.47,2024-06-18,49.9,0.653,21.49866190900981,44.84,196.16,False,False,9967.76,5.374665477252453,False
ITM11782,Groceries,185,67,5,8,7.14,1.2,0.94,L28,A,26,2.59,81.88,1.4,2,0.8,52,12.41,0.79,2024-07-09,10.09,0.703,25.910364145658264,57.12,127.88,False,False,15147.8,3.238795518207283,False
ITM11783,Automotive,150,21,3,3,10.29,7.51,0.64,L49,A,106,3.8,23.15,1.64,5,0.83,58,9.76,0.66,2024-05-13,122.63,0.564,14.57725947521866,30.869999999999997,119.13,False,False,3472.5,4.8590864917395535,False
ITM11784,Pharma,175,97,10,2,2.56,8.05,0.67,L54,A,64,0.52,146.39,1.32,9,0.7,563,3.53,0.97,2024-10-26,95.4,0.469,68.359375,5.12,169.88,False,False,25618.249999999996,34.1796875,True
ITM11785,Apparel,203,78,8,4,34.04,4.39,0.79,L59,A,146,1.18,38.07,1.61,7,0.92,287,12.11,0.8,2024-05-30,23.54,0.604,5.963572267920094,136.16,66.84,False,False,7728.21,1.4908930669800236,False
ITM11786,Apparel,109,93,4,8,20.67,4.26,0.24,L44,A,119,0.59,64.17,0.46,4,0.82,589,13.6,0.44,2024-08-25,257.01,0.707,5.2733430091920654,165.36,-56.360000000000014,False,True,6994.53,0.6591678761490082,False
ITM11787,Electronics,113,48,10,3,28.51,9.57,0.98,L21,C,25,4.97,177.41,0.63,4,0.73,339,9.87,0.36,2024-03-01,129.13,0.607,3.9635215713784633,85.53,27.47,False,False,20047.329999999998,1.3211738571261544,False
ITM11788,Automotive,32,22,8,2,32.21,9.21,0.43,L48,C,153,3.92,112.69,0.54,2,0.99,230,4.85,0.88,2024-08-28,234.69,0.745,0.9934802856255821,64.42,-32.42,False,True,3606.08,0.49674014281279105,False
ITM11789,Pharma,480,50,9,8,48.65,2.72,0.67,L40,D,22,2.18,71.05,1.62,2,0.93,364,3.51,0.93,2024-01-28,132.39,0.617,9.86639260020555,389.2,90.80000000000001,False,False,34104.0,1.2332990750256938,False
ITM11790,Apparel,341,66,13,5,4.35,7.92,0.52,L93,C,87,1.2,114.06,0.26,7,0.92,315,4.24,0.86,2024-11-20,29.58,0.647,78.39080459770116,21.75,319.25,False,False,38894.46,15.678160919540232,True
ITM11791,Automotive,312,62,3,9,21.48,6.42,0.52,L42,B,94,0.91,51.47,1.61,0,0.99,132,1.24,0.79,2024-10-25,124.34,0.612,14.525139664804469,193.32,118.68,False,False,16058.64,1.6139044072004964,False
ITM11792,Electronics,452,21,9,7,13.05,1.97,0.73,L100,C,82,2.89,14.78,0.84,3,0.82,910,1.14,0.46,2024-10-24,266.98,0.527,34.6360153256705,91.35000000000001,360.65,False,False,6680.5599999999995,4.9480021893815,False
ITM11793,Groceries,249,22,5,7,24.36,3.89,1.0,L73,B,128,4.89,124.71,0.25,8,0.92,814,5.16,0.6,2024-11-13,12.25,0.588,10.22167487684729,170.51999999999998,78.48000000000002,False,False,31052.789999999997,1.4602392681210414,False
ITM11794,Automotive,341,83,13,3,46.1,2.19,0.69,L77,C,178,3.54,145.68,0.91,5,0.76,307,13.92,0.93,2024-02-06,269.64,0.733,7.396963123644252,138.3,202.7,False,False,49676.880000000005,2.465654374548084,False
ITM11795,Automotive,311,66,14,3,36.48,3.3,0.81,L11,A,77,2.14,177.16,0.67,5,0.91,609,9.7,0.31,2024-08-29,200.45,0.606,8.525219298245615,109.44,201.56,False,False,55096.76,2.8417397660818717,False
ITM11796,Groceries,457,49,10,8,33.44,6.35,0.12,L7,C,83,2.75,156.66,1.22,9,0.7,695,6.41,0.6,2024-04-09,298.73,0.443,13.666267942583733,267.52,189.48000000000002,False,False,71593.62,1.7082834928229667,False
ITM11797,Automotive,45,89,8,2,22.62,4.07,0.83,L20,D,108,5.0,186.07,1.0,6,0.74,861,1.15,0.48,2024-09-13,275.67,0.439,1.989389920424403,45.24,-0.240000000000002,True,True,8373.15,0.9946949602122015,False
ITM11798,Electronics,94,54,6,7,33.88,4.24,0.37,L21,A,126,2.83,197.33,0.66,6,0.83,999,14.86,0.74,2024-03-02,262.0,0.726,2.7744982290436835,237.16000000000003,-143.16000000000003,False,True,18549.02,0.39635688986338335,False
ITM11799,Electronics,475,44,13,3,2.59,5.63,0.21,L97,A,146,4.84,151.54,1.74,5,0.7,248,7.38,0.71,2024-12-14,20.88,0.506,183.3976833976834,7.77,467.23,False,False,71981.5,61.132561132561136,False
ITM11800,Groceries,383,12,10,4,29.73,1.33,0.2,L80,D,155,0.57,174.91,0.87,8,0.84,341,14.88,0.65,2024-07-14,91.27,0.649,12.882610158089472,118.92,264.08,False,False,66990.53,3.220652539522368,False
ITM11801,Pharma,443,14,11,3,28.14,7.52,0.71,L7,C,147,3.74,138.01,0.99,7,0.86,697,11.08,0.42,2024-09-28,118.68,0.565,15.74271499644634,84.42,358.58,False,False,61138.42999999999,5.247571665482114,False
ITM11802,Apparel,318,99,12,7,17.99,4.32,1.0,L87,C,124,3.32,42.48,1.71,7,0.89,132,1.72,0.33,2024-06-01,212.95,0.356,17.676486937187327,125.92999999999999,192.07,False,False,13508.64,2.5252124195981898,False
ITM11803,Pharma,169,20,4,6,10.87,5.06,0.7,L11,D,63,3.58,44.52,0.27,1,0.73,315,13.03,0.83,2024-07-30,198.11,0.839,15.547378104875806,65.22,103.78,False,False,7523.88,2.5912296841459677,False
ITM11804,Automotive,167,80,8,9,40.57,9.76,0.34,L35,A,88,3.07,30.95,0.84,6,0.75,466,8.43,0.99,2024-01-28,59.79,0.656,4.116342124722702,365.13,-198.13,False,True,5168.65,0.4573713471914113,False
ITM11805,Apparel,27,65,7,7,3.64,3.77,0.28,L57,D,24,0.7,189.17,0.87,0,0.88,919,7.34,0.34,2024-03-18,223.68,0.655,7.417582417582417,25.48,1.5199999999999996,True,False,5107.589999999999,1.0596546310832025,False
ITM11806,Groceries,48,19,7,4,4.41,6.66,0.57,L85,B,148,1.17,137.82,1.04,9,0.9,780,11.61,0.26,2024-03-11,55.13,0.503,10.884353741496598,17.64,30.36,False,False,6615.36,2.7210884353741496,False
ITM11807,Groceries,315,43,12,2,22.59,4.23,0.16,L55,B,177,4.65,160.08,0.3,7,0.71,910,11.85,0.8,2024-04-12,142.37,0.69,13.944223107569721,45.18,269.82,False,False,50425.200000000004,6.972111553784861,False
ITM11808,Apparel,493,76,13,4,13.38,9.0,0.46,L63,C,127,1.55,72.92,0.3,2,0.86,68,12.15,0.48,2024-06-24,177.83,0.76,36.846038863976084,53.52,439.48,False,False,35949.56,9.211509715994021,False
ITM11809,Electronics,433,81,5,6,37.53,8.54,0.7,L78,A,121,4.97,97.48,0.89,8,0.94,579,11.65,0.37,2024-07-28,262.5,0.568,11.537436717292833,225.18,207.82,False,False,42208.840000000004,1.9229061195488055,False
ITM11810,Apparel,228,40,14,6,32.08,2.8,0.97,L57,B,115,3.56,17.56,0.16,4,0.72,420,9.98,0.62,2024-10-18,193.08,0.705,7.107231920199502,192.48,35.52000000000001,False,False,4003.68,1.1845386533665836,False
ITM11811,Automotive,147,84,10,3,38.85,7.07,0.48,L54,D,114,2.5,178.91,0.58,6,0.82,740,10.46,0.74,2024-08-22,286.9,0.673,3.7837837837837838,116.55000000000001,30.44999999999999,False,False,26299.77,1.2612612612612613,False
ITM11812,Electronics,359,80,10,3,16.91,1.12,0.28,L35,C,56,4.64,172.07,0.48,6,0.8,72,13.02,0.37,2024-03-14,298.4,0.64,21.230041395623893,50.730000000000004,308.27,False,False,61773.13,7.076680465207964,False
ITM11813,Groceries,135,75,14,7,37.29,9.65,0.84,L28,C,127,4.08,159.11,1.03,8,0.97,434,10.67,1.0,2024-06-10,157.56,0.673,3.620273531777957,261.03,-126.02999999999997,False,True,21479.850000000002,0.5171819331111367,False
ITM11814,Apparel,458,79,7,5,43.25,3.82,0.77,L97,A,135,2.43,21.08,0.12,1,0.76,876,2.42,0.46,2024-04-02,24.93,0.644,10.589595375722544,216.25,241.75,False,False,9654.64,2.117919075144509,False
ITM11815,Pharma,163,50,10,9,17.92,8.4,0.87,L66,B,157,0.81,43.11,1.38,3,0.8,805,10.04,0.45,2024-02-11,18.21,0.586,9.095982142857142,161.28000000000003,1.7199999999999704,False,False,7026.93,1.0106646825396826,False
ITM11816,Pharma,449,72,12,4,17.65,3.53,0.29,L15,C,107,4.41,73.49,1.73,7,0.97,668,3.38,0.54,2024-09-06,258.14,0.434,25.439093484419267,70.6,378.4,False,False,32997.009999999995,6.359773371104817,False
ITM11817,Automotive,337,41,10,7,45.1,6.51,0.46,L45,D,159,3.94,59.98,1.44,4,0.8,692,1.2,0.8,2024-06-19,154.96,0.512,7.472283813747228,315.7,21.30000000000001,False,False,20213.26,1.067469116249604,False
ITM11818,Pharma,254,29,5,5,3.44,9.84,0.98,L56,B,57,4.06,169.31,1.65,4,0.86,571,4.0,0.9,2024-11-19,116.37,0.56,73.83720930232558,17.2,236.8,False,False,43004.74,14.767441860465116,True
ITM11819,Apparel,26,66,4,7,18.16,8.83,0.24,L15,C,91,3.85,47.02,1.32,2,0.71,428,3.16,0.46,2024-03-31,92.49,0.504,1.4317180616740088,127.12,-101.12,True,True,1222.52,0.20453115166771554,False
ITM11820,Apparel,483,59,11,9,6.81,2.02,0.7,L37,C,25,1.74,111.1,1.06,4,1.0,760,2.43,0.29,2024-06-09,91.72,0.504,70.9251101321586,61.29,421.71,False,False,53661.299999999996,7.880567792462066,False
ITM11821,Pharma,64,89,4,9,2.42,5.7,0.31,L87,B,142,4.36,118.56,0.52,6,0.95,866,4.01,0.4,2024-11-20,31.12,0.551,26.446280991735538,21.78,42.22,True,False,7587.84,2.9384756657483933,False
ITM11822,Apparel,462,34,11,6,6.53,3.81,0.55,L87,B,83,0.51,90.75,0.63,3,0.89,873,8.89,0.27,2024-01-30,97.87,0.628,70.75038284839204,39.18,422.82,False,False,41926.5,11.791730474732006,False
ITM11823,Automotive,258,21,6,3,22.13,4.63,0.82,L76,A,30,1.57,55.73,0.7,7,0.72,139,3.12,0.7,2024-01-03,196.99,0.516,11.65838228648893,66.39,191.61,False,False,14378.339999999998,3.8861274288296435,False
ITM11824,Electronics,459,80,14,3,34.66,3.68,0.54,L63,D,70,0.71,192.46,0.17,5,0.72,193,4.91,0.79,2024-08-19,121.71,0.65,13.242931332948645,103.97999999999999,355.02,False,False,88339.14,4.414310444316215,False
ITM11825,Automotive,451,48,4,9,15.17,3.69,0.82,L68,A,33,1.0,88.55,1.83,5,0.86,856,12.89,0.54,2024-05-20,284.87,0.569,29.72972972972973,136.53,314.47,False,False,39936.049999999996,3.3033033033033035,False
ITM11826,Automotive,174,26,12,7,42.63,5.65,0.48,L86,A,32,2.9,148.19,1.81,5,0.79,670,13.43,0.96,2024-04-17,203.77,0.648,4.081632653061225,298.41,-124.41000000000003,False,True,25785.06,0.5830903790087464,False
ITM11827,Apparel,200,54,3,9,22.44,2.32,1.0,L40,D,96,0.67,44.97,0.3,3,0.89,913,5.66,0.78,2024-03-27,260.55,0.719,8.9126559714795,201.96,-1.960000000000008,False,True,8994.0,0.9902951079421667,False
ITM11828,Electronics,234,20,6,3,48.44,5.61,0.49,L6,D,148,1.32,166.33,1.16,2,0.88,253,13.59,0.5,2024-10-22,43.11,0.701,4.830718414533444,145.32,88.68,False,False,38921.22,1.610239471511148,False
ITM11829,Apparel,107,79,11,2,47.75,3.15,0.23,L29,A,11,1.55,51.02,0.99,9,0.95,605,9.2,0.28,2024-03-22,140.65,0.49,2.2408376963350785,95.5,11.5,False,False,5459.14,1.1204188481675392,False
ITM11830,Groceries,275,32,14,7,38.89,3.25,0.46,L51,B,62,3.45,138.31,1.4,5,0.78,569,4.17,0.59,2024-09-07,22.02,0.49,7.071226536384675,272.23,2.769999999999982,False,False,38035.25,1.010175219483525,False
ITM11831,Apparel,92,79,11,6,46.69,7.52,0.77,L77,D,148,2.61,106.23,1.25,5,0.87,441,11.56,0.6,2024-02-15,269.55,0.623,1.9704433497536946,280.14,-188.14,False,True,9773.16,0.3284072249589491,False
ITM11832,Apparel,438,47,6,8,35.65,0.78,0.86,L8,A,24,2.56,37.85,0.34,1,0.93,350,13.91,0.64,2024-03-07,52.59,0.845,12.286115007012624,285.2,152.8,False,False,16578.3,1.535764375876578,False
ITM11833,Apparel,198,11,11,7,44.88,4.12,0.51,L1,B,149,3.96,14.74,1.35,9,0.85,956,10.23,0.75,2024-11-10,243.57,0.541,4.411764705882352,314.16,-116.16000000000003,False,True,2918.52,0.630252100840336,False
ITM11834,Electronics,231,95,14,7,12.59,4.37,0.64,L27,C,131,2.56,186.84,1.26,8,0.95,554,3.82,0.41,2024-08-10,277.91,0.437,18.347895154884828,88.13,142.87,False,False,43160.04,2.621127879269261,False
ITM11835,Apparel,312,93,8,3,17.93,5.11,0.86,L39,B,132,2.07,33.88,1.11,3,0.74,914,2.2,0.2,2024-11-20,138.15,0.446,17.401003904071388,53.79,258.21,False,False,10570.560000000001,5.800334634690462,False
ITM11836,Electronics,253,98,3,6,37.89,6.86,0.83,L28,A,173,4.83,143.94,0.86,3,0.92,202,4.21,0.85,2024-08-07,122.91,0.664,6.6772235418316175,227.34,25.659999999999997,False,False,36416.82,1.1128705903052696,False
ITM11837,Pharma,484,88,12,7,21.8,4.01,0.69,L99,D,101,0.54,134.01,1.91,9,0.98,578,5.74,0.86,2024-07-25,184.03,0.474,22.201834862385322,152.6,331.4,False,False,64860.84,3.1716906946264745,False
ITM11838,Groceries,258,81,8,3,42.03,2.52,0.83,L18,B,32,1.87,74.93,1.71,7,0.8,388,5.67,0.93,2024-08-07,224.7,0.511,6.138472519628836,126.09,131.91,False,False,19331.940000000002,2.0461575065429454,False
ITM11839,Electronics,242,46,11,9,44.0,8.91,0.62,L98,B,164,3.24,45.22,1.21,2,0.81,798,7.98,0.98,2024-09-01,197.23,0.703,5.5,396.0,-154.0,False,True,10943.24,0.6111111111111112,False
ITM11840,Pharma,138,58,4,4,15.69,9.82,0.1,L33,B,97,4.02,43.88,0.11,9,0.73,561,8.07,0.33,2024-07-15,10.33,0.529,8.795411089866157,62.76,75.24000000000001,False,False,6055.4400000000005,2.198852772466539,False
ITM11841,Electronics,332,61,8,6,41.35,0.69,0.14,L38,D,151,4.17,121.21,0.92,6,0.89,384,7.6,0.48,2024-01-03,237.92,0.563,8.029020556227328,248.10000000000002,83.89999999999998,False,False,40241.72,1.3381700927045548,False
ITM11842,Electronics,283,42,4,5,8.56,5.69,0.98,L42,D,108,0.71,113.92,1.43,6,0.87,558,5.81,0.88,2024-01-20,52.74,0.564,33.0607476635514,42.800000000000004,240.2,False,False,32239.36,6.612149532710281,False
ITM11843,Groceries,226,31,6,2,17.38,3.75,0.23,L16,B,36,3.69,176.43,0.32,1,0.71,105,2.5,0.95,2024-09-30,140.41,0.713,13.003452243958574,34.76,191.24,False,False,39873.18,6.501726121979287,False
ITM11844,Automotive,114,14,10,5,26.38,3.13,0.46,L1,B,30,3.74,131.6,0.87,2,0.93,605,6.86,0.21,2024-04-12,91.88,0.592,4.321455648218348,131.9,-17.900000000000006,False,True,15002.4,0.8642911296436695,False
ITM11845,Automotive,392,27,9,8,12.1,3.69,0.94,L64,A,58,1.46,165.66,0.46,3,0.95,870,14.8,0.51,2024-07-10,279.09,0.783,32.396694214876035,96.8,295.2,False,False,64938.72,4.049586776859504,False
ITM11846,Electronics,241,47,13,9,29.38,6.57,0.28,L96,D,53,1.01,16.16,0.74,1,0.97,802,10.15,0.29,2024-01-08,155.61,0.693,8.20285908781484,264.42,-23.420000000000016,False,True,3894.56,0.9114287875349822,False
ITM11847,Apparel,385,46,14,6,29.36,2.31,0.86,L56,B,53,3.87,137.49,0.15,8,0.86,980,7.16,0.83,2024-06-13,161.43,0.658,13.11307901907357,176.16,208.84,False,False,52933.65,2.185513169845595,False
ITM11848,Pharma,295,73,11,7,11.14,9.17,0.84,L23,D,137,1.62,54.4,0.34,9,0.84,600,2.17,0.8,2024-09-28,32.08,0.543,26.481149012567325,77.98,217.01999999999998,False,False,16048.0,3.783021287509618,False
ITM11849,Apparel,399,19,9,3,39.99,4.93,0.99,L17,D,179,0.51,58.04,0.96,5,0.96,179,3.99,0.8,2024-04-07,270.23,0.609,9.977494373593398,119.97,279.03,False,False,23157.96,3.325831457864466,False
ITM11850,Apparel,250,88,3,8,31.95,3.59,0.35,L49,D,32,1.51,146.91,1.81,0,0.82,147,9.05,0.51,2024-01-10,79.32,0.606,7.82472613458529,255.6,-5.599999999999994,False,True,36727.5,0.9780907668231612,False
ITM11851,Electronics,328,51,4,6,16.57,7.77,0.38,L69,A,138,0.64,160.75,1.03,0,0.9,842,7.97,0.52,2024-12-12,130.05,0.687,19.79480989740495,99.42,228.57999999999998,False,False,52726.0,3.2991349829008247,False
ITM11852,Electronics,138,57,8,2,12.38,0.66,0.91,L91,C,134,1.62,80.63,0.96,7,0.88,471,1.27,0.41,2024-01-03,295.74,0.439,11.147011308562197,24.76,113.24,False,False,11126.939999999999,5.573505654281099,False
ITM11853,Electronics,287,53,9,6,44.06,4.6,0.31,L30,D,45,2.01,160.11,1.6,5,0.81,129,2.21,0.49,2024-11-16,43.03,0.429,6.513844757149341,264.36,22.639999999999986,False,False,45951.57000000001,1.0856407928582235,False
ITM11854,Electronics,452,91,5,8,41.95,3.88,0.59,L65,D,64,1.72,94.31,0.61,9,0.73,337,5.98,0.99,2024-05-07,218.37,0.583,10.774731823599522,335.6,116.39999999999998,False,False,42628.12,1.3468414779499402,False
ITM11855,Automotive,292,96,11,3,12.26,3.71,0.74,L72,B,119,4.64,172.95,0.28,6,0.71,896,2.97,0.24,2024-04-25,85.44,0.482,23.817292006525285,36.78,255.22,False,False,50501.399999999994,7.939097335508428,False
ITM11856,Electronics,83,25,9,5,2.74,3.7,0.34,L86,D,25,1.55,14.73,0.5,5,0.83,795,14.41,0.46,2024-12-21,131.74,0.7,30.291970802919707,13.700000000000001,69.3,False,False,1222.5900000000001,6.0583941605839415,False
ITM11857,Automotive,317,63,8,4,40.42,0.8,0.94,L46,C,98,2.6,25.86,1.6,1,0.84,895,1.48,0.83,2024-06-25,131.28,0.574,7.842652152399801,161.68,155.32,False,False,8197.619999999999,1.9606630380999504,False
ITM11858,Automotive,369,44,8,5,31.16,1.95,0.7,L10,D,27,4.81,157.51,1.39,2,0.95,218,14.64,0.51,2024-06-08,280.35,0.708,11.842105263157894,155.8,213.2,False,False,58121.189999999995,2.3684210526315788,False
ITM11859,Electronics,432,37,3,3,5.94,1.85,0.14,L51,A,47,4.46,128.58,0.27,7,0.82,128,10.19,0.96,2024-03-07,13.01,0.725,72.72727272727272,17.82,414.18,False,False,55546.560000000005,24.24242424242424,False
ITM11860,Groceries,422,11,7,8,29.78,9.89,0.22,L95,B,29,1.89,116.21,1.37,3,0.78,120,6.7,0.47,2024-02-22,116.49,0.542,14.170584284754868,238.24,183.76,False,False,49040.619999999995,1.7713230355943586,False
ITM11861,Pharma,30,22,12,3,23.16,0.71,0.27,L6,C,28,1.97,126.66,1.87,7,0.84,312,8.55,0.88,2024-07-15,257.2,0.531,1.2953367875647668,69.48,-39.480000000000004,False,True,3799.7999999999997,0.4317789291882556,False
ITM11862,Apparel,117,50,5,9,38.95,2.09,0.32,L56,A,22,3.17,186.74,0.19,2,0.77,761,6.74,0.85,2024-09-14,274.05,0.755,3.00385109114249,350.55,-233.55,False,True,21848.58,0.33376123234916555,False
ITM11863,Automotive,453,89,9,2,11.25,9.75,0.76,L3,C,26,4.63,134.55,1.27,1,0.73,772,9.02,0.21,2024-10-28,100.28,0.561,40.266666666666666,22.5,430.5,False,False,60951.15000000001,20.133333333333333,False
ITM11864,Pharma,90,68,12,6,23.2,6.47,0.18,L59,B,39,0.54,133.02,0.82,6,0.73,579,3.13,0.52,2024-06-05,80.17,0.49,3.8793103448275863,139.2,-49.19999999999999,False,True,11971.800000000001,0.646551724137931,False
ITM11865,Groceries,383,78,5,9,8.66,4.78,0.42,L10,D,52,2.27,154.3,1.05,0,0.8,834,2.68,0.42,2024-03-26,143.77,0.575,44.226327944572745,77.94,305.06,False,False,59096.9,4.91403643828586,False
ITM11866,Apparel,77,62,7,6,47.92,1.25,0.92,L41,B,57,4.32,174.66,1.1,2,0.7,259,8.4,0.58,2024-02-03,226.29,0.618,1.6068447412353923,287.52,-210.51999999999998,False,True,13448.82,0.2678074568725654,False
ITM11867,Apparel,309,54,9,5,39.16,6.86,0.6,L74,B,52,2.35,59.76,1.56,1,0.77,166,2.0,0.57,2024-01-24,54.67,0.519,7.890704800817161,195.79999999999998,113.20000000000002,False,False,18465.84,1.5781409601634322,False
ITM11868,Automotive,270,29,5,8,37.1,1.81,0.34,L55,D,102,3.74,127.18,1.16,4,0.94,665,5.09,0.92,2024-06-01,237.5,0.644,7.277628032345013,296.8,-26.80000000000001,False,True,34338.6,0.9097035040431266,False
ITM11869,Electronics,295,33,12,4,34.82,6.88,0.96,L74,A,123,3.61,120.96,1.23,1,0.77,126,13.98,0.35,2024-05-28,158.68,0.667,8.472142446869615,139.28,155.72,False,False,35683.2,2.1180356117174037,False
ITM11870,Groceries,69,70,4,4,21.74,9.8,0.32,L52,C,75,1.42,35.62,0.73,9,0.73,364,13.27,0.35,2024-08-21,50.83,0.54,3.173873045078197,86.96,-17.959999999999994,True,True,2457.7799999999997,0.7934682612695493,False
ITM11871,Automotive,377,67,8,2,46.24,5.55,0.91,L91,A,128,2.52,108.86,0.34,4,0.98,60,12.64,0.29,2024-09-23,204.81,0.709,8.15311418685121,92.48,284.52,False,False,41040.22,4.076557093425605,False
ITM11872,Groceries,235,36,10,3,4.57,2.53,0.75,L82,D,62,3.05,23.21,1.4,2,0.89,942,8.1,0.79,2024-11-01,192.18,0.664,51.42231947483588,13.71,221.29,False,False,5454.35,17.140773158278627,False
ITM11873,Electronics,413,35,6,2,40.36,6.44,0.77,L54,C,81,3.72,45.14,0.1,8,0.72,100,1.39,0.93,2024-09-25,190.49,0.579,10.232903865213082,80.72,332.28,False,False,18642.82,5.116451932606541,False
ITM11874,Electronics,435,16,11,6,11.55,5.37,0.79,L38,D,87,4.2,183.46,0.72,9,0.72,56,2.7,0.49,2024-06-21,228.89,0.426,37.66233766233766,69.30000000000001,365.7,False,False,79805.1,6.2770562770562774,False
ITM11875,Automotive,71,51,14,7,16.88,5.56,0.56,L15,A,171,3.92,32.66,0.51,8,0.88,972,13.87,0.25,2024-08-10,62.55,0.6,4.206161137440758,118.16,-47.16,False,True,2318.8599999999997,0.6008801624915369,False
ITM11876,Electronics,290,56,14,7,26.45,5.04,0.83,L52,B,83,0.63,119.99,0.84,7,0.86,598,12.71,0.32,2024-12-17,212.27,0.581,10.964083175803403,185.15,104.85,False,False,34797.1,1.5662975965433432,False
ITM11877,Pharma,103,62,10,7,39.35,6.9,0.85,L3,C,81,3.52,71.46,0.69,4,0.72,310,6.27,0.28,2024-03-09,267.32,0.535,2.6175349428208383,275.45,-172.45,False,True,7360.379999999999,0.3739335632601198,False
ITM11878,Apparel,406,68,9,3,42.09,5.93,0.42,L42,D,22,2.74,115.51,1.44,9,0.77,623,11.21,0.67,2024-06-24,163.79,0.513,9.645996673794249,126.27000000000001,279.73,False,False,46897.060000000005,3.215332224598083,False
ITM11879,Automotive,312,47,9,2,29.6,9.88,0.46,L22,C,68,3.08,54.64,0.59,6,0.98,561,12.96,0.43,2024-09-07,150.95,0.676,10.54054054054054,59.2,252.8,False,False,17047.68,5.27027027027027,False
ITM11880,Groceries,145,78,5,9,20.75,8.35,0.9,L80,C,41,2.18,94.43,1.17,1,0.87,249,9.68,0.92,2024-07-02,241.36,0.75,6.9879518072289155,186.75,-41.75,False,True,13692.35,0.7764390896921017,False
ITM11881,Pharma,315,96,8,8,47.38,3.01,0.57,L59,A,92,3.71,174.79,0.97,2,0.83,379,12.95,0.33,2024-04-06,52.41,0.668,6.648374841705361,379.04,-64.04000000000002,False,True,55058.85,0.8310468552131701,False
ITM11882,Automotive,91,62,7,5,13.08,7.39,0.88,L89,B,129,3.53,81.48,1.62,1,0.78,139,4.43,0.94,2024-03-25,108.85,0.621,6.957186544342508,65.4,25.599999999999994,False,False,7414.68,1.3914373088685017,False
ITM11883,Electronics,315,24,3,6,40.35,2.54,0.66,L47,C,63,3.11,77.08,0.91,9,0.74,640,7.47,0.47,2024-07-25,257.6,0.471,7.806691449814126,242.10000000000002,72.89999999999998,False,False,24280.2,1.3011152416356877,False
ITM11884,Electronics,255,35,13,7,30.99,7.93,0.63,L12,A,11,4.38,94.76,1.74,0,0.82,104,9.11,0.89,2024-01-10,154.93,0.689,8.228460793804453,216.92999999999998,38.07000000000002,False,False,24163.800000000003,1.1754943991149218,False
ITM11885,Electronics,75,57,5,8,19.47,1.9,0.13,L56,C,127,0.96,29.09,0.1,2,0.98,961,9.84,0.96,2024-04-26,253.73,0.869,3.852080123266564,155.76,-80.75999999999999,False,True,2181.75,0.4815100154083205,False
ITM11886,Electronics,426,28,14,4,1.07,5.0,0.35,L14,B,46,1.85,83.6,1.25,3,0.71,270,14.82,0.99,2024-04-24,83.04,0.753,398.1308411214953,4.28,421.72,False,False,35613.6,99.53271028037382,False
ITM11887,Groceries,379,18,3,9,22.88,8.01,0.55,L32,C,106,2.73,11.31,0.12,8,1.0,141,12.84,0.84,2024-03-08,122.98,0.767,16.564685314685317,205.92,173.08,False,False,4286.49,1.8405205905205908,False
ITM11888,Pharma,414,73,6,2,14.56,3.16,0.63,L56,B,112,4.81,105.65,1.46,1,0.76,635,1.77,0.28,2024-04-18,248.85,0.466,28.434065934065934,29.12,384.88,False,False,43739.100000000006,14.217032967032967,True
ITM11889,Apparel,129,63,12,6,6.11,8.45,0.67,L76,A,123,0.82,171.11,0.55,8,0.82,105,3.37,0.24,2024-01-12,57.41,0.442,21.112929623567922,36.660000000000004,92.34,False,False,22073.190000000002,3.518821603927987,False
ITM11890,Groceries,211,60,5,6,4.68,6.62,0.74,L52,A,170,2.02,114.89,0.82,0,0.71,793,10.2,0.79,2024-10-28,269.49,0.754,45.085470085470085,28.08,182.92000000000002,False,False,24241.79,7.514245014245014,False
ITM11891,Groceries,411,48,13,4,18.03,4.28,0.69,L68,B,10,4.67,125.47,0.82,8,0.88,228,4.37,0.92,2024-09-15,99.86,0.576,22.795341098169715,72.12,338.88,False,False,51568.17,5.698835274542429,False
ITM11892,Apparel,112,13,6,9,31.12,4.52,0.86,L11,B,137,4.54,15.81,1.71,5,0.85,991,3.23,0.33,2024-03-27,292.08,0.408,3.5989717223650386,280.08,-168.07999999999998,False,True,1770.72,0.3998857469294487,False
ITM11893,Apparel,369,12,11,4,42.04,9.3,0.37,L51,A,112,4.39,173.31,0.29,7,0.9,110,10.33,0.95,2024-03-04,250.04,0.739,8.777354900095148,168.16,200.84,False,False,63951.39,2.194338725023787,False
ITM11894,Electronics,75,73,5,4,9.99,2.57,0.68,L40,B,165,1.89,83.15,1.37,2,0.86,921,8.51,0.69,2024-07-06,142.12,0.646,7.5075075075075075,39.96,35.04,False,False,6236.25,1.8768768768768769,False
ITM11895,Groceries,79,38,14,7,21.81,7.09,0.15,L96,B,154,4.31,195.22,1.96,7,0.82,166,12.27,0.3,2024-12-30,225.25,0.452,3.622191655204035,152.67,-73.66999999999999,False,True,15422.38,0.5174559507434335,False
ITM11896,Automotive,157,20,8,9,20.21,7.22,0.53,L44,D,66,2.77,32.89,0.14,8,0.92,639,5.47,0.33,2024-11-29,171.03,0.549,7.76843146956952,181.89000000000001,-24.890000000000015,False,True,5163.7300000000005,0.863159052174391,False
ITM11897,Apparel,58,67,8,7,26.16,9.26,0.34,L29,C,79,3.29,189.49,1.94,6,0.71,285,5.62,0.25,2024-01-20,257.44,0.353,2.217125382262997,183.12,-125.12,True,True,10990.42,0.31673219746614245,False
ITM11898,Apparel,47,84,9,2,40.67,7.28,0.44,L43,A,53,1.57,130.52,0.13,3,0.86,82,3.11,0.31,2024-07-11,160.25,0.602,1.1556429800835997,81.34,-34.34,True,True,6134.4400000000005,0.5778214900417998,False
ITM11899,Pharma,68,36,11,4,28.13,6.05,0.42,L100,A,150,3.68,19.94,1.7,5,0.73,616,10.13,0.79,2024-11-23,296.52,0.569,2.417348027017419,112.52,-44.519999999999996,False,True,1355.92,0.6043370067543548,False
ITM11900,Automotive,439,30,14,5,42.49,9.07,0.15,L22,D,85,1.97,194.62,1.93,5,0.83,292,10.92,0.38,2024-05-10,48.72,0.495,10.331842786538008,212.45000000000002,226.54999999999998,False,False,85438.18000000001,2.0663685573076016,False
ITM11901,Automotive,144,48,9,6,26.41,8.38,0.52,L10,B,167,2.05,12.64,1.99,1,0.94,835,2.94,0.65,2024-09-30,206.18,0.538,5.452480121166225,158.46,-14.460000000000008,False,True,1820.16,0.9087466868610375,False
ITM11902,Apparel,32,55,3,9,30.59,7.31,1.0,L66,B,94,3.37,148.83,0.97,1,0.74,957,4.56,0.78,2024-11-15,81.24,0.648,1.0460934946060805,275.31,-243.31,True,True,4762.56,0.11623261051178672,False
ITM11903,Electronics,499,75,10,4,22.43,0.81,0.37,L82,B,75,1.58,179.01,1.75,4,0.98,123,3.16,0.92,2024-01-25,65.46,0.567,22.24699063753901,89.72,409.28,False,False,89325.98999999999,5.561747659384753,False
ITM11904,Pharma,55,45,7,9,41.33,4.05,0.76,L15,A,62,1.51,43.4,0.33,0,0.97,70,11.47,0.67,2024-10-31,128.39,0.848,1.330752480038713,371.96999999999997,-316.96999999999997,False,True,2387.0,0.1478613866709681,False
ITM11905,Automotive,120,84,11,6,46.27,6.5,0.59,L68,D,27,2.16,75.24,0.91,4,0.82,914,3.93,0.66,2024-01-25,116.56,0.577,2.5934730927166627,277.62,-157.62,False,True,9028.8,0.4322455154527771,False
ITM11906,Apparel,301,91,12,3,32.32,5.46,0.39,L66,C,37,4.0,116.63,0.69,9,0.7,762,3.13,0.93,2024-12-04,23.44,0.519,9.313118811881187,96.96000000000001,204.04,False,False,35105.63,3.104372937293729,False
ITM11907,Automotive,105,74,14,8,41.22,3.53,0.18,L25,D,141,1.51,139.16,0.85,2,0.94,203,1.98,0.44,2024-02-25,134.04,0.577,2.547307132459971,329.76,-224.76,False,True,14611.8,0.3184133915574964,False
ITM11908,Pharma,23,72,7,3,3.89,1.87,0.29,L100,A,51,4.04,175.66,1.43,2,0.96,303,12.64,0.36,2024-11-30,286.06,0.65,5.912596401028278,11.67,11.33,True,False,4040.18,1.9708654670094259,False
ITM11909,Pharma,242,44,7,4,45.4,5.75,0.8,L45,C,135,3.63,154.6,0.27,7,0.75,256,2.74,0.9,2024-01-11,145.39,0.6,5.330396475770925,181.6,60.400000000000006,False,False,37413.2,1.3325991189427313,False
ITM11910,Groceries,357,40,14,6,10.26,3.22,0.35,L45,B,126,3.56,79.03,2.0,2,0.97,198,1.42,0.26,2024-01-25,97.53,0.425,34.7953216374269,61.56,295.44,False,False,28213.71,5.799220272904484,False
ITM11911,Apparel,467,37,14,8,13.57,2.71,0.23,L94,D,143,2.64,166.13,1.31,2,0.97,967,1.9,0.35,2024-12-19,285.23,0.518,34.4141488577745,108.56,358.44,False,False,77582.70999999999,4.301768607221812,False
ITM11912,Pharma,185,10,4,3,3.61,4.29,0.4,L83,D,111,3.86,193.55,1.76,0,0.84,744,6.14,0.53,2024-02-29,156.66,0.58,51.24653739612189,10.83,174.17,False,False,35806.75,17.08217913204063,False
ITM11913,Groceries,402,34,14,4,48.3,7.96,0.63,L19,A,146,0.56,53.13,1.68,7,0.94,351,9.35,0.49,2024-08-01,93.26,0.503,8.322981366459627,193.2,208.8,False,False,21358.260000000002,2.080745341614907,False
ITM11914,Groceries,363,52,13,6,42.75,5.13,0.73,L31,D,157,1.88,24.08,1.56,9,0.83,346,6.57,0.76,2024-08-15,237.07,0.47,8.491228070175438,256.5,106.5,False,False,8741.039999999999,1.4152046783625731,False
ITM11915,Automotive,402,93,5,4,45.75,2.56,0.45,L14,C,47,3.56,91.06,0.17,9,0.87,540,7.38,0.27,2024-07-13,74.85,0.529,8.78688524590164,183.0,219.0,False,False,36606.12,2.19672131147541,False
ITM11916,Automotive,395,76,12,7,42.51,1.61,0.55,L19,D,59,4.94,177.47,1.08,5,0.8,822,13.87,0.58,2024-03-04,81.85,0.653,9.291931310279935,297.57,97.43,False,False,70100.65,1.3274187586114192,False
ITM11917,Groceries,490,72,11,6,24.5,5.24,0.51,L33,A,69,0.51,38.56,0.72,7,0.75,93,11.62,0.85,2024-10-07,104.06,0.663,20.0,147.0,343.0,False,False,18894.4,3.3333333333333335,False
ITM11918,Automotive,297,60,9,3,46.28,8.05,0.11,L26,D,150,2.79,178.3,0.31,2,0.92,193,5.77,0.75,2024-05-09,124.48,0.74,6.417458945548833,138.84,158.16,False,False,52955.100000000006,2.139152981849611,False
ITM11919,Pharma,149,11,3,4,48.5,6.7,0.46,L23,C,128,4.66,198.52,0.75,5,0.7,293,3.16,0.71,2024-08-30,179.03,0.549,3.0721649484536084,194.0,-45.0,False,True,29579.480000000003,0.7680412371134021,False
ITM11920,Electronics,50,91,5,9,25.63,2.71,0.63,L78,C,108,4.39,20.26,1.33,1,0.87,468,11.49,0.39,2024-12-25,159.43,0.652,1.9508388607101055,230.67,-180.67,True,True,1013.0000000000001,0.21675987341223393,False
ITM11921,Pharma,394,73,14,3,9.61,4.65,0.61,L20,A,103,0.6,104.1,0.54,2,0.96,566,9.03,0.51,2024-03-19,225.68,0.72,40.998959417273674,28.83,365.17,False,False,41015.399999999994,13.666319805757892,False
ITM11922,Groceries,30,83,4,4,33.27,8.62,0.77,L98,B,179,2.88,72.49,0.94,3,0.77,111,14.47,0.34,2024-04-15,217.98,0.661,0.9017132551848511,133.08,-103.08000000000001,True,True,2174.7,0.22542831379621278,False
ITM11923,Groceries,495,78,3,9,48.8,2.19,0.7,L98,A,77,0.52,84.8,0.87,8,0.8,907,13.72,0.61,2024-12-21,23.21,0.618,10.14344262295082,439.2,55.80000000000001,False,False,41976.0,1.1270491803278688,False
ITM11924,Pharma,321,18,11,9,43.74,5.55,0.35,L84,B,162,4.05,95.81,0.2,3,0.88,587,8.89,0.67,2024-12-17,48.83,0.749,7.338820301783264,393.66,-72.66000000000003,False,True,30755.010000000002,0.8154244779759182,False
ITM11925,Automotive,115,11,10,2,43.23,3.88,0.33,L10,C,168,1.89,150.54,1.29,6,0.77,366,1.98,0.7,2024-11-18,72.41,0.471,2.660189683090447,86.46,28.540000000000006,False,False,17312.1,1.3300948415452234,False
ITM11926,Automotive,209,43,7,9,46.76,1.68,0.52,L23,D,149,3.95,122.35,1.28,7,0.95,484,1.43,0.9,2024-01-05,183.32,0.521,4.469632164242943,420.84,-211.83999999999997,False,True,25571.149999999998,0.49662579602699364,False
ITM11927,Groceries,472,69,13,3,44.8,0.97,0.76,L99,D,73,4.75,192.63,1.94,4,0.81,886,12.73,0.25,2024-06-03,269.63,0.508,10.535714285714286,134.39999999999998,337.6,False,False,90921.36,3.5119047619047623,False
ITM11928,Apparel,211,70,14,3,39.04,5.78,0.18,L81,C,88,4.89,73.23,0.67,1,0.87,745,10.77,0.51,2024-08-03,104.22,0.733,5.404713114754099,117.12,93.88,False,False,15451.53,1.8015710382513663,False
ITM11929,Automotive,285,40,4,5,36.2,0.7,0.95,L64,A,62,4.52,112.89,0.9,7,0.77,867,8.84,0.67,2024-12-04,289.49,0.576,7.87292817679558,181.0,104.0,False,False,32173.65,1.5745856353591159,False
ITM11930,Pharma,443,19,3,8,13.97,1.48,0.59,L60,D,35,1.42,164.53,0.87,4,0.71,430,10.64,0.66,2024-02-21,60.13,0.649,31.710808876163206,111.76,331.24,False,False,72886.79,3.9638511095204008,False
ITM11931,Automotive,147,85,9,7,31.45,3.8,0.38,L97,A,147,1.38,80.88,1.85,4,0.75,85,8.56,0.22,2024-12-05,278.17,0.443,4.674085850556439,220.15,-73.15,False,True,11889.359999999999,0.6677265500794913,False
ITM11932,Pharma,257,45,13,3,26.55,0.91,0.72,L73,D,149,3.32,98.41,0.88,6,0.71,969,9.1,0.35,2024-09-23,242.29,0.525,9.679849340866289,79.65,177.35,False,False,25291.37,3.2266164469554295,False
ITM11933,Groceries,427,94,13,6,43.24,4.3,0.14,L98,B,159,2.95,140.15,0.94,5,0.84,591,4.16,0.88,2024-05-18,122.82,0.605,9.875115633672525,259.44,167.56,False,False,59844.05,1.6458526056120875,False
ITM11934,Automotive,374,58,4,8,25.09,1.74,0.54,L75,D,30,0.54,173.54,0.58,2,0.88,630,7.38,0.61,2024-11-14,69.83,0.698,14.906337186129932,200.72,173.28,False,False,64903.96,1.8632921482662415,False
ITM11935,Pharma,447,79,3,9,7.26,3.82,0.54,L58,B,172,2.26,88.98,0.1,6,0.71,281,1.16,0.53,2024-11-06,123.47,0.533,61.570247933884296,65.34,381.65999999999997,False,False,39774.060000000005,6.841138659320477,False
ITM11936,Groceries,131,58,4,4,1.24,8.02,0.25,L88,D,80,4.58,111.07,0.31,0,0.73,737,10.36,0.92,2024-12-24,71.98,0.837,105.64516129032258,4.96,126.04,False,False,14550.169999999998,26.411290322580644,False
ITM11937,Apparel,335,12,9,2,34.22,6.45,0.85,L73,D,91,4.54,195.27,1.44,3,0.85,839,5.65,0.26,2024-03-11,172.73,0.493,9.789596727060198,68.44,266.56,False,False,65415.450000000004,4.894798363530099,False
ITM11938,Pharma,465,83,9,6,27.95,4.73,0.82,L83,D,164,1.42,18.07,1.4,3,0.94,82,10.19,0.94,2024-08-02,176.7,0.712,16.636851520572453,167.7,297.3,False,False,8402.55,2.7728085867620753,False
ITM11939,Apparel,362,14,12,8,17.22,1.37,0.24,L82,D,69,2.22,95.16,0.71,5,0.89,630,13.97,0.22,2024-02-23,232.77,0.637,21.02206736353078,137.76,224.24,False,False,34447.92,2.6277584204413476,False
ITM11940,Apparel,164,99,8,6,9.28,6.38,0.43,L80,D,108,3.02,130.84,1.0,5,0.73,401,9.28,0.65,2024-09-18,163.08,0.6,17.67241379310345,55.67999999999999,108.32000000000001,False,False,21457.760000000002,2.9454022988505746,False
ITM11941,Electronics,84,70,7,6,23.87,2.06,0.19,L42,A,56,4.34,11.6,0.67,9,0.97,304,5.59,0.64,2024-11-12,110.09,0.55,3.5190615835777126,143.22,-59.22,False,True,974.4,0.5865102639296188,False
ITM11942,Automotive,266,94,5,6,5.91,1.23,0.86,L81,B,152,2.89,123.39,1.49,7,0.98,99,3.9,0.71,2024-03-01,274.36,0.501,45.008460236886634,35.46,230.54,False,False,32821.74,7.501410039481105,False
ITM11943,Pharma,242,99,14,8,17.47,6.81,0.39,L41,B,33,4.86,20.68,1.7,0,0.8,72,4.52,0.22,2024-05-24,32.62,0.494,13.852318259874071,139.76,102.24000000000001,False,False,5004.5599999999995,1.7315397824842589,False
ITM11944,Apparel,498,35,5,2,19.58,9.16,0.5,L20,D,19,4.1,172.94,1.81,6,0.88,303,14.82,0.62,2024-02-28,244.55,0.597,25.4341164453524,39.16,458.84000000000003,False,False,86124.12,12.7170582226762,False
ITM11945,Electronics,332,81,13,9,23.82,4.88,0.39,L57,A,129,4.79,163.35,0.43,3,0.85,443,9.62,0.29,2024-02-24,128.78,0.653,13.937867338371117,214.38,117.62,False,False,54232.2,1.5486519264856797,False
ITM11946,Groceries,458,14,14,5,23.86,0.89,0.38,L9,A,161,3.79,16.13,1.42,5,0.98,725,7.17,0.32,2024-09-11,62.52,0.514,19.19530595138307,119.3,338.7,False,False,7387.54,3.839061190276614,False
ITM11947,Pharma,125,24,11,7,13.59,8.86,0.77,L61,C,97,4.45,19.27,1.93,9,0.85,931,4.23,0.37,2024-04-11,44.9,0.327,9.19793966151582,95.13,29.870000000000005,False,False,2408.75,1.3139913802165457,False
ITM11948,Apparel,200,25,6,9,42.66,1.14,0.77,L57,C,113,4.24,153.19,1.34,8,0.99,322,11.82,0.69,2024-11-07,74.02,0.6,4.688232536333802,383.93999999999994,-183.93999999999994,False,True,30638.0,0.5209147262593113,False
ITM11949,Automotive,203,10,11,3,18.42,8.74,0.57,L81,A,133,1.64,80.21,0.77,2,0.76,742,6.42,0.51,2024-04-12,45.37,0.623,11.020629750271443,55.260000000000005,147.74,False,False,16282.63,3.6735432500904808,False
ITM11950,Electronics,245,25,6,8,12.25,4.22,0.69,L39,C,43,1.53,119.25,1.31,7,0.8,908,5.22,0.27,2024-05-14,143.09,0.413,20.0,98.0,147.0,False,False,29216.25,2.5,False
ITM11951,Apparel,284,46,4,6,9.61,3.97,0.56,L36,B,50,4.39,61.36,1.41,2,0.93,299,4.11,0.43,2024-09-24,111.41,0.546,29.5525494276795,57.66,226.34,False,False,17426.24,4.9254249046132506,False
ITM11952,Automotive,297,12,6,9,16.81,5.66,0.13,L76,A,177,0.88,42.86,0.85,5,0.94,286,3.6,0.26,2024-04-13,113.41,0.503,17.668054729327782,151.29,145.71,False,False,12729.42,1.9631171921475312,False
ITM11953,Apparel,416,61,8,3,4.31,9.59,0.16,L8,C,20,2.34,66.25,0.3,1,0.92,953,4.83,0.73,2024-07-02,55.49,0.744,96.51972157772623,12.93,403.07,False,False,27560.0,32.173240525908746,False
ITM11954,Pharma,108,56,8,8,2.61,9.04,0.45,L46,A,10,4.19,56.88,1.25,8,0.96,281,9.78,0.65,2024-12-26,201.33,0.567,41.37931034482759,20.88,87.12,False,False,6143.04,5.172413793103448,False
ITM11955,Pharma,195,22,7,3,30.65,4.97,0.77,L65,C,167,4.16,95.18,1.62,1,0.91,477,4.36,0.53,2024-07-28,186.26,0.564,6.362153344208809,91.94999999999999,103.05000000000001,False,False,18560.100000000002,2.1207177814029365,False
ITM11956,Pharma,37,89,3,6,31.34,7.11,0.92,L10,A,91,1.12,151.87,2.0,4,0.89,683,1.85,0.94,2024-05-31,294.86,0.511,1.1805998723675815,188.04,-151.04,True,True,5619.1900000000005,0.1967666453945969,False
ITM11957,Electronics,390,64,5,5,26.95,6.01,0.13,L40,D,35,2.69,115.28,0.52,5,0.84,291,6.03,0.61,2024-03-23,58.62,0.618,14.471243042671615,134.75,255.25,False,False,44959.2,2.894248608534323,False
ITM11958,Pharma,479,30,7,8,38.35,7.09,0.43,L60,B,62,2.66,125.74,1.43,3,0.84,183,9.19,0.91,2024-01-21,251.86,0.67,12.490221642764014,306.8,172.2,False,False,60229.46,1.5612777053455018,False
ITM11959,Automotive,443,75,8,3,2.92,8.38,0.3,L58,C,134,1.96,99.31,0.15,6,0.82,120,1.84,0.66,2024-10-07,19.82,0.586,151.7123287671233,8.76,434.24,False,False,43994.33,50.57077625570776,True
ITM11960,Apparel,420,63,3,4,46.86,0.83,0.83,L5,D,18,4.63,71.7,1.94,6,0.89,907,7.34,0.5,2024-09-11,31.26,0.462,8.962868117797695,187.44,232.56,False,False,30114.0,2.240717029449424,False
ITM11961,Groceries,418,36,11,3,5.66,3.59,0.86,L8,A,18,3.44,37.27,0.12,6,0.82,514,1.73,0.63,2024-04-16,197.93,0.581,73.85159010600707,16.98,401.02,False,False,15578.86,24.617196702002357,True
ITM11962,Automotive,125,47,5,7,34.03,9.61,0.29,L48,D,138,4.91,77.37,0.78,6,0.74,470,11.75,0.32,2024-12-18,127.88,0.571,3.673229503379371,238.21,-113.21000000000001,False,True,9671.25,0.5247470719113387,False
ITM11963,Automotive,290,99,12,6,7.54,9.52,0.74,L37,B,68,0.8,136.39,0.25,9,0.73,359,13.21,0.74,2024-09-03,76.85,0.665,38.46153846153846,45.24,244.76,False,False,39553.1,6.41025641025641,False
ITM11964,Pharma,482,67,5,2,44.12,0.61,0.76,L10,C,115,2.27,149.42,1.28,9,0.98,328,14.49,0.99,2024-06-18,10.8,0.679,10.924750679963736,88.24,393.76,False,False,72020.43999999999,5.462375339981868,False
ITM11965,Electronics,338,71,13,3,26.02,2.41,0.26,L83,C,134,4.26,99.14,0.75,8,0.71,268,10.68,0.4,2024-04-30,202.31,0.529,12.990007686395082,78.06,259.94,False,False,33509.32,4.3300025621316935,False
ITM11966,Apparel,186,55,4,5,5.03,9.94,0.49,L12,A,25,2.4,132.55,1.49,1,0.73,746,9.85,0.46,2024-01-02,137.85,0.6,36.97813121272365,25.150000000000002,160.85,False,False,24654.300000000003,7.395626242544731,False
ITM11967,Electronics,32,98,10,4,31.22,5.18,0.66,L79,B,47,1.68,50.0,1.02,4,0.83,356,10.72,0.52,2024-01-07,59.53,0.631,1.0249839846252402,124.88,-92.88,True,True,1600.0,0.25624599615631005,False
ITM11968,Apparel,356,20,5,4,1.45,5.94,0.12,L77,D,148,4.99,173.41,0.9,9,0.78,363,12.97,0.59,2024-12-09,291.94,0.577,245.51724137931035,5.8,350.2,False,False,61733.96,61.37931034482759,False
ITM11969,Apparel,51,81,8,2,39.03,2.08,0.46,L65,A,162,4.43,174.53,0.76,8,0.82,452,12.3,0.78,2024-02-15,111.74,0.648,1.306687163720215,78.06,-27.060000000000002,True,True,8901.03,0.6533435818601075,False
ITM11970,Electronics,412,17,4,9,32.88,9.0,0.24,L50,C,68,2.96,70.86,0.26,1,0.74,972,7.14,0.31,2024-02-26,97.89,0.659,12.530413625304135,295.92,116.07999999999998,False,False,29194.32,1.3922681805893484,False
ITM11971,Automotive,59,80,9,7,11.42,2.7,0.59,L60,D,38,3.03,114.07,0.49,2,0.74,778,10.12,0.44,2024-10-20,157.99,0.682,5.166374781085814,79.94,-20.939999999999998,True,True,6730.129999999999,0.7380535401551163,False
ITM11972,Apparel,167,73,6,2,19.36,2.3,0.86,L75,A,177,0.53,125.27,1.31,6,0.94,537,3.27,0.63,2024-12-08,90.39,0.507,8.62603305785124,38.72,128.28,False,False,20920.09,4.31301652892562,False
ITM11973,Electronics,237,30,11,7,1.38,2.67,0.57,L71,D,17,4.91,99.76,1.04,8,0.93,842,10.73,0.67,2024-09-09,89.1,0.599,171.73913043478262,9.66,227.34,False,False,23643.120000000003,24.534161490683232,False
ITM11974,Apparel,238,81,12,3,34.99,9.24,0.13,L95,D,107,4.13,183.12,0.23,2,0.73,454,11.23,0.63,2024-03-17,290.22,0.759,6.801943412403544,104.97,133.03,False,False,43582.56,2.2673144708011814,False
ITM11975,Groceries,488,72,11,6,16.81,7.18,0.13,L6,A,143,0.67,150.55,1.13,9,0.9,428,12.22,0.55,2024-02-16,85.73,0.56,29.030339083878644,100.85999999999999,387.14,False,False,73468.40000000001,4.838389847313107,False
ITM11976,Automotive,101,94,9,5,29.01,7.8,0.64,L58,D,118,1.29,137.78,0.2,7,0.88,330,12.45,0.77,2024-09-18,185.59,0.736,3.48155808341951,145.05,-44.05000000000001,False,True,13915.78,0.6963116166839021,False
ITM11977,Pharma,352,73,14,4,47.88,4.08,0.4,L74,D,117,4.19,108.82,1.07,7,0.91,686,7.16,0.36,2024-02-08,20.86,0.502,7.351712614870509,191.52,160.48,False,False,38304.64,1.8379281537176273,False
ITM11978,Apparel,227,29,10,2,15.67,9.14,0.62,L84,B,158,0.89,26.12,1.93,3,0.84,740,13.65,0.43,2024-02-21,54.76,0.583,14.48627951499681,31.34,195.66,False,False,5929.24,7.243139757498405,False
ITM11979,Groceries,220,17,5,5,49.52,8.0,0.25,L25,B,66,4.74,30.49,0.68,5,0.78,376,14.73,0.56,2024-05-11,16.4,0.696,4.44264943457189,247.60000000000002,-27.600000000000023,False,True,6707.799999999999,0.888529886914378,False
ITM11980,Pharma,466,67,13,7,32.0,7.63,0.8,L42,C,85,5.0,66.81,1.47,7,0.9,84,14.69,0.76,2024-11-25,165.0,0.641,14.5625,224.0,242.0,False,False,31133.460000000003,2.080357142857143,False
ITM11981,Pharma,351,55,7,6,12.86,9.72,0.87,L78,B,122,4.49,50.19,1.52,8,0.81,119,9.2,0.27,2024-04-28,152.57,0.427,27.293934681181963,77.16,273.84000000000003,False,False,17616.69,4.548989113530327,False
ITM11982,Apparel,447,40,4,4,22.4,3.98,0.9,L61,A,15,3.83,190.98,0.87,1,0.77,409,8.83,0.29,2024-08-21,105.97,0.623,19.955357142857142,89.6,357.4,False,False,85368.06,4.988839285714286,False
ITM11983,Electronics,57,18,12,4,37.28,6.3,0.37,L65,D,133,2.69,87.86,1.23,0,0.82,739,7.4,0.83,2024-05-31,213.08,0.706,1.528969957081545,149.12,-92.12,False,True,5008.0199999999995,0.38224248927038623,False
ITM11984,Apparel,230,24,9,7,22.88,9.14,0.69,L20,C,143,0.87,176.56,1.0,4,0.93,960,5.2,0.41,2024-05-15,191.48,0.557,10.052447552447553,160.16,69.84,False,False,40608.8,1.4360639360639362,False
ITM11985,Groceries,463,35,10,6,4.36,8.01,0.35,L8,B,62,3.79,165.44,0.64,9,0.84,457,5.67,0.97,2024-08-25,184.1,0.594,106.19266055045871,26.160000000000004,436.84,False,False,76598.72,17.698776758409785,False
ITM11986,Pharma,346,19,11,4,9.26,5.85,0.79,L58,D,141,2.29,164.39,1.53,2,0.79,610,4.02,0.97,2024-01-26,107.51,0.613,37.36501079913607,37.04,308.96,False,False,56878.939999999995,9.341252699784018,False
ITM11987,Apparel,268,38,13,6,39.77,1.22,0.21,L14,A,18,3.07,50.98,1.44,5,0.95,629,14.38,0.75,2024-02-21,104.87,0.688,6.738747799849132,238.62,29.379999999999995,False,False,13662.64,1.1231246333081886,False
ITM11988,Electronics,246,89,13,4,32.77,6.7,0.79,L44,D,78,1.82,94.99,1.81,0,0.96,568,9.68,0.77,2024-03-30,263.3,0.694,7.506866036008543,131.08,114.91999999999999,False,False,23367.539999999997,1.8767165090021358,False
ITM11989,Apparel,67,45,9,3,28.92,5.5,0.5,L92,A,83,1.59,70.41,1.27,3,0.83,655,14.08,0.72,2024-01-21,167.75,0.711,2.316735822959889,86.76,-19.760000000000005,False,True,4717.469999999999,0.772245274319963,False
ITM11990,Automotive,37,93,12,7,9.21,2.25,0.87,L11,D,120,1.96,194.38,0.84,5,0.81,433,6.42,0.34,2024-05-28,88.95,0.532,4.017372421281216,64.47,-27.47,True,True,7192.0599999999995,0.5739103458973166,False
ITM11991,Electronics,419,46,12,6,42.05,8.88,0.77,L65,C,96,4.16,176.58,1.46,1,0.88,130,5.17,0.6,2024-07-03,167.53,0.599,9.964328180737219,252.29999999999998,166.70000000000002,False,False,73987.02,1.6607213634562032,False
ITM11992,Groceries,458,95,10,5,48.08,3.76,0.44,L83,C,13,2.42,57.49,1.28,7,0.72,487,2.86,0.83,2024-12-12,87.36,0.48,9.525790349417637,240.39999999999998,217.60000000000002,False,False,26330.420000000002,1.9051580698835273,False
ITM11993,Pharma,314,80,14,9,3.0,4.18,0.91,L23,B,46,1.9,69.57,1.27,3,0.91,299,5.2,0.82,2024-06-09,63.74,0.628,104.66666666666667,27.0,287.0,False,False,21844.98,11.62962962962963,False
ITM11994,Apparel,215,32,11,3,4.82,6.89,0.36,L6,B,80,2.45,110.49,1.71,1,0.93,87,13.46,0.92,2024-08-06,91.83,0.758,44.6058091286307,14.46,200.54,False,False,23755.35,14.8686030428769,False
ITM11995,Electronics,206,50,8,8,44.35,5.14,0.97,L32,D,15,0.65,62.94,1.83,0,0.82,911,9.15,0.92,2024-02-29,192.38,0.687,4.644870349492672,354.8,-148.8,False,True,12965.64,0.580608793686584,False
ITM11996,Automotive,364,89,14,5,40.96,1.35,0.79,L91,D,60,4.51,166.66,0.44,7,0.75,94,7.33,0.41,2024-02-18,159.59,0.546,8.88671875,204.8,159.2,False,False,60664.24,1.77734375,False
ITM11997,Electronics,243,37,14,7,31.28,4.18,0.99,L57,B,108,2.98,165.65,0.7,9,0.71,408,8.96,0.78,2024-01-24,57.71,0.567,7.768542199488491,218.96,24.039999999999992,False,False,40252.950000000004,1.10979174278407,False
ITM11998,Automotive,337,57,12,4,47.3,1.4,0.15,L57,B,105,0.97,147.62,1.34,0,0.89,186,13.5,0.72,2024-01-05,273.29,0.768,7.1247357293868925,189.2,147.8,False,False,49747.94,1.7811839323467231,False
ITM11999,Groceries,416,47,4,8,32.68,2.31,0.35,L68,D,151,1.8,140.97,1.16,6,0.78,872,3.7,0.91,2024-03-11,154.51,0.551,12.729498164014688,261.44,154.56,False,False,58643.52,1.591187270501836,False
ITM12000,Pharma,384,40,4,5,11.58,0.57,0.77,L67,D,20,4.93,113.99,1.34,6,0.84,869,14.52,0.35,2024-12-05,240.18,0.578,33.16062176165803,57.9,326.1,False,False,43772.159999999996,6.632124352331606,False
ITM12001,Groceries,356,23,6,3,36.7,2.22,0.93,L79,D,19,3.17,75.95,0.92,5,0.82,510,10.33,0.79,2024-11-27,105.9,0.668,9.700272479564031,110.10000000000001,245.89999999999998,False,False,27038.2,3.233424159854677,False
ITM12002,Apparel,248,82,11,8,32.64,3.64,0.13,L21,C,22,1.81,169.02,0.88,7,0.75,416,12.97,0.54,2024-03-28,287.69,0.603,7.598039215686274,261.12,-13.120000000000005,False,True,41916.96,0.9497549019607843,False
ITM12003,Electronics,409,97,9,8,49.3,5.61,0.1,L47,A,130,2.42,173.18,0.32,9,0.85,354,8.36,0.52,2024-06-17,228.11,0.573,8.296146044624747,394.4,14.600000000000023,False,False,70830.62000000001,1.0370182555780934,False
ITM12004,Automotive,486,86,4,6,11.48,9.23,0.33,L48,A,171,1.66,19.41,1.28,0,0.84,278,4.31,0.23,2024-07-02,141.81,0.543,42.33449477351916,68.88,417.12,False,False,9433.26,7.05574912891986,False
ITM12005,Automotive,96,99,10,2,30.3,5.63,0.87,L37,B,69,0.64,85.74,0.43,0,0.89,232,8.94,0.97,2024-08-12,271.66,0.848,3.168316831683168,60.6,35.4,True,False,8231.039999999999,1.584158415841584,False
ITM12006,Electronics,207,38,13,5,39.23,7.2,0.79,L50,C,14,4.29,15.06,1.37,0,0.78,516,1.95,0.74,2024-11-14,218.07,0.593,5.276574050471578,196.14999999999998,10.850000000000023,False,False,3117.42,1.0553148100943157,False
ITM12007,Electronics,365,60,9,2,17.61,3.9,0.41,L53,D,169,1.82,169.5,1.94,5,0.76,887,12.93,0.67,2024-05-17,134.85,0.564,20.726859738784782,35.22,329.78,False,False,61867.5,10.363429869392391,False
ITM12008,Apparel,289,58,11,7,19.6,7.64,0.1,L100,D,21,4.27,43.65,0.59,6,0.94,253,10.09,0.4,2024-02-17,292.5,0.624,14.744897959183673,137.20000000000002,151.79999999999998,False,False,12614.85,2.1064139941690962,False
ITM12009,Groceries,114,52,10,5,44.51,6.39,0.6,L44,B,150,2.65,138.03,0.37,9,0.91,672,4.96,0.73,2024-07-09,96.58,0.577,2.561222197259043,222.54999999999998,-108.54999999999998,False,True,15735.42,0.5122444394518086,False
ITM12010,Automotive,329,81,5,5,20.81,4.87,0.31,L87,B,94,1.32,77.9,0.15,8,0.93,948,4.84,0.96,2024-06-24,84.41,0.668,15.809706871696301,104.05,224.95,False,False,25629.100000000002,3.16194137433926,False
ITM12011,Apparel,151,96,3,6,31.61,2.34,0.77,L77,C,126,4.11,165.05,0.82,9,0.74,117,13.64,0.33,2024-04-03,269.45,0.534,4.776969313508384,189.66,-38.66,False,True,24922.550000000003,0.7961615522513973,False
ITM12012,Groceries,58,14,4,4,44.57,3.38,0.5,L7,A,131,2.2,106.84,0.51,4,0.77,918,12.77,0.99,2024-02-28,215.14,0.791,1.3013237603769352,178.28,-120.28,False,True,6196.72,0.3253309400942338,False
ITM12013,Apparel,91,51,4,3,11.28,6.4,0.71,L81,A,50,3.68,71.64,1.03,0,0.87,599,11.68,0.54,2024-07-24,110.2,0.735,8.067375886524824,33.839999999999996,57.160000000000004,False,False,6519.24,2.6891252955082745,False
ITM12014,Automotive,300,16,6,3,49.11,4.55,0.87,L83,D,57,4.27,71.54,1.1,8,0.96,759,6.81,0.98,2024-07-23,77.22,0.609,6.108735491753207,147.32999999999998,152.67000000000002,False,False,21462.000000000004,2.036245163917736,False
ITM12015,Electronics,352,51,8,3,35.4,8.95,0.58,L43,B,60,4.83,72.12,0.76,4,0.97,354,13.22,0.71,2024-08-21,61.63,0.756,9.943502824858758,106.19999999999999,245.8,False,False,25386.24,3.314500941619586,False
ITM12016,Electronics,179,45,6,9,25.31,2.73,0.4,L9,C,127,0.89,159.83,1.52,5,0.95,653,4.46,0.46,2024-05-19,100.91,0.489,7.072303437376531,227.79,-48.78999999999999,False,True,28609.570000000003,0.7858114930418368,False
ITM12017,Groceries,206,36,11,7,22.12,1.19,0.79,L43,D,105,0.54,145.11,1.82,8,0.71,825,1.34,0.5,2024-07-16,46.41,0.318,9.312839059674502,154.84,51.16,False,False,29892.660000000003,1.3304055799535004,False
ITM12018,Pharma,210,67,6,8,47.76,6.1,0.34,L13,A,85,2.97,70.65,0.5,1,0.95,804,7.06,0.43,2024-12-19,52.15,0.7,4.396984924623116,382.08,-172.07999999999998,False,True,14836.500000000002,0.5496231155778895,False
ITM12019,Groceries,441,55,8,4,11.08,8.92,0.9,L72,A,55,1.69,103.14,1.69,2,0.97,677,13.87,0.47,2024-09-01,235.22,0.664,39.8014440433213,44.32,396.68,False,False,45484.74,9.950361010830324,False
ITM12020,Pharma,139,75,8,2,16.27,3.97,0.16,L87,C,109,2.61,24.47,0.35,6,0.72,144,9.0,0.72,2024-08-03,28.49,0.653,8.543331284572833,32.54,106.46000000000001,False,False,3401.33,4.2716656422864165,False
ITM12021,Apparel,239,34,12,3,16.08,6.65,0.85,L50,D,47,0.83,167.23,0.53,2,0.82,774,4.21,0.21,2024-11-28,137.39,0.569,14.863184079601991,48.239999999999995,190.76,False,False,39967.97,4.954394693200664,False
ITM12022,Apparel,72,82,13,9,15.16,2.7,0.18,L37,C,101,2.76,60.53,1.17,1,0.86,295,10.11,0.97,2024-03-26,127.45,0.764,4.74934036939314,136.44,-64.44,True,True,4358.16,0.5277044854881267,False
ITM12023,Automotive,241,36,12,2,23.96,5.81,0.15,L33,D,150,1.06,178.95,0.68,6,0.77,734,11.43,0.81,2024-02-27,288.46,0.68,10.058430717863105,47.92,193.07999999999998,False,False,43126.95,5.029215358931553,False
ITM12024,Pharma,470,10,3,4,49.47,7.97,0.43,L93,A,159,4.27,123.39,0.18,7,0.86,846,8.7,0.95,2024-03-08,145.01,0.72,9.500707499494643,197.88,272.12,False,False,57993.3,2.375176874873661,False
ITM12025,Automotive,431,96,10,7,44.55,8.74,0.96,L85,B,139,3.92,117.89,0.66,8,0.97,128,12.8,0.77,2024-12-22,56.65,0.693,9.674523007856342,311.84999999999997,119.15000000000003,False,False,50810.590000000004,1.3820747154080488,False
ITM12026,Electronics,150,83,14,4,17.07,1.5,0.99,L78,B,102,0.83,40.92,1.82,1,0.96,482,9.29,0.58,2024-01-31,35.64,0.63,8.787346221441124,68.28,81.72,False,False,6138.0,2.196836555360281,False
ITM12027,Pharma,256,51,5,6,21.72,3.89,0.28,L20,A,86,4.26,23.21,0.43,1,0.98,329,2.34,0.35,2024-03-22,222.41,0.634,11.786372007366483,130.32,125.68,False,False,5941.76,1.9643953345610805,False
ITM12028,Groceries,265,61,8,8,33.8,6.58,0.23,L43,B,22,1.96,115.0,1.55,6,0.85,710,12.33,0.61,2024-02-23,52.84,0.581,7.840236686390533,270.4,-5.399999999999977,False,True,30475.0,0.9800295857988166,False
ITM12029,Electronics,245,34,5,3,1.84,0.83,0.42,L11,B,66,2.09,98.92,1.47,3,0.82,418,3.05,0.77,2024-08-01,282.02,0.552,133.15217391304347,5.5200000000000005,239.48,False,False,24235.4,44.38405797101449,True
ITM12030,Electronics,227,63,13,7,41.19,7.06,0.4,L75,D,171,1.31,32.74,0.3,4,0.9,328,13.36,0.88,2024-10-29,172.17,0.824,5.5110463704782715,288.33,-61.329999999999984,False,True,7431.9800000000005,0.7872923386397531,False
ITM12031,Groceries,425,76,4,6,44.11,5.52,0.78,L85,C,156,4.26,168.76,0.73,0,0.83,400,8.31,0.46,2024-09-04,126.49,0.696,9.635003400589436,264.65999999999997,160.34000000000003,False,False,71723.0,1.6058339000982393,False
ITM12032,Electronics,115,15,7,3,43.0,3.24,0.5,L19,D,146,2.32,89.28,0.46,5,0.71,275,11.25,0.61,2024-10-18,208.46,0.668,2.6744186046511627,129.0,-14.0,False,True,10267.2,0.8914728682170542,False
ITM12033,Pharma,441,67,3,4,19.38,8.24,0.8,L45,C,125,0.72,59.49,0.14,9,0.92,973,14.61,0.7,2024-12-13,67.69,0.725,22.75541795665635,77.52,363.48,False,False,26235.09,5.688854489164087,False
ITM12034,Automotive,219,79,11,4,23.64,3.26,0.77,L40,C,104,4.85,159.77,0.43,7,0.78,977,7.05,0.67,2024-08-12,120.85,0.601,9.263959390862944,94.56,124.44,False,False,34989.630000000005,2.315989847715736,False
ITM12035,Electronics,266,62,13,9,1.61,9.92,0.62,L84,B,170,1.65,183.48,0.48,0,0.71,455,7.44,0.24,2024-04-02,19.69,0.641,165.2173913043478,14.49,251.51,False,False,48805.68,18.357487922705314,False
ITM12036,Pharma,91,75,9,5,20.57,8.26,0.85,L90,C,164,4.71,68.13,0.42,1,0.71,495,12.56,0.59,2024-11-08,264.53,0.765,4.423918327661643,102.85,-11.849999999999994,False,True,6199.83,0.8847836655323287,False
ITM12037,Apparel,337,67,5,5,23.56,7.23,0.28,L85,C,139,1.86,157.43,0.27,6,0.98,372,2.54,0.85,2024-07-13,133.32,0.653,14.303904923599323,117.8,219.2,False,False,53053.91,2.8607809847198644,False
ITM12038,Pharma,204,91,6,4,45.44,1.08,0.25,L51,A,88,4.24,133.98,1.1,1,0.78,679,1.39,0.84,2024-07-02,230.06,0.613,4.48943661971831,181.76,22.24000000000001,False,False,27331.92,1.1223591549295775,False
ITM12039,Automotive,25,96,8,4,44.81,9.09,0.78,L17,C,66,3.49,198.05,0.71,8,0.83,122,9.46,0.61,2024-11-09,275.89,0.583,0.557911180540058,179.24,-154.24,True,True,4951.25,0.1394777951350145,False
ITM12040,Pharma,225,11,5,2,48.34,8.01,0.32,L77,A,104,4.38,48.76,1.83,5,0.99,567,3.35,0.96,2024-01-15,199.31,0.552,4.654530409598676,96.68,128.32,False,False,10971.0,2.327265204799338,False
ITM12041,Groceries,51,85,14,9,44.37,2.68,0.1,L91,D,66,4.89,192.53,0.46,4,0.84,370,4.58,0.86,2024-12-16,118.97,0.675,1.149425287356322,399.33,-348.33,True,True,9819.03,0.1277139208173691,False
ITM12042,Automotive,118,31,9,8,1.4,4.23,0.92,L11,B,153,4.42,69.9,1.25,6,0.72,71,14.67,0.79,2024-03-07,189.66,0.653,84.28571428571429,11.2,106.8,False,False,8248.2,10.535714285714286,False
ITM12043,Apparel,413,46,8,2,32.43,3.05,0.66,L40,C,116,2.32,88.27,1.81,9,0.87,228,10.14,0.61,2024-09-04,114.5,0.47,12.735121800801727,64.86,348.14,False,False,36455.509999999995,6.367560900400863,False
ITM12044,Groceries,406,29,11,8,4.34,9.85,0.5,L72,A,88,4.17,78.18,0.19,7,0.73,757,12.98,0.67,2024-09-06,174.52,0.694,93.54838709677419,34.72,371.28,False,False,31741.08,11.693548387096774,False
ITM12045,Pharma,275,33,14,6,14.36,8.61,0.75,L49,D,143,3.7,61.01,1.08,8,0.73,158,13.57,0.38,2024-02-27,135.33,0.535,19.15041782729805,86.16,188.84,False,False,16777.75,3.191736304549675,False
ITM12046,Automotive,206,93,7,5,29.34,9.34,0.4,L83,D,23,0.78,141.71,0.96,5,0.96,421,2.7,0.63,2024-07-29,53.46,0.558,7.021131561008862,146.7,59.30000000000001,False,False,29192.260000000002,1.4042263122017724,False
ITM12047,Apparel,95,74,6,5,35.33,7.99,0.96,L43,D,36,4.68,121.94,1.86,4,0.79,746,13.99,0.62,2024-08-13,236.23,0.603,2.6889329181998303,176.64999999999998,-81.64999999999998,False,True,11584.3,0.537786583639966,False
ITM12048,Groceries,196,74,5,9,33.08,4.84,0.16,L17,A,47,2.6,68.08,1.36,6,0.9,505,13.13,0.36,2024-01-24,153.96,0.571,5.925030229746071,297.71999999999997,-101.71999999999997,False,True,13343.68,0.6583366921940078,False
ITM12049,Apparel,334,90,12,4,3.4,2.45,0.68,L86,A,156,1.11,35.12,0.76,1,0.85,616,1.63,0.96,2024-02-02,65.14,0.688,98.23529411764706,13.6,320.4,False,False,11730.08,24.558823529411764,True
ITM12050,Pharma,306,10,3,4,6.08,2.48,0.8,L90,B,174,2.41,70.3,1.45,7,0.77,278,14.68,0.4,2024-05-13,268.63,0.545,50.328947368421055,24.32,281.68,False,False,21511.8,12.582236842105264,False
ITM12051,Apparel,368,12,5,6,7.3,1.94,0.52,L95,C,136,3.21,82.43,1.21,3,0.86,987,7.42,0.28,2024-12-01,257.43,0.546,50.41095890410959,43.8,324.2,False,False,30334.24,8.401826484018265,False
ITM12052,Electronics,274,55,5,7,5.48,5.69,0.78,L88,D,13,3.08,82.32,0.76,0,0.72,997,14.64,0.57,2024-06-09,172.06,0.777,49.99999999999999,38.36,235.64,False,False,22555.679999999997,7.1428571428571415,False
ITM12053,Groceries,344,64,9,7,9.73,9.24,0.93,L68,B,67,3.09,77.88,1.59,2,0.8,580,12.53,0.75,2024-01-07,291.39,0.678,35.35457348406989,68.11,275.89,False,False,26790.719999999998,5.050653354867127,False
ITM12054,Apparel,209,84,9,9,34.74,9.92,0.77,L12,A,146,1.65,19.26,1.37,8,0.86,413,7.16,0.36,2024-12-26,278.88,0.442,6.016119746689695,312.66,-103.66000000000003,False,True,4025.34,0.6684577496321883,False
ITM12055,Pharma,327,97,14,7,41.71,3.23,0.38,L83,B,122,3.35,98.17,0.11,3,0.77,946,8.16,0.35,2024-12-13,270.13,0.662,7.839846559578039,291.97,35.02999999999997,False,False,32101.59,1.1199780799397199,False
ITM12056,Pharma,364,95,3,5,21.03,7.12,0.61,L86,D,177,4.58,168.88,1.74,9,0.9,474,4.85,0.41,2024-09-25,48.65,0.373,17.308606752258676,105.15,258.85,False,False,61472.32,3.461721350451735,False
ITM12057,Apparel,146,73,5,2,34.95,6.17,0.92,L55,D,152,2.25,44.27,0.85,9,0.72,265,7.82,0.44,2024-10-22,95.44,0.471,4.177396280400572,69.9,76.1,False,False,6463.42,2.088698140200286,False
ITM12058,Pharma,444,54,10,7,10.8,5.14,0.5,L66,B,13,3.34,37.67,1.33,2,0.85,97,2.5,0.4,2024-10-16,128.96,0.51,41.11111111111111,75.60000000000001,368.4,False,False,16725.48,5.873015873015873,False
ITM12059,Automotive,306,35,11,3,48.69,6.82,0.71,L47,D,61,1.6,99.65,0.85,3,0.91,514,13.72,0.58,2024-04-24,251.25,0.736,6.284658040665435,146.07,159.93,False,False,30492.9,2.094886013555145,False
ITM12060,Automotive,273,86,9,9,18.15,4.03,0.52,L3,A,155,0.72,80.41,1.77,2,0.83,721,10.98,0.21,2024-12-08,262.66,0.537,15.041322314049587,163.35,109.65,False,False,21951.93,1.6712580348943986,False
ITM12061,Automotive,232,74,9,6,42.45,9.47,0.21,L47,D,108,3.14,116.64,1.34,2,0.96,995,12.27,0.27,2024-06-22,227.93,0.636,5.465253239104829,254.70000000000002,-22.700000000000017,False,True,27060.48,0.9108755398508048,False
ITM12062,Electronics,269,33,14,7,47.32,7.2,0.15,L40,C,178,0.71,189.94,1.2,1,0.89,959,8.44,0.78,2024-09-22,147.0,0.707,5.684699915469146,331.24,-62.24000000000001,False,True,51093.86,0.8120999879241637,False
ITM12063,Apparel,103,83,13,3,43.37,7.66,0.96,L24,C,102,3.76,154.57,1.96,5,0.99,322,2.76,0.53,2024-09-24,56.95,0.445,2.3749135347014065,130.10999999999999,-27.109999999999985,False,True,15920.71,0.7916378449004688,False
ITM12064,Electronics,402,44,10,7,4.29,2.8,0.65,L28,D,126,3.52,140.54,0.63,9,0.79,657,8.52,0.49,2024-12-18,20.21,0.527,93.7062937062937,30.03,371.97,False,False,56497.079999999994,13.386613386613387,False
ITM12065,Pharma,425,33,8,2,32.87,2.1,0.19,L44,B,13,2.16,89.03,0.22,5,0.98,79,5.61,0.21,2024-12-24,212.8,0.591,12.929723151810162,65.74,359.26,False,False,37837.75,6.464861575905081,False
ITM12066,Electronics,407,37,13,2,6.88,4.25,0.87,L99,D,94,2.35,64.6,1.08,9,0.88,682,1.14,0.44,2024-11-12,298.3,0.391,59.156976744186046,13.76,393.24,False,False,26292.199999999997,29.578488372093023,True
ITM12067,Pharma,32,89,5,7,1.28,7.78,0.57,L63,C,176,4.63,112.65,0.91,3,0.92,928,9.61,0.86,2024-02-18,110.19,0.733,25.0,8.96,23.04,True,False,3604.8,3.5714285714285716,False
ITM12068,Pharma,64,25,3,9,3.54,9.42,0.79,L25,A,16,0.56,178.23,0.96,7,0.97,996,12.95,0.47,2024-08-09,174.93,0.625,18.07909604519774,31.86,32.14,False,False,11406.72,2.0087884494664157,False
ITM12069,Groceries,146,68,9,9,45.89,4.56,0.21,L29,C,134,3.03,176.58,1.28,5,0.87,915,10.95,0.97,2024-12-04,245.07,0.686,3.1815210285465243,413.01,-267.01,False,True,25780.68,0.3535023365051694,False
ITM12070,Automotive,445,90,3,3,45.51,7.85,0.92,L18,D,160,4.66,94.65,1.27,7,0.96,239,4.13,0.51,2024-05-07,64.08,0.482,9.77807075368051,136.53,308.47,False,False,42119.25,3.2593569178935033,False
ITM12071,Pharma,133,63,3,6,12.07,4.97,0.63,L20,D,94,4.61,56.78,0.85,5,0.86,201,12.47,0.57,2024-09-03,250.57,0.667,11.019055509527755,72.42,60.58,False,False,7551.74,1.836509251587959,False
ITM12072,Groceries,452,88,11,3,27.81,3.3,0.76,L10,B,72,3.13,52.82,1.74,8,0.88,425,5.33,0.84,2024-06-26,191.35,0.481,16.25314635023373,83.42999999999999,368.57,False,False,23874.64,5.41771545007791,False
ITM12073,Automotive,295,25,12,6,47.8,7.52,0.13,L38,D,132,2.22,16.46,1.34,2,0.83,304,4.06,0.99,2024-12-05,175.26,0.644,6.171548117154812,286.79999999999995,8.200000000000045,False,False,4855.7,1.0285913528591353,False
ITM12074,Pharma,224,24,9,7,25.34,8.08,0.38,L13,D,178,0.95,170.11,1.79,2,0.74,752,14.46,0.5,2024-12-12,231.06,0.622,8.839779005524862,177.38,46.620000000000005,False,False,38104.64,1.2628255722178374,False
ITM12075,Pharma,356,20,13,6,20.29,2.43,0.34,L65,A,98,1.28,60.32,1.83,1,0.87,703,1.23,0.3,2024-11-24,79.88,0.447,17.545588960078856,121.74,234.26,False,False,21473.920000000002,2.9242648266798095,False
ITM12076,Electronics,457,74,6,4,24.68,3.4,0.95,L99,A,104,3.56,78.21,0.42,9,0.99,807,3.35,0.62,2024-07-16,188.29,0.545,18.517017828200974,98.72,358.28,False,False,35741.969999999994,4.629254457050243,False
ITM12077,Electronics,439,88,8,5,39.72,5.2,0.27,L70,A,128,0.57,163.75,1.39,5,0.94,83,7.54,0.67,2024-03-17,79.71,0.584,11.052366565961732,198.6,240.4,False,False,71886.25,2.210473313192346,False
ITM12078,Automotive,404,99,3,8,24.39,2.27,0.74,L95,B,53,4.48,32.8,0.7,6,0.92,236,3.34,0.97,2024-10-12,62.07,0.633,16.564165641656416,195.12,208.88,False,False,13251.199999999999,2.070520705207052,False
ITM12079,Pharma,418,77,9,5,39.38,9.32,0.14,L68,B,111,3.15,97.63,1.69,6,0.89,928,3.34,0.53,2024-11-09,190.77,0.44,10.614525139664805,196.9,221.1,False,False,40809.34,2.122905027932961,False
ITM12080,Apparel,480,52,14,2,22.15,6.12,0.28,L5,C,54,0.7,33.24,1.49,4,0.8,498,9.88,0.27,2024-01-28,88.09,0.517,21.670428893905193,44.3,435.7,False,False,15955.2,10.835214446952596,False
ITM12081,Electronics,292,78,8,4,13.35,1.65,0.4,L85,B,126,1.58,93.95,0.48,5,0.75,135,12.47,0.72,2024-01-06,217.17,0.712,21.872659176029963,53.4,238.6,False,False,27433.4,5.468164794007491,False
ITM12082,Automotive,427,22,6,5,17.0,2.25,0.82,L44,A,60,3.17,18.96,1.88,6,0.77,722,10.26,0.22,2024-11-25,159.2,0.427,25.11764705882353,85.0,342.0,False,False,8095.92,5.023529411764706,False
ITM12083,Pharma,77,19,9,7,4.81,9.57,0.81,L99,B,74,0.66,108.35,1.4,1,0.7,925,2.42,0.54,2024-03-21,211.54,0.52,16.008316008316008,33.669999999999995,43.330000000000005,False,False,8342.949999999999,2.286902286902287,False
ITM12084,Pharma,347,84,5,6,25.37,7.51,0.96,L80,D,63,4.01,161.18,1.9,9,0.9,167,13.54,0.53,2024-09-15,268.57,0.497,13.67757193535672,152.22,194.78,False,False,55929.46,2.2795953225594534,False
ITM12085,Apparel,238,91,3,6,8.26,7.48,0.93,L17,B,81,4.64,138.5,0.48,6,0.94,672,13.92,0.4,2024-08-28,50.09,0.686,28.8135593220339,49.56,188.44,False,False,32963.0,4.80225988700565,False
ITM12086,Automotive,128,50,6,3,40.77,1.19,0.17,L77,D,129,4.83,106.74,1.75,0,0.78,107,4.93,0.97,2024-09-10,29.35,0.641,3.1395634044640666,122.31,5.689999999999998,False,False,13662.72,1.0465211348213554,False
ITM12087,Pharma,298,59,5,3,21.61,9.01,0.85,L49,C,177,3.8,167.46,1.37,5,0.73,67,8.74,0.52,2024-03-25,125.98,0.53,13.789912077741787,64.83,233.17000000000002,False,False,49903.08,4.5966373592472625,False
ITM12088,Electronics,193,96,3,9,38.49,4.72,0.51,L20,D,152,4.36,53.28,1.15,7,0.8,928,7.79,0.92,2024-02-08,217.85,0.593,5.014289425824889,346.41,-153.41000000000003,False,True,10283.04,0.5571432695360987,False
ITM12089,Apparel,347,80,4,6,47.77,6.77,0.88,L21,A,28,3.25,167.85,1.66,0,0.79,920,10.36,0.61,2024-09-08,266.98,0.652,7.2639732049403385,286.62,60.379999999999995,False,False,58243.95,1.2106622008233898,False
ITM12090,Automotive,283,68,13,9,42.62,9.62,0.18,L24,C,19,2.56,62.51,1.3,0,0.84,189,14.69,0.86,2024-06-13,20.09,0.806,6.64007508212107,383.58,-100.57999999999998,False,True,17690.329999999998,0.7377861202356745,False
ITM12091,Apparel,334,48,7,7,47.62,1.45,0.84,L89,C,25,3.71,78.87,1.37,5,0.78,507,14.81,0.56,2024-05-03,239.96,0.628,7.013859722805544,333.34,0.660000000000025,False,False,26342.58,1.001979960400792,False
ITM12092,Electronics,493,12,10,6,28.83,5.08,0.24,L99,C,168,1.51,34.4,0.58,4,0.8,755,8.13,0.99,2024-06-18,31.87,0.728,17.100242802636142,172.98,320.02,False,False,16959.2,2.8500404671060235,False
ITM12093,Automotive,130,85,3,3,9.1,0.97,0.4,L80,A,117,0.99,29.33,1.65,2,0.97,691,2.29,0.71,2024-05-22,178.37,0.562,14.285714285714286,27.299999999999997,102.7,False,False,3812.8999999999996,4.761904761904762,False
ITM12094,Apparel,206,16,6,5,46.83,5.25,0.13,L22,D,25,3.93,187.1,1.34,9,0.8,261,5.68,0.32,2024-01-26,109.79,0.386,4.398889600683323,234.14999999999998,-28.149999999999977,False,True,38542.6,0.8797779201366647,False
ITM12095,Groceries,288,58,6,9,43.56,2.9,0.21,L93,C,89,4.81,46.1,1.7,9,0.94,535,6.79,0.21,2024-09-16,15.12,0.371,6.611570247933884,392.04,-104.04000000000002,False,True,13276.800000000001,0.7346189164370982,False
ITM12096,Electronics,442,35,7,9,43.36,9.16,0.5,L57,A,37,3.1,73.33,0.77,6,0.89,845,8.48,0.94,2024-04-24,38.16,0.682,10.193726937269373,390.24,51.75999999999999,False,False,32411.86,1.1326363263632637,False
ITM12097,Electronics,248,42,9,2,34.97,4.29,0.84,L6,C,157,2.67,110.54,0.73,6,0.8,169,14.45,0.75,2024-10-08,112.58,0.71,7.091792965398914,69.94,178.06,False,False,27413.920000000002,3.545896482699457,False
ITM12098,Electronics,175,57,14,3,31.62,6.52,0.8,L53,C,172,2.9,76.09,0.15,6,0.95,940,4.67,0.29,2024-11-25,286.59,0.575,5.534471853257432,94.86,80.14,False,False,13315.75,1.8448239510858107,False
ITM12099,Groceries,492,88,10,7,1.72,8.67,0.31,L47,A,18,2.65,175.33,1.56,5,0.88,603,8.51,0.79,2024-07-12,54.9,0.591,286.04651162790697,12.04,479.96,False,False,86262.36,40.86378737541528,False
ITM12100,Groceries,208,11,8,9,37.65,9.85,0.24,L87,B,113,2.49,181.14,0.73,3,0.7,52,5.07,0.38,2024-07-25,88.87,0.551,5.52456839309429,338.84999999999997,-130.84999999999997,False,True,37677.119999999995,0.6138409325660322,False
ITM12101,Pharma,291,80,3,5,5.49,5.29,0.45,L93,C,147,4.76,71.94,0.72,8,0.72,993,13.87,0.85,2024-04-30,298.3,0.667,53.005464480874316,27.450000000000003,263.55,False,False,20934.54,10.601092896174864,False
ITM12102,Apparel,394,41,9,5,13.73,4.83,0.89,L31,B,54,2.66,27.49,1.41,8,0.93,278,14.86,0.69,2024-02-10,149.38,0.621,28.696285506190822,68.65,325.35,False,False,10831.06,5.739257101238165,False
ITM12103,Pharma,21,13,5,5,28.02,1.22,0.18,L57,C,118,0.86,49.93,0.58,6,0.83,278,13.19,0.3,2024-08-23,86.05,0.624,0.7494646680942184,140.1,-119.1,False,True,1048.53,0.14989293361884368,False
ITM12104,Apparel,265,29,8,4,23.13,0.62,0.59,L79,B,152,3.94,100.13,1.83,6,0.82,392,5.74,0.26,2024-08-15,188.62,0.39,11.456982274102897,92.52,172.48000000000002,False,False,26534.449999999997,2.864245568525724,False
ITM12105,Groceries,229,45,10,4,1.77,6.28,0.18,L37,D,39,2.26,64.81,1.12,7,0.74,190,4.89,0.57,2024-10-20,136.45,0.475,129.37853107344634,7.08,221.92,False,False,14841.49,32.344632768361585,False
ITM12106,Groceries,420,41,9,8,41.38,1.12,0.52,L97,B,57,3.7,96.16,1.94,4,0.75,106,7.04,0.95,2024-08-17,258.91,0.56,10.14983083615273,331.04,88.95999999999998,False,False,40387.2,1.2687288545190913,False
ITM12107,Pharma,305,37,12,5,44.06,4.11,0.21,L96,B,177,3.11,154.15,0.25,8,0.94,265,11.47,0.65,2024-02-15,12.31,0.686,6.922378574670903,220.3,84.69999999999999,False,False,47015.75,1.3844757149341806,False
ITM12108,Automotive,378,86,8,9,34.41,0.53,0.17,L58,B,100,3.71,89.92,0.74,5,0.95,692,1.13,0.81,2024-09-12,299.07,0.593,10.985178727114212,309.68999999999994,68.31000000000006,False,False,33989.76,1.2205754141238012,False
ITM12109,Pharma,32,10,11,7,27.51,6.34,0.27,L30,B,100,0.78,47.43,0.82,6,0.87,163,14.93,0.58,2024-08-16,29.23,0.687,1.1632133769538349,192.57000000000002,-160.57000000000002,False,True,1517.76,0.16617333956483354,False
ITM12110,Apparel,115,69,11,6,48.08,4.54,0.33,L69,D,83,0.65,78.01,1.49,6,0.79,752,13.37,0.51,2024-06-10,165.77,0.569,2.391846921797005,288.48,-173.48000000000002,False,True,8971.150000000001,0.3986411536328342,False
ITM12111,Pharma,240,65,3,7,6.88,1.71,0.35,L31,A,53,2.2,151.17,0.5,8,0.98,804,1.33,0.86,2024-03-01,212.25,0.576,34.883720930232556,48.16,191.84,False,False,36280.799999999996,4.983388704318936,False
ITM12112,Electronics,257,44,3,4,37.16,3.32,0.68,L40,B,143,3.62,90.57,0.81,6,0.89,343,6.35,0.57,2024-09-11,169.45,0.576,6.916038751345534,148.64,108.36000000000001,False,False,23276.489999999998,1.7290096878363834,False
ITM12113,Apparel,113,39,3,3,7.29,5.91,0.15,L61,A,126,1.51,57.41,1.83,2,0.94,876,10.63,0.31,2024-11-30,97.22,0.569,15.500685871056241,21.87,91.13,False,False,6487.33,5.16689529035208,False
ITM12114,Apparel,357,63,10,9,19.71,6.74,0.17,L25,C,33,2.45,91.21,0.32,5,0.7,77,4.38,0.42,2024-01-10,258.08,0.55,18.11263318112633,177.39000000000001,179.60999999999999,False,False,32561.969999999998,2.0125147979029254,False
ITM12115,Automotive,288,45,14,8,29.69,4.89,0.27,L48,A,16,4.91,96.41,1.52,5,0.84,587,3.0,0.65,2024-02-22,134.82,0.486,9.7002357696194,237.52,50.47999999999999,False,False,27766.079999999998,1.212529471202425,False
ITM12116,Groceries,190,64,14,4,37.12,8.14,0.88,L87,B,15,1.47,66.31,1.43,6,0.96,645,9.81,0.52,2024-07-25,97.2,0.564,5.118534482758621,148.48,41.52000000000001,False,False,12598.9,1.2796336206896552,False
ITM12117,Apparel,488,98,12,6,1.18,1.57,0.67,L74,A,127,4.32,199.18,0.35,5,0.8,908,13.65,0.49,2024-07-30,232.82,0.705,413.55932203389835,7.08,480.92,False,False,97199.84,68.92655367231639,False
ITM12118,Groceries,113,89,9,2,13.77,1.3,0.76,L57,D,170,4.21,155.85,1.41,3,0.92,370,14.38,0.74,2024-01-19,52.3,0.723,8.206245461147422,27.54,85.46000000000001,False,False,17611.05,4.103122730573711,False
ITM12119,Pharma,168,67,5,8,27.37,0.92,0.43,L60,D,94,4.51,141.57,1.18,5,0.9,891,1.14,0.71,2024-10-12,69.45,0.519,6.138107416879795,218.96,-50.96000000000001,False,True,23783.76,0.7672634271099744,False
ITM12120,Electronics,131,92,4,4,27.11,5.59,0.29,L99,B,119,4.62,172.42,0.65,2,0.75,763,13.24,0.45,2024-10-08,83.3,0.712,4.83216525267429,108.44,22.560000000000002,False,False,22587.019999999997,1.2080413131685726,False
ITM12121,Automotive,74,74,6,7,32.24,7.21,0.13,L37,A,175,2.78,136.62,0.69,0,0.93,622,8.85,0.49,2024-01-01,136.12,0.733,2.295285359801489,225.68,-151.68,True,True,10109.880000000001,0.3278979085430698,False
ITM12122,Groceries,356,78,5,8,15.89,1.74,0.54,L100,C,154,3.57,160.29,1.68,0,0.73,746,4.33,0.8,2024-02-16,15.9,0.596,22.4040276903713,127.12,228.88,False,False,57063.24,2.8005034612964126,False
ITM12123,Apparel,443,60,9,9,27.49,6.57,0.62,L49,D,40,3.29,88.38,0.54,4,0.92,807,9.64,0.94,2024-11-05,297.61,0.767,16.11495089123318,247.41,195.59,False,False,39152.34,1.7905500990259087,False
ITM12124,Groceries,486,31,12,7,10.3,5.03,0.91,L65,B,174,1.89,105.07,1.07,7,1.0,562,14.94,0.46,2024-11-12,184.04,0.644,47.18446601941747,72.10000000000001,413.9,False,False,51064.02,6.740638002773925,False
ITM12125,Apparel,135,97,10,5,10.16,9.88,0.89,L68,D,148,1.76,18.93,1.39,2,0.99,977,4.87,0.43,2024-11-22,291.51,0.57,13.28740157480315,50.8,84.2,False,False,2555.55,2.65748031496063,False
ITM12126,Groceries,162,62,8,5,29.25,7.32,0.48,L54,B,142,2.04,63.32,0.35,1,0.94,804,4.88,0.41,2024-06-04,244.16,0.68,5.538461538461538,146.25,15.75,False,False,10257.84,1.1076923076923078,False
ITM12127,Apparel,220,45,5,5,34.59,6.75,0.48,L21,A,73,1.48,79.92,1.87,7,0.86,81,10.79,0.31,2024-09-17,48.95,0.451,6.360219716681121,172.95000000000002,47.04999999999998,False,False,17582.4,1.2720439433362243,False
ITM12128,Pharma,199,77,8,8,6.9,5.92,0.25,L26,A,85,3.91,128.84,0.6,8,0.9,796,1.6,0.5,2024-10-14,70.63,0.481,28.840579710144926,55.2,143.8,False,False,25639.16,3.6050724637681157,False
ITM12129,Apparel,221,45,4,2,7.02,9.97,0.33,L78,A,140,4.84,98.2,0.71,8,0.92,460,12.49,0.61,2024-04-15,19.99,0.642,31.481481481481485,14.04,206.96,False,False,21702.2,15.740740740740742,False
ITM12130,Apparel,383,61,14,6,28.7,9.81,0.93,L18,A,65,4.4,125.49,1.37,1,0.7,446,10.14,0.63,2024-12-01,251.8,0.644,13.344947735191639,172.2,210.8,False,False,48062.67,2.224157955865273,False
ITM12131,Electronics,498,62,9,9,14.23,5.61,0.23,L33,A,72,1.48,145.53,0.25,7,0.73,66,12.78,0.75,2024-12-09,182.1,0.701,34.99648629655657,128.07,369.93,False,False,72473.94,3.8884984773951743,False
ITM12132,Apparel,72,91,13,8,20.23,4.82,0.97,L7,B,114,0.73,18.12,1.29,1,0.88,973,4.23,0.24,2024-08-21,72.37,0.531,3.5590706870983686,161.84,-89.84,True,True,1304.64,0.4448838358872961,False
ITM12133,Electronics,490,59,12,3,20.64,4.89,0.55,L83,D,47,3.91,59.07,1.84,6,0.7,650,12.86,0.65,2024-06-23,291.32,0.537,23.74031007751938,61.92,428.08,False,False,28944.3,7.913436692506459,False
ITM12134,Automotive,403,89,9,9,9.75,4.57,0.51,L62,C,63,2.26,42.47,0.57,7,0.97,101,7.28,0.4,2024-07-05,223.65,0.574,41.333333333333336,87.75,315.25,False,False,17115.41,4.592592592592593,False
ITM12135,Electronics,199,50,6,7,1.06,5.55,0.26,L48,D,139,4.21,45.62,0.79,0,0.85,419,2.86,0.39,2024-01-28,214.6,0.607,187.73584905660377,7.42,191.58,False,False,9078.38,26.81940700808625,True
ITM12136,Pharma,433,27,10,7,42.8,3.1,0.7,L71,A,11,4.01,105.59,0.54,7,0.78,213,13.62,0.83,2024-04-24,87.43,0.71,10.116822429906543,299.59999999999997,133.40000000000003,False,False,45720.47,1.4452603471295062,False
ITM12137,Electronics,436,31,6,8,36.04,9.3,0.51,L14,D,149,3.31,150.6,1.66,2,0.82,352,10.87,0.32,2024-08-20,100.88,0.567,12.0976692563818,288.32,147.68,False,False,65661.59999999999,1.512208657047725,False
ITM12138,Automotive,332,75,9,8,34.84,5.16,0.43,L92,D,49,1.65,61.83,0.42,0,0.96,499,3.36,0.46,2024-06-18,203.71,0.687,9.529276693455797,278.72,53.27999999999997,False,False,20527.559999999998,1.1911595866819746,False
ITM12139,Pharma,327,30,6,6,27.78,8.5,0.34,L67,B,11,0.97,166.65,0.76,6,0.98,977,4.45,0.71,2024-10-13,182.13,0.601,11.771058315334773,166.68,160.32,False,False,54494.55,1.9618430525557955,False
ITM12140,Groceries,156,53,14,2,35.35,5.02,0.16,L16,C,114,1.64,179.57,1.24,9,0.73,593,4.76,0.71,2024-11-13,197.71,0.447,4.413012729844413,70.7,85.3,False,False,28012.92,2.2065063649222063,False
ITM12141,Groceries,201,56,7,8,46.85,7.32,0.57,L37,C,134,2.79,76.6,0.87,2,0.93,759,14.49,0.24,2024-11-03,264.86,0.7,4.2902881536819635,374.8,-173.8,False,True,15396.599999999999,0.5362860192102454,False
ITM12142,Electronics,386,48,9,5,33.62,3.7,0.38,L11,A,89,4.91,139.46,0.22,7,0.87,551,13.41,0.26,2024-08-30,56.52,0.643,11.481261154074955,168.1,217.9,False,False,53831.560000000005,2.296252230814991,False
ITM12143,Electronics,20,38,12,6,13.99,6.44,0.74,L98,B,56,0.79,32.24,1.9,8,0.88,400,5.85,0.72,2024-12-02,43.74,0.448,1.4295925661186561,83.94,-63.94,True,True,644.8000000000001,0.23826542768644268,False
ITM12144,Automotive,63,63,5,3,28.96,5.23,0.75,L21,B,173,1.4,151.37,0.74,1,0.93,428,7.53,0.96,2024-07-05,173.74,0.784,2.175414364640884,86.88,-23.879999999999995,True,True,9536.31,0.7251381215469613,False
ITM12145,Automotive,246,99,12,5,22.67,3.99,0.4,L35,B,141,3.32,41.35,0.95,0,0.77,488,4.99,1.0,2024-08-19,155.05,0.726,10.851345390383766,113.35000000000001,132.64999999999998,False,False,10172.1,2.1702690780767533,False
ITM12146,Apparel,350,94,7,3,28.26,8.87,0.7,L58,B,161,1.87,140.61,0.42,7,0.86,250,11.4,0.99,2024-02-28,126.83,0.74,12.384996461429582,84.78,265.22,False,False,49213.50000000001,4.12833215380986,False
ITM12147,Automotive,117,26,13,4,26.36,1.57,0.33,L66,B,100,4.36,90.16,1.74,9,0.8,156,3.26,0.48,2024-02-19,272.37,0.345,4.4385432473444615,105.44,11.560000000000002,False,False,10548.72,1.1096358118361154,False
ITM12148,Apparel,227,89,5,3,43.08,5.13,0.75,L19,C,110,1.13,186.41,0.65,5,0.73,554,5.74,0.39,2024-12-03,171.93,0.536,5.269266480965645,129.24,97.75999999999999,False,False,42315.07,1.7564221603218817,False
ITM12149,Pharma,284,69,7,5,32.94,2.35,0.11,L56,C,139,4.83,98.25,0.14,9,0.73,433,9.49,0.28,2024-04-23,174.5,0.535,8.621736490588951,164.7,119.30000000000001,False,False,27903.0,1.7243472981177903,False
ITM12150,Electronics,307,40,5,4,10.25,8.68,0.24,L12,D,24,4.61,15.87,0.7,0,0.74,897,13.28,0.46,2024-01-02,116.26,0.747,29.951219512195124,41.0,266.0,False,False,4872.09,7.487804878048781,False
ITM12151,Pharma,290,82,13,5,4.09,2.91,0.32,L29,C,58,4.49,101.33,1.97,2,0.88,906,9.9,0.42,2024-06-23,109.78,0.555,70.90464547677261,20.45,269.55,False,False,29385.7,14.180929095354523,False
ITM12152,Automotive,159,87,12,7,21.79,6.52,0.8,L58,B,121,1.28,161.14,0.38,8,0.73,345,14.16,0.66,2024-06-30,296.41,0.669,7.296925195043598,152.53,6.469999999999999,False,False,25621.26,1.0424178850062282,False
ITM12153,Pharma,256,58,13,5,1.76,2.07,0.16,L45,D,44,1.98,132.95,0.16,8,0.87,77,14.03,0.5,2024-11-20,190.69,0.685,145.45454545454547,8.8,247.2,False,False,34035.2,29.090909090909093,False
ITM12154,Pharma,481,11,9,4,16.6,4.35,0.27,L4,C,125,4.12,193.6,1.2,5,0.88,386,11.06,0.39,2024-05-29,249.28,0.581,28.975903614457827,66.4,414.6,False,False,93121.59999999999,7.243975903614457,False
ITM12155,Pharma,460,57,3,3,19.03,9.04,0.42,L54,D,103,4.14,170.22,0.81,2,0.97,336,4.9,0.69,2024-10-07,139.76,0.676,24.172359432475037,57.09,402.90999999999997,False,False,78301.2,8.057453144158346,False
ITM12156,Automotive,411,23,11,7,19.4,2.08,0.11,L7,C,33,3.67,110.04,1.61,7,0.89,680,10.56,0.46,2024-09-24,65.64,0.51,21.18556701030928,135.79999999999998,275.20000000000005,False,False,45226.44,3.026509572901326,False
ITM12157,Pharma,91,68,11,2,48.99,6.8,0.79,L51,A,69,2.52,49.24,1.49,5,1.0,392,3.7,0.48,2024-07-10,104.2,0.496,1.857521943253725,97.98,-6.980000000000004,False,True,4480.84,0.9287609716268626,False
ITM12158,Apparel,174,67,7,2,15.89,2.44,0.6,L65,C,86,1.9,10.72,0.45,0,0.71,80,5.66,0.68,2024-12-25,110.38,0.708,10.950283196979232,31.78,142.22,False,False,1865.2800000000002,5.475141598489616,False
ITM12159,Automotive,209,67,11,9,14.0,4.45,0.91,L48,D,57,4.83,196.3,1.17,5,0.91,715,11.61,0.29,2024-02-24,173.82,0.578,14.928571428571429,126.0,83.0,False,False,41026.700000000004,1.6587301587301588,False
ITM12160,Pharma,287,60,12,2,7.34,5.64,0.13,L31,A,160,1.13,188.28,0.16,4,0.71,821,12.91,0.82,2024-01-24,54.84,0.782,39.1008174386921,14.68,272.32,False,False,54036.36,19.55040871934605,False
ITM12161,Automotive,340,93,8,2,26.04,5.98,0.34,L50,B,149,0.7,62.09,0.94,7,0.92,536,6.83,0.97,2024-03-25,122.24,0.635,13.056835637480798,52.08,287.92,False,False,21110.600000000002,6.528417818740399,False
ITM12162,Groceries,126,11,7,6,8.53,6.22,0.76,L11,D,50,0.54,131.26,1.46,1,0.82,668,8.33,0.59,2024-09-09,39.17,0.627,14.771395076201642,51.17999999999999,74.82000000000001,False,False,16538.76,2.4618991793669402,False
ITM12163,Apparel,251,50,5,2,31.2,6.58,0.71,L48,B,166,3.99,148.56,0.89,6,0.88,300,6.41,0.65,2024-03-12,153.99,0.582,8.044871794871796,62.4,188.6,False,False,37288.56,4.022435897435898,False
ITM12164,Pharma,61,92,13,4,8.6,3.08,0.32,L29,B,137,0.76,119.82,0.32,5,0.79,412,7.71,0.51,2024-07-28,284.75,0.631,7.093023255813954,34.4,26.6,True,False,7309.0199999999995,1.7732558139534884,False
ITM12165,Groceries,209,91,13,8,29.26,4.31,0.64,L4,D,160,2.92,170.16,0.22,0,0.75,156,8.17,0.97,2024-02-24,108.29,0.831,7.142857142857142,234.08,-25.080000000000013,False,True,35563.44,0.8928571428571428,False
ITM12166,Groceries,390,25,10,2,41.49,0.85,0.81,L41,B,40,2.15,24.79,1.72,7,0.92,555,10.69,0.31,2024-05-10,24.42,0.477,9.399855386840201,82.98,307.02,False,False,9668.1,4.699927693420101,False
ITM12167,Automotive,158,13,6,5,3.08,7.8,0.13,L13,D,158,1.16,180.33,1.79,5,0.97,491,11.51,0.85,2024-11-08,186.54,0.638,51.298701298701296,15.4,142.6,False,False,28492.140000000003,10.259740259740258,False
ITM12168,Groceries,122,21,12,8,21.57,8.45,0.75,L92,D,33,3.83,84.48,0.75,2,0.76,166,14.65,0.72,2024-04-10,194.07,0.776,5.656003708854891,172.56,-50.56,False,True,10306.560000000001,0.7070004636068614,False
ITM12169,Apparel,190,38,5,2,23.59,2.39,0.33,L84,C,18,0.75,101.33,0.41,4,0.98,294,7.13,0.83,2024-04-06,149.08,0.736,8.054260279779568,47.18,142.82,False,False,19252.7,4.027130139889784,False
ITM12170,Apparel,370,16,8,8,39.76,2.41,0.95,L43,A,159,1.93,94.5,1.96,6,0.74,128,2.16,0.96,2024-03-02,125.09,0.453,9.305835010060363,318.08,51.920000000000016,False,False,34965.0,1.1632293762575454,False
ITM12171,Electronics,292,23,10,3,23.93,0.9,0.58,L19,B,141,3.03,110.94,1.14,8,0.92,790,10.63,0.6,2024-07-20,268.87,0.572,12.202256581696615,71.78999999999999,220.21,False,False,32394.48,4.067418860565538,False
ITM12172,Apparel,435,21,11,4,28.81,9.72,0.13,L18,B,86,2.31,123.65,1.01,3,0.99,535,7.98,0.43,2024-04-20,282.15,0.629,15.098923984727525,115.24,319.76,False,False,53787.75,3.7747309961818813,False
ITM12173,Groceries,240,14,8,4,39.77,8.17,0.46,L5,A,140,1.67,144.97,1.51,1,0.74,72,12.77,0.82,2024-08-22,205.22,0.711,6.034699522252954,159.08,80.91999999999999,False,False,34792.8,1.5086748805632384,False
ITM12174,Apparel,232,90,7,9,28.43,3.93,0.97,L37,A,129,4.67,109.74,0.42,2,0.83,246,3.05,0.88,2024-04-07,155.36,0.701,8.160393950052761,255.87,-23.870000000000005,False,True,25459.68,0.9067104388947512,False
ITM12175,Automotive,360,41,14,8,18.56,5.08,0.76,L61,A,165,4.69,140.11,1.2,6,0.8,410,10.03,0.75,2024-06-22,29.59,0.604,19.396551724137932,148.48,211.52,False,False,50439.600000000006,2.4245689655172415,False
ITM12176,Electronics,443,83,13,9,5.21,3.27,0.37,L90,A,99,2.37,74.28,1.79,7,0.82,749,7.43,0.88,2024-02-25,97.3,0.52,85.02879078694818,46.89,396.11,False,False,32906.04,9.44764342077202,False
ITM12177,Groceries,426,52,4,7,36.77,6.17,0.62,L18,A,126,2.27,187.97,0.14,4,0.93,476,6.87,0.78,2024-07-31,92.68,0.74,11.585531683437583,257.39000000000004,168.60999999999996,False,False,80075.22,1.6550759547767977,False
ITM12178,Electronics,75,90,4,6,43.69,7.31,0.64,L98,C,119,1.88,22.26,1.38,2,0.9,266,8.91,0.97,2024-01-24,26.89,0.715,1.7166399633783476,262.14,-187.14,True,True,1669.5000000000002,0.28610666056305795,False
ITM12179,Groceries,409,78,11,5,48.53,4.75,0.12,L91,D,130,4.35,113.65,1.15,0,0.99,808,10.58,0.66,2024-11-20,254.58,0.756,8.42777663301051,242.65,166.35,False,False,46482.850000000006,1.685555326602102,False
ITM12180,Automotive,361,54,4,8,46.4,8.8,0.26,L61,A,107,3.06,26.61,1.91,9,0.76,715,12.91,0.5,2024-12-10,261.44,0.453,7.780172413793104,371.2,-10.199999999999989,False,True,9606.21,0.972521551724138,False
ITM12181,Electronics,453,18,4,4,40.07,5.41,0.6,L58,C,24,0.9,94.13,0.59,0,0.86,756,4.29,0.74,2024-10-28,274.59,0.718,11.30521587222361,160.28,292.72,False,False,42640.89,2.8263039680559023,False
ITM12182,Pharma,121,58,5,9,32.53,1.87,0.46,L79,A,145,4.34,58.94,1.73,1,0.83,677,5.1,0.26,2024-03-04,225.12,0.493,3.719643406086689,292.77,-171.76999999999998,False,True,7131.74,0.4132937117874099,False
ITM12183,Groceries,440,42,5,3,39.29,6.41,0.27,L1,A,61,2.91,188.01,0.69,4,0.98,245,8.68,0.6,2024-08-18,216.05,0.683,11.198778315092898,117.87,322.13,False,False,82724.4,3.732926105030966,False
ITM12184,Pharma,211,27,6,2,22.17,4.89,0.8,L11,B,64,2.37,12.48,0.92,2,0.7,616,5.85,0.82,2024-08-22,148.57,0.65,9.517365809652683,44.34,166.66,False,False,2633.28,4.758682904826341,False
ITM12185,Electronics,329,18,9,4,30.14,9.39,0.54,L3,B,46,2.02,84.33,0.51,6,1.0,736,8.96,0.34,2024-12-03,258.65,0.616,10.915726609157266,120.56,208.44,False,False,27744.57,2.7289316522893166,False
ITM12186,Pharma,219,71,11,3,18.09,4.22,0.38,L33,B,141,0.95,158.59,1.74,1,0.84,492,3.8,0.52,2024-10-28,157.94,0.529,12.106135986733001,54.269999999999996,164.73000000000002,False,False,34731.21,4.035378662244334,False
ITM12187,Pharma,252,66,4,2,17.01,4.33,0.25,L28,B,64,4.81,45.81,0.47,1,0.89,508,5.31,0.48,2024-09-15,18.6,0.678,14.814814814814813,34.02,217.98,False,False,11544.12,7.4074074074074066,False
ITM12188,Electronics,452,38,6,6,38.08,6.68,0.65,L20,D,21,3.84,164.96,1.73,2,0.81,508,5.55,0.47,2024-03-09,179.62,0.517,11.869747899159664,228.48,223.52,False,False,74561.92,1.9782913165266107,False
ITM12189,Automotive,246,87,11,4,23.24,5.51,0.7,L71,D,156,1.09,173.35,0.97,0,0.96,533,14.89,0.72,2024-09-12,123.23,0.838,10.585197934595525,92.96,153.04000000000002,False,False,42644.1,2.6462994836488813,False
ITM12190,Pharma,390,34,4,9,11.4,4.06,0.7,L94,B,46,2.8,144.52,1.69,1,0.87,193,12.96,0.6,2024-01-03,161.18,0.678,34.21052631578947,102.60000000000001,287.4,False,False,56362.8,3.8011695906432745,False
ITM12191,Pharma,158,24,12,4,10.89,9.9,0.3,L78,B,16,3.0,49.72,0.6,4,0.9,363,12.73,0.84,2024-09-28,137.8,0.778,14.50872359963269,43.56,114.44,False,False,7855.76,3.6271808999081725,False
ITM12192,Automotive,363,15,13,8,43.1,3.37,0.64,L68,A,64,1.26,61.69,0.35,2,0.89,924,8.19,0.25,2024-01-25,154.07,0.662,8.422273781902552,344.8,18.19999999999999,False,False,22393.469999999998,1.052784222737819,False
ITM12193,Pharma,324,51,3,8,34.21,3.14,0.91,L55,A,37,2.42,41.72,1.15,9,0.81,778,7.54,0.56,2024-10-10,41.49,0.48,9.470914937152878,273.68,50.31999999999999,False,False,13517.279999999999,1.1838643671441098,False
ITM12194,Pharma,168,38,12,3,27.76,8.71,0.42,L15,B,46,3.41,44.97,1.07,5,0.72,306,1.98,0.21,2024-08-09,14.21,0.405,6.051873198847262,83.28,84.72,False,False,7554.96,2.0172910662824206,False
ITM12195,Pharma,134,88,10,9,20.65,0.53,0.29,L100,B,84,1.78,16.93,0.78,1,0.94,688,3.76,0.38,2024-10-26,108.65,0.616,6.4891041162227605,185.85,-51.849999999999994,False,True,2268.62,0.7210115684691956,False
ITM12196,Apparel,469,13,11,7,22.11,2.41,0.79,L37,B,123,1.99,172.89,1.36,7,0.79,523,13.53,0.82,2024-09-04,83.82,0.626,21.21212121212121,154.76999999999998,314.23,False,False,81085.40999999999,3.0303030303030303,False
ITM12197,Automotive,82,91,9,8,3.81,6.11,0.26,L31,A,176,1.05,110.42,0.28,3,0.95,734,8.36,0.28,2024-09-17,82.52,0.669,21.522309711286088,30.48,51.519999999999996,True,False,9054.44,2.690288713910761,False
ITM12198,Pharma,123,66,10,5,23.29,2.04,0.33,L39,B,115,2.36,72.27,1.28,2,0.88,655,14.82,0.28,2024-03-31,281.76,0.662,5.281236582224131,116.44999999999999,6.550000000000011,False,False,8889.21,1.0562473164448263,False
ITM12199,Automotive,358,58,6,6,39.98,9.87,0.19,L16,B,160,3.13,65.02,0.5,4,0.81,548,9.29,0.52,2024-12-20,247.51,0.66,8.95447723861931,239.88,118.12,False,False,23277.16,1.4924128731032182,False
ITM12200,Groceries,378,53,6,5,20.01,4.91,0.34,L7,D,119,1.02,113.49,0.35,7,0.88,951,6.28,0.82,2024-10-23,13.88,0.649,18.89055472263868,100.05000000000001,277.95,False,False,42899.22,3.778110944527736,False
ITM12201,Groceries,175,89,4,4,19.8,6.17,0.47,L31,D,93,3.27,72.07,1.83,8,0.89,268,4.84,0.71,2024-03-29,12.53,0.442,8.838383838383837,79.2,95.8,False,False,12612.249999999998,2.2095959595959593,False
ITM12202,Pharma,292,84,10,5,1.77,2.02,0.16,L54,A,20,2.29,174.11,0.97,0,0.91,613,13.86,0.83,2024-03-06,235.3,0.836,164.97175141242937,8.85,283.15,False,False,50840.12,32.994350282485875,False
ITM12203,Automotive,25,23,13,2,23.43,3.25,0.88,L82,D,75,3.55,50.08,1.55,3,0.95,580,6.19,0.24,2024-02-23,295.61,0.506,1.0670081092616304,46.86,-21.86,False,True,1252.0,0.5335040546308152,False
ITM12204,Automotive,166,12,4,6,2.24,6.34,0.56,L80,A,22,1.92,177.64,0.27,5,0.75,407,3.05,0.65,2024-07-17,144.91,0.594,74.10714285714285,13.440000000000001,152.56,False,False,29488.239999999998,12.351190476190474,True
ITM12205,Automotive,203,71,11,5,28.95,5.72,0.63,L59,C,178,3.06,136.18,0.21,5,0.98,286,4.9,0.56,2024-12-02,135.61,0.652,7.0120898100172715,144.75,58.25,False,False,27644.54,1.4024179620034543,False
ITM12206,Apparel,47,73,6,2,25.83,7.95,0.43,L9,B,24,3.26,191.76,1.04,8,0.82,732,10.04,0.92,2024-11-03,89.99,0.618,1.8195896244676735,51.66,-4.659999999999997,True,True,9012.72,0.9097948122338367,False
ITM12207,Groceries,469,54,3,3,42.16,3.06,0.7,L15,A,65,3.61,12.87,0.7,0,0.96,324,2.86,0.79,2024-11-06,203.32,0.718,11.124288425047439,126.47999999999999,342.52,False,False,6036.03,3.70809614168248,False
ITM12208,Automotive,57,91,6,5,29.51,6.71,0.49,L64,D,168,3.91,21.23,0.11,4,0.77,856,2.28,0.54,2024-06-13,146.78,0.601,1.9315486275838698,147.55,-90.55000000000001,True,True,1210.1100000000001,0.38630972551677395,False
ITM12209,Automotive,138,67,5,6,16.85,3.26,0.79,L77,C,62,1.11,105.17,0.45,9,0.71,925,7.41,0.64,2024-09-15,58.58,0.544,8.189910979228486,101.10000000000001,36.89999999999999,False,False,14513.460000000001,1.3649851632047476,False
ITM12210,Apparel,312,29,14,2,26.3,6.07,0.84,L69,D,70,4.84,183.35,0.52,0,0.87,721,2.17,0.54,2024-07-15,149.6,0.659,11.863117870722434,52.6,259.4,False,False,57205.2,5.931558935361217,False
ITM12211,Apparel,390,67,8,5,35.29,6.25,0.7,L3,A,137,4.3,148.85,0.65,5,0.8,801,6.5,0.55,2024-08-02,119.15,0.592,11.051289317086994,176.45,213.55,False,False,58051.5,2.210257863417399,False
ITM12212,Automotive,263,98,9,3,5.6,1.66,0.54,L81,C,51,3.03,128.21,1.77,8,1.0,626,5.52,0.71,2024-11-07,268.04,0.479,46.964285714285715,16.799999999999997,246.2,False,False,33719.23,15.654761904761905,False
ITM12213,Electronics,87,66,10,5,31.43,5.71,0.8,L66,D,38,4.51,16.0,0.9,3,0.73,266,6.48,0.37,2024-12-20,233.76,0.556,2.768055997454661,157.15,-70.15,False,True,1392.0,0.5536111994909322,False
ITM12214,Automotive,233,86,4,2,45.91,0.61,0.54,L74,C,164,2.22,77.29,1.39,9,0.71,608,7.83,0.47,2024-05-07,213.36,0.421,5.075147026791549,91.82,141.18,False,False,18008.57,2.5375735133957744,False
ITM12215,Automotive,237,77,8,5,15.66,5.26,0.2,L31,B,53,0.65,75.71,0.13,9,0.71,446,3.59,0.42,2024-05-20,104.88,0.481,15.134099616858238,78.3,158.7,False,False,17943.269999999997,3.0268199233716477,False
ITM12216,Apparel,196,87,8,6,31.7,7.13,0.2,L92,B,142,3.77,113.0,1.65,8,0.77,123,7.19,0.84,2024-07-22,50.49,0.493,6.182965299684542,190.2,5.800000000000011,False,False,22148.0,1.0304942166140905,False
ITM12217,Apparel,318,61,12,4,41.25,1.19,0.95,L19,C,122,4.75,58.99,0.56,2,0.87,725,6.06,0.95,2024-06-24,260.76,0.749,7.709090909090909,165.0,153.0,False,False,18758.82,1.9272727272727272,False
ITM12218,Automotive,183,46,14,9,26.08,9.42,0.29,L38,D,115,1.23,60.76,0.69,6,0.85,759,12.14,0.53,2024-05-30,109.4,0.649,7.016871165644172,234.71999999999997,-51.71999999999997,False,True,11119.08,0.7796523517382413,False
ITM12219,Automotive,77,17,7,9,36.18,4.86,0.83,L55,D,47,3.4,127.96,0.19,4,0.81,972,10.73,0.26,2024-08-19,181.96,0.658,2.12824765063571,325.62,-248.62,False,True,9852.92,0.23647196118174557,False
ITM12220,Automotive,288,53,12,2,16.24,9.41,0.32,L1,D,124,4.16,189.47,0.88,9,0.73,377,13.22,0.27,2024-03-09,181.34,0.508,17.733990147783253,32.48,255.52,False,False,54567.36,8.866995073891626,False
ITM12221,Apparel,327,14,12,2,16.0,1.52,0.49,L79,B,139,4.57,135.43,1.72,0,0.77,457,10.37,0.52,2024-03-11,279.14,0.624,20.4375,32.0,295.0,False,False,44285.61,10.21875,False
ITM12222,Automotive,77,78,9,2,33.71,9.52,0.69,L46,A,118,1.74,136.94,0.82,6,0.76,197,2.7,0.52,2024-07-30,59.8,0.49,2.2841886680510233,67.42,9.579999999999998,True,False,10544.38,1.1420943340255116,False
ITM12223,Automotive,307,40,5,2,35.57,1.54,0.24,L31,A,93,1.08,197.38,1.83,7,0.92,135,8.1,0.32,2024-11-04,233.78,0.433,8.63086870958673,71.14,235.86,False,False,60595.659999999996,4.315434354793365,False
ITM12224,Pharma,484,54,6,5,46.91,4.88,0.76,L74,C,172,1.62,39.16,1.75,5,0.93,570,11.39,0.85,2024-12-24,144.15,0.633,10.3176295033042,234.54999999999998,249.45000000000002,False,False,18953.44,2.06352590066084,False
ITM12225,Electronics,124,18,12,6,12.02,9.41,0.72,L54,D,55,3.1,16.43,0.22,0,0.93,552,12.78,0.6,2024-09-19,60.68,0.854,10.316139767054908,72.12,51.879999999999995,False,False,2037.32,1.7193566278424848,False
ITM12226,Groceries,247,41,11,9,23.94,2.71,0.59,L24,C,101,4.63,151.65,0.68,8,0.99,814,3.54,0.29,2024-06-02,252.34,0.475,10.317460317460316,215.46,31.539999999999992,False,False,37457.55,1.1463844797178129,False
ITM12227,Electronics,266,42,6,3,13.28,0.83,0.61,L86,A,114,3.12,93.37,1.83,6,0.97,281,4.13,0.28,2024-12-25,247.84,0.402,20.03012048192771,39.839999999999996,226.16,False,False,24836.420000000002,6.6767068273092365,False
ITM12228,Pharma,207,76,5,9,4.92,8.03,0.2,L86,A,81,4.64,91.48,0.16,5,0.85,937,13.07,0.56,2024-10-07,21.65,0.74,42.073170731707314,44.28,162.72,False,False,18936.36,4.67479674796748,False
ITM12229,Groceries,102,39,4,6,20.76,6.16,0.49,L11,D,148,3.97,52.81,1.56,3,0.82,547,7.8,0.29,2024-06-09,215.74,0.51,4.913294797687861,124.56,-22.560000000000002,False,True,5386.62,0.8188824662813102,False
ITM12230,Automotive,205,85,7,2,19.33,5.38,0.18,L68,C,38,3.19,106.3,1.82,2,0.97,472,7.33,0.65,2024-12-30,54.52,0.6,10.605276771857218,38.66,166.34,False,False,21791.5,5.302638385928609,False
ITM12231,Pharma,271,38,6,7,14.25,0.83,0.38,L47,D,56,0.6,94.01,1.56,3,0.88,516,7.92,0.51,2024-10-10,187.0,0.568,19.017543859649123,99.75,171.25,False,False,25476.710000000003,2.7167919799498748,False
ITM12232,Automotive,374,12,10,5,15.55,6.71,0.91,L9,A,120,2.0,75.64,1.51,0,0.79,296,3.43,0.94,2024-11-19,196.7,0.641,24.05144694533762,77.75,296.25,False,False,28289.36,4.810289389067524,False
ITM12233,Apparel,257,99,9,7,18.66,2.13,0.62,L68,A,16,0.76,94.12,1.7,8,0.87,419,9.79,0.54,2024-04-21,202.92,0.483,13.772775991425508,130.62,126.38,False,False,24188.84,1.9675394273465012,False
ITM12234,Pharma,379,66,8,5,49.45,9.35,0.77,L70,D,126,1.95,82.93,1.37,1,1.0,562,12.31,0.69,2024-04-12,44.83,0.745,7.664307381193124,247.25,131.75,False,False,31430.47,1.5328614762386248,False
ITM12235,Apparel,203,39,13,2,39.36,7.01,0.62,L65,C,73,0.78,188.58,0.9,1,0.95,828,12.72,0.85,2024-04-17,183.51,0.82,5.157520325203252,78.72,124.28,False,False,38281.740000000005,2.578760162601626,False
ITM12236,Pharma,303,18,14,5,4.5,7.22,0.27,L65,B,91,1.26,196.25,0.22,2,0.78,154,1.43,0.44,2024-11-15,38.96,0.601,67.33333333333333,22.5,280.5,False,False,59463.75,13.466666666666665,True
ITM12237,Pharma,404,35,4,2,43.75,2.71,0.64,L71,D,73,2.35,169.58,1.6,0,0.99,283,11.01,0.61,2024-05-28,226.21,0.707,9.234285714285715,87.5,316.5,False,False,68510.32,4.617142857142857,False
ITM12238,Apparel,445,11,5,6,32.03,8.87,0.78,L3,A,101,2.82,198.18,1.82,9,0.99,507,2.28,0.3,2024-12-17,28.49,0.326,13.893225101467374,192.18,252.82,False,False,88190.1,2.315537516911229,False
ITM12239,Groceries,229,71,12,8,44.64,5.61,0.22,L50,B,21,1.48,60.49,1.07,2,0.77,306,14.54,0.55,2024-06-25,229.77,0.711,5.129928315412187,357.12,-128.12,False,True,13852.210000000001,0.6412410394265233,False
ITM12240,Electronics,323,12,11,4,17.74,8.64,0.84,L61,D,21,3.8,170.16,1.11,3,0.97,524,7.75,0.5,2024-12-10,266.21,0.626,18.20744081172492,70.96,252.04000000000002,False,False,54961.68,4.55186020293123,False
ITM12241,Automotive,315,55,11,5,23.76,3.07,0.6,L6,B,45,3.16,87.26,0.87,8,0.96,642,11.86,0.54,2024-03-08,96.58,0.611,13.257575757575756,118.80000000000001,196.2,False,False,27486.9,2.6515151515151514,False
ITM12242,Pharma,116,77,7,2,44.92,7.68,0.1,L82,D,38,3.61,151.77,1.73,4,0.71,684,9.71,0.29,2024-12-29,235.7,0.476,2.5823686553873553,89.84,26.159999999999997,False,False,17605.32,1.2911843276936776,False
ITM12243,Automotive,466,34,5,7,14.36,5.96,0.57,L50,A,148,3.8,48.26,0.13,5,0.9,221,14.33,0.52,2024-11-28,131.08,0.762,32.45125348189415,100.52,365.48,False,False,22489.16,4.635893354556307,False
ITM12244,Apparel,479,60,4,2,45.86,0.96,0.46,L48,D,94,3.77,164.27,1.29,0,0.79,868,14.63,0.9,2024-04-01,241.34,0.804,10.444832097688618,91.72,387.28,False,False,78685.33,5.222416048844309,False
ITM12245,Automotive,475,22,10,7,41.6,4.35,0.37,L33,B,83,4.71,25.86,1.82,2,0.9,322,4.9,0.95,2024-09-14,209.01,0.613,11.41826923076923,291.2,183.8,False,False,12283.5,1.6311813186813187,False
ITM12246,Apparel,491,53,8,9,49.05,2.25,0.79,L96,C,56,1.57,61.41,0.3,6,0.97,920,7.76,0.39,2024-10-04,93.85,0.625,10.010193679918451,441.45,49.55000000000001,False,False,30152.309999999998,1.1122437422131612,False
ITM12247,Automotive,227,44,12,5,16.89,3.91,0.91,L3,A,170,1.72,166.17,1.92,6,0.85,808,8.06,0.44,2024-12-21,66.18,0.453,13.439905269390172,84.45,142.55,False,False,37720.59,2.687981053878034,False
ITM12248,Electronics,389,64,13,3,12.55,4.14,0.79,L46,A,90,0.92,151.96,1.94,9,0.82,924,3.49,0.21,2024-11-22,275.28,0.279,30.996015936254977,37.650000000000006,351.35,False,False,59112.44,10.332005312084993,True
ITM12249,Electronics,407,96,14,7,17.21,5.01,0.86,L9,B,130,3.17,105.24,1.87,0,0.98,937,13.66,0.29,2024-06-14,253.3,0.649,23.649041255084253,120.47,286.53,False,False,42832.68,3.378434465012036,False
ITM12250,Electronics,441,18,9,2,47.78,6.2,0.92,L45,D,52,2.28,137.83,0.98,8,0.99,243,5.89,0.48,2024-12-29,201.37,0.515,9.22980326496442,95.56,345.44,False,False,60783.030000000006,4.61490163248221,False
ITM12251,Electronics,430,11,3,5,17.32,5.92,0.92,L31,D,155,2.73,45.26,0.83,0,0.72,161,2.22,0.75,2024-02-29,111.32,0.641,24.82678983833718,86.6,343.4,False,False,19461.8,4.965357967667436,False
ITM12252,Electronics,156,70,3,2,28.7,0.87,0.2,L94,D,83,1.26,136.88,1.44,6,0.98,72,3.16,0.43,2024-06-29,158.03,0.46,5.435540069686411,57.4,98.6,False,False,21353.28,2.7177700348432055,False
ITM12253,Electronics,386,50,12,3,20.78,7.63,0.51,L85,A,62,3.42,11.52,0.71,1,0.72,986,8.19,0.26,2024-10-14,171.78,0.614,18.57555341674687,62.34,323.65999999999997,False,False,4446.72,6.191851138915624,False
ITM12254,Apparel,419,53,4,4,20.41,9.52,0.1,L81,A,48,3.29,168.31,0.23,8,0.8,943,13.34,0.78,2024-09-02,34.96,0.711,20.529152376286135,81.64,337.36,False,False,70521.89,5.132288094071534,False
ITM12255,Pharma,203,73,12,8,10.48,3.81,0.56,L14,B,116,1.69,108.09,1.81,8,0.93,364,9.8,0.57,2024-10-25,291.95,0.49,19.370229007633586,83.84,119.16,False,False,21942.27,2.4212786259541983,False
ITM12256,Automotive,95,40,5,8,27.32,2.21,0.93,L99,D,171,2.59,189.34,1.31,8,0.93,251,4.01,0.62,2024-10-19,36.63,0.472,3.4773060029282576,218.56,-123.56,False,True,17987.3,0.4346632503660322,False
ITM12257,Electronics,306,56,14,3,42.62,5.63,0.28,L75,D,46,4.52,100.85,0.49,3,0.92,550,5.16,0.46,2024-12-07,219.29,0.636,7.179727827311122,127.85999999999999,178.14000000000001,False,False,30860.1,2.3932426091037073,False
ITM12258,Apparel,491,11,3,6,3.42,7.2,0.68,L95,B,178,3.98,92.29,0.13,5,0.71,667,14.66,0.69,2024-12-29,152.91,0.762,143.56725146198832,20.52,470.48,False,False,45314.39000000001,23.92787524366472,False
ITM12259,Apparel,394,91,7,5,44.57,6.95,0.68,L97,A,106,1.52,95.51,1.47,1,0.74,655,1.74,0.91,2024-08-01,230.36,0.586,8.84002692393987,222.85,171.15,False,False,37630.94,1.768005384787974,False
ITM12260,Apparel,161,86,5,3,33.61,6.32,0.24,L43,A,58,4.45,78.35,1.72,2,0.98,74,14.92,0.64,2024-12-11,85.67,0.711,4.79024099970247,100.83,60.17,False,False,12614.349999999999,1.5967469999008232,False
ITM12261,Pharma,256,78,3,4,31.22,1.89,0.31,L18,C,137,0.8,41.67,0.87,5,0.72,706,13.68,0.67,2024-09-30,124.58,0.673,8.199871877001922,124.88,131.12,False,False,10667.52,2.0499679692504804,False
ITM12262,Automotive,44,67,10,2,31.67,8.45,0.52,L6,C,19,2.36,169.99,0.25,0,0.72,557,10.5,0.5,2024-05-26,162.4,0.759,1.3893274392169244,63.34,-19.340000000000003,True,True,7479.56,0.6946637196084622,False
ITM12263,Pharma,309,53,14,5,15.52,4.54,0.27,L46,D,49,0.86,83.93,1.33,6,0.95,415,14.2,0.27,2024-08-04,45.01,0.58,19.90979381443299,77.6,231.4,False,False,25934.370000000003,3.981958762886598,False
ITM12264,Groceries,86,83,13,9,21.34,2.6,0.63,L70,A,155,4.66,110.53,0.66,1,0.89,580,3.13,0.54,2024-01-07,257.03,0.642,4.029990627928773,192.06,-106.06,False,True,9505.58,0.4477767364365303,False
ITM12265,Apparel,269,65,8,7,40.17,1.32,0.54,L44,D,162,0.68,13.78,0.37,7,0.81,771,14.2,0.94,2024-09-24,297.55,0.762,6.696539706248444,281.19,-12.189999999999998,False,True,3706.8199999999997,0.9566485294640634,False
ITM12266,Groceries,427,52,11,3,16.01,4.46,0.57,L83,A,115,1.18,21.45,1.07,4,0.75,643,3.98,0.74,2024-02-24,131.1,0.564,26.670830730793252,48.03,378.97,False,False,9159.15,8.890276910264417,False
ITM12267,Electronics,137,98,5,9,24.03,6.37,0.22,L23,C,50,4.62,123.46,1.02,6,0.97,95,8.65,0.59,2024-01-13,119.28,0.605,5.70120682480233,216.27,-79.27000000000001,False,True,16914.02,0.6334674249780368,False
ITM12268,Electronics,92,43,11,9,1.96,6.82,0.57,L100,B,173,3.12,177.05,1.08,7,1.0,84,7.84,0.7,2024-07-14,182.28,0.597,46.93877551020408,17.64,74.36,False,False,16288.6,5.215419501133787,False
ITM12269,Pharma,301,39,11,4,36.94,9.65,0.14,L88,A,11,4.08,103.75,1.67,2,0.71,251,8.17,0.65,2024-03-15,209.71,0.574,8.148348673524636,147.76,153.24,False,False,31228.75,2.037087168381159,False
ITM12270,Automotive,423,80,14,9,21.47,1.95,0.89,L60,C,62,0.57,41.35,1.02,5,0.87,584,4.74,0.93,2024-01-28,261.89,0.621,19.70190964136004,193.23,229.77,False,False,17491.05,2.1891010712622267,False
ITM12271,Groceries,467,79,14,3,26.74,9.86,0.41,L90,C,156,2.39,32.06,1.81,8,0.78,414,11.93,0.38,2024-12-09,118.14,0.45,17.464472700074797,80.22,386.78,False,False,14972.02,5.821490900024933,False
ITM12272,Automotive,379,64,3,6,6.62,6.72,0.87,L62,A,35,4.93,180.96,1.7,3,0.95,519,11.4,0.91,2024-01-29,231.8,0.694,57.25075528700906,39.72,339.28,False,False,68583.84,9.541792547834843,False
ITM12273,Pharma,29,76,5,8,49.59,4.82,0.73,L81,D,63,3.11,143.31,1.34,9,0.8,349,14.36,0.75,2024-04-12,79.62,0.587,0.5847953216374269,396.72,-367.72,True,True,4155.99,0.07309941520467836,False
ITM12274,Electronics,230,22,8,8,15.82,8.94,0.79,L24,A,60,4.32,193.58,0.21,6,0.91,826,8.1,0.3,2024-05-16,207.33,0.609,14.538558786346396,126.56,103.44,False,False,44523.4,1.8173198482932995,False
ITM12275,Automotive,342,12,10,5,32.11,7.1,0.38,L18,C,162,4.84,25.65,1.74,0,0.86,465,8.67,0.5,2024-03-23,145.36,0.614,10.650887573964496,160.55,181.45,False,False,8772.3,2.130177514792899,False
ITM12276,Automotive,171,35,6,2,29.48,3.81,0.3,L9,A,123,3.58,181.5,1.82,6,0.86,395,13.65,0.55,2024-05-26,201.89,0.562,5.800542740841248,58.96,112.03999999999999,False,False,31036.5,2.900271370420624,False
ITM12277,Electronics,24,66,7,4,39.47,8.9,0.47,L92,B,26,1.97,170.67,0.81,8,0.96,398,13.87,0.27,2024-12-15,120.14,0.59,0.6080567519635166,157.88,-133.88,True,True,4096.08,0.15201418799087915,False
ITM12278,Groceries,214,33,11,3,15.4,6.83,0.12,L100,D,129,1.89,179.71,1.1,9,0.84,748,10.09,0.64,2024-05-08,95.36,0.541,13.896103896103895,46.2,167.8,False,False,38457.94,4.632034632034632,False
ITM12279,Electronics,461,62,8,5,38.04,7.14,0.93,L59,A,55,0.82,11.09,0.63,7,0.95,859,12.49,0.41,2024-03-15,150.94,0.636,12.11882229232387,190.2,270.8,False,False,5112.49,2.423764458464774,False
ITM12280,Automotive,302,79,14,3,19.74,9.02,0.45,L5,C,64,2.42,150.96,0.13,3,0.81,239,8.07,0.57,2024-02-01,269.58,0.711,15.29888551165147,59.22,242.78,False,False,45589.920000000006,5.099628503883824,False
ITM12281,Groceries,483,52,9,5,21.15,4.76,0.99,L38,C,59,4.62,114.3,1.01,2,0.75,452,6.43,0.55,2024-12-19,205.71,0.605,22.836879432624116,105.75,377.25,False,False,55206.9,4.5673758865248235,False
ITM12282,Groceries,132,69,9,8,33.96,6.74,0.79,L26,D,84,2.65,118.9,0.35,6,0.84,801,13.1,0.62,2024-05-31,187.38,0.712,3.8869257950530036,271.68,-139.68,False,True,15694.800000000001,0.48586572438162545,False
ITM12283,Electronics,290,67,6,9,39.43,7.57,0.17,L6,A,20,4.6,99.15,0.45,0,0.85,398,11.88,0.88,2024-04-14,218.76,0.859,7.354805985290388,354.87,-64.87,False,True,28753.5,0.8172006650322653,False
ITM12284,Automotive,182,58,6,6,33.68,4.81,0.69,L26,C,149,4.18,151.11,1.01,7,0.84,422,4.39,0.82,2024-10-04,221.44,0.55,5.403800475059382,202.07999999999998,-20.079999999999984,False,True,27502.020000000004,0.900633412509897,False
ITM12285,Pharma,479,51,6,3,45.09,1.29,0.34,L6,D,177,4.93,199.97,1.75,0,0.94,688,1.67,0.9,2024-01-17,95.48,0.615,10.623198048347748,135.27,343.73,False,False,95785.63,3.541066016115916,False
ITM12286,Automotive,124,85,13,6,14.97,7.83,0.32,L41,B,57,4.76,145.0,1.7,6,0.87,554,8.92,0.66,2024-07-02,77.49,0.535,8.283233132932532,89.82000000000001,34.17999999999999,False,False,17980.0,1.3805388554887552,False
ITM12287,Apparel,200,75,7,7,45.13,0.95,0.33,L40,D,130,3.68,138.83,1.93,5,0.97,340,12.78,0.69,2024-08-19,157.65,0.609,4.431641923332594,315.91,-115.91000000000003,False,True,27766.000000000004,0.6330917033332277,False
ITM12288,Pharma,63,20,7,7,7.41,7.32,0.92,L66,A,65,4.42,134.34,1.02,9,0.85,953,4.46,0.54,2024-02-22,52.87,0.455,8.502024291497975,51.870000000000005,11.129999999999995,False,False,8463.42,1.214574898785425,False
ITM12289,Groceries,301,99,10,9,33.32,9.15,0.55,L51,A,17,3.87,142.09,1.15,7,0.77,160,11.74,0.77,2024-11-11,147.67,0.61,9.033613445378151,299.88,1.1200000000000045,False,False,42769.090000000004,1.003734827264239,False
ITM12290,Pharma,194,27,11,8,27.83,3.8,0.7,L70,C,23,3.67,75.0,1.66,5,0.74,604,6.8,0.36,2024-12-11,210.98,0.445,6.970894717930292,222.64,-28.639999999999986,False,True,14550.0,0.8713618397412864,False
ITM12291,Groceries,181,94,4,4,25.24,1.47,0.35,L61,B,123,3.72,70.84,1.43,4,0.96,552,5.7,0.58,2024-10-14,12.15,0.561,7.171156893819335,100.96,80.04,False,False,12822.04,1.7927892234548337,False
ITM12292,Groceries,490,61,13,6,16.23,2.71,0.57,L33,A,63,3.74,159.02,0.45,8,0.72,350,3.42,0.77,2024-04-24,42.23,0.539,30.191004313000615,97.38,392.62,False,False,77919.8,5.0318340521667695,False
ITM12293,Pharma,370,55,9,5,25.68,5.84,0.42,L5,C,26,2.21,20.09,0.86,3,0.74,695,14.08,0.82,2024-11-27,289.02,0.754,14.40809968847352,128.4,241.6,False,False,7433.3,2.881619937694704,False
ITM12294,Groceries,453,53,3,4,8.93,9.46,0.39,L97,D,142,2.41,154.26,1.87,6,0.72,62,4.16,0.4,2024-10-14,279.1,0.372,50.72788353863382,35.72,417.28,False,False,69879.78,12.681970884658455,True
ITM12295,Groceries,359,31,3,3,19.1,5.37,0.32,L83,D,140,1.82,164.63,0.38,5,0.83,572,4.91,0.35,2024-07-18,131.2,0.563,18.795811518324605,57.300000000000004,301.7,False,False,59102.17,6.265270506108202,False
ITM12296,Apparel,159,62,6,3,5.84,1.57,0.47,L25,A,18,1.17,109.1,0.5,9,0.86,151,5.64,0.43,2024-05-01,181.11,0.503,27.226027397260275,17.52,141.48,False,False,17346.899999999998,9.075342465753424,False
ITM12297,Automotive,490,68,12,5,29.02,6.46,0.69,L37,B,131,2.56,182.93,0.86,5,0.71,246,4.99,0.94,2024-09-18,55.03,0.611,16.884906960716748,145.1,344.9,False,False,89635.7,3.3769813921433496,False
ITM12298,Automotive,151,39,9,2,5.69,7.46,0.3,L46,C,123,4.55,99.89,1.89,4,0.85,440,3.28,0.3,2024-12-22,105.99,0.405,26.537785588752197,11.38,139.62,False,False,15083.39,13.268892794376098,True
ITM12299,Apparel,106,17,4,9,8.86,4.24,0.97,L100,A,29,3.43,43.84,0.32,1,0.82,104,5.96,0.96,2024-05-27,239.95,0.783,11.963882618510159,79.74,26.260000000000005,False,False,4647.04,1.3293202909455732,False
ITM12300,Pharma,195,66,13,2,5.19,7.35,0.21,L7,C,92,0.75,78.67,1.38,3,0.93,232,7.6,1.0,2024-12-20,258.23,0.689,37.57225433526011,10.38,184.62,False,False,15340.65,18.786127167630056,False
ITM12301,Electronics,202,82,4,9,19.68,3.59,0.53,L84,D,30,4.15,182.11,0.35,0,0.95,68,8.72,0.83,2024-12-06,127.53,0.837,10.264227642276422,177.12,24.879999999999995,False,False,36786.22,1.1404697380307136,False
ITM12302,Electronics,387,29,3,3,42.26,8.0,0.18,L43,C,42,4.71,198.81,1.1,8,0.91,412,3.19,0.81,2024-01-25,100.21,0.517,9.157595835305253,126.78,260.22,False,False,76939.47,3.052531945101751,False
ITM12303,Electronics,148,34,12,9,45.44,3.74,0.12,L35,D,142,4.23,90.15,1.12,8,0.84,823,11.91,0.96,2024-07-14,207.69,0.647,3.257042253521127,408.96,-260.96,False,True,13342.2,0.36189358372456965,False
ITM12304,Apparel,265,28,4,8,4.52,2.93,0.93,L16,B,161,3.77,41.7,0.18,7,0.76,522,5.36,0.43,2024-07-17,218.19,0.551,58.628318584070804,36.16,228.84,False,False,11050.5,7.3285398230088505,False
ITM12305,Apparel,108,14,9,8,32.09,8.85,0.83,L48,B,35,1.18,64.4,1.91,3,0.95,58,13.85,0.3,2024-08-01,295.3,0.584,3.3655344344032407,256.72,-148.72000000000003,False,True,6955.200000000001,0.4206918043004051,False
ITM12306,Groceries,85,84,11,5,34.53,5.71,0.72,L56,D,117,2.07,115.13,1.63,4,0.8,709,5.61,0.86,2024-12-16,212.23,0.564,2.4616275702287864,172.65,-87.65,False,True,9786.05,0.4923255140457573,False
ITM12307,Electronics,177,88,8,2,27.15,3.21,0.88,L52,A,98,3.04,118.7,0.68,0,0.81,74,13.08,0.34,2024-06-09,79.65,0.736,6.519337016574586,54.3,122.7,False,False,21009.9,3.259668508287293,False
ITM12308,Pharma,406,81,12,6,33.68,9.38,0.82,L96,D,101,0.85,129.71,0.35,3,0.97,355,5.94,0.24,2024-10-09,27.4,0.626,12.054631828978623,202.07999999999998,203.92000000000002,False,False,52662.26,2.0091053048297707,False
ITM12309,Pharma,397,92,4,3,12.45,7.06,0.68,L57,C,42,0.98,168.72,0.76,3,0.99,633,8.08,0.36,2024-01-28,84.71,0.642,31.887550200803215,37.349999999999994,359.65,False,False,66981.84,10.629183400267738,False
ITM12310,Electronics,168,96,14,7,24.99,2.6,0.86,L50,C,27,4.7,145.13,1.8,4,0.97,483,6.21,0.55,2024-01-07,75.73,0.527,6.722689075630252,174.92999999999998,-6.929999999999978,False,True,24381.84,0.9603841536614646,False
ITM12311,Electronics,492,36,12,6,20.15,6.34,0.45,L44,C,27,3.66,59.56,0.35,1,1.0,471,6.42,0.6,2024-05-08,36.92,0.751,24.416873449131515,120.89999999999999,371.1,False,False,29303.52,4.069478908188586,False
ITM12312,Electronics,359,49,12,5,5.4,8.77,0.6,L24,A,175,1.74,85.06,0.76,1,0.96,883,9.66,0.25,2024-04-13,138.87,0.675,66.48148148148148,27.0,332.0,False,False,30536.54,13.296296296296296,False
ITM12313,Apparel,452,35,11,7,31.65,7.11,0.8,L64,B,42,1.97,169.57,1.04,1,0.91,106,10.7,0.55,2024-11-13,93.56,0.711,14.281200631911533,221.54999999999998,230.45000000000002,False,False,76645.64,2.0401715188445047,False
ITM12314,Apparel,135,36,9,6,25.27,2.83,0.18,L89,B,36,2.23,130.34,0.16,7,0.79,583,13.19,0.68,2024-08-14,278.28,0.714,5.3423031262366445,151.62,-16.620000000000005,False,True,17595.9,0.8903838543727741,False
ITM12315,Apparel,233,71,13,2,14.48,6.66,0.87,L64,C,58,0.84,41.62,0.61,1,0.99,873,8.97,0.95,2024-04-25,127.13,0.827,16.091160220994475,28.96,204.04,False,False,9697.46,8.045580110497237,False
ITM12316,Automotive,488,92,3,9,24.21,6.38,0.24,L48,A,152,3.83,71.85,1.23,5,0.96,597,4.04,0.38,2024-11-20,264.22,0.499,20.156959933911605,217.89000000000001,270.11,False,False,35062.799999999996,2.239662214879067,False
ITM12317,Pharma,465,59,14,8,38.99,8.3,0.88,L67,C,117,1.3,160.31,0.72,1,0.77,228,14.85,0.37,2024-12-26,98.95,0.734,11.926134906386253,311.92,153.07999999999998,False,False,74544.15,1.4907668632982816,False
ITM12318,Pharma,391,51,11,2,40.28,2.19,0.38,L35,B,77,4.12,42.7,1.75,7,0.85,117,10.57,0.51,2024-12-29,251.13,0.498,9.707050645481628,80.56,310.44,False,False,16695.7,4.853525322740814,False
ITM12319,Groceries,313,38,4,7,32.83,7.15,0.39,L11,D,108,4.31,141.3,1.88,0,0.72,545,6.25,0.99,2024-11-27,141.81,0.637,9.533962838866891,229.81,83.19,False,False,44226.9,1.3619946912666987,False
ITM12320,Apparel,272,48,6,9,23.92,0.76,0.17,L94,C,28,3.37,117.07,0.94,1,0.99,50,14.55,0.47,2024-07-07,19.38,0.772,11.37123745819398,215.28000000000003,56.71999999999997,False,False,31843.039999999997,1.26347082868822,False
ITM12321,Automotive,162,69,11,9,29.21,7.11,0.9,L55,C,34,3.96,38.02,1.11,4,0.87,97,14.42,0.24,2024-10-28,151.22,0.623,5.546045874700445,262.89,-100.88999999999999,False,True,6159.240000000001,0.6162273194111605,False
ITM12322,Automotive,269,50,6,9,19.87,9.62,0.26,L11,C,113,1.27,140.89,1.3,5,0.77,466,2.11,0.41,2024-10-06,75.76,0.434,13.53799698037242,178.83,90.16999999999999,False,False,37899.409999999996,1.5042218867080466,False
ITM12323,Pharma,385,42,5,4,7.2,2.16,0.67,L56,B,85,3.09,37.05,1.36,8,0.79,713,1.28,0.65,2024-11-04,99.16,0.409,53.47222222222222,28.8,356.2,False,False,14264.249999999998,13.368055555555555,True
ITM12324,Apparel,455,92,3,8,19.9,3.46,0.68,L78,A,85,3.55,85.7,0.22,5,0.99,994,1.62,0.53,2024-04-10,208.46,0.604,22.864321608040203,159.2,295.8,False,False,38993.5,2.8580402010050254,False
ITM12325,Groceries,482,92,9,3,26.99,6.04,0.35,L24,D,115,3.48,68.63,0.2,7,0.88,246,10.59,0.82,2024-04-09,163.56,0.721,17.85846609855502,80.97,401.03,False,False,33079.659999999996,5.952822032851674,False
ITM12326,Apparel,321,25,8,7,30.34,7.46,0.99,L70,D,162,1.03,141.1,1.74,6,0.83,619,10.95,0.69,2024-05-30,267.7,0.556,10.58009228740936,212.38,108.62,False,False,45293.1,1.5114417553441943,False
ITM12327,Electronics,44,32,12,5,46.85,3.77,0.16,L38,D,42,2.05,158.65,0.52,0,0.85,97,11.14,0.65,2024-08-17,281.43,0.797,0.9391675560298826,234.25,-190.25,False,True,6980.6,0.18783351120597652,False
ITM12328,Apparel,296,16,6,3,39.09,6.81,0.65,L42,C,46,1.96,41.98,1.21,1,0.73,404,9.82,0.46,2024-03-31,210.38,0.628,7.572269122537733,117.27000000000001,178.73,False,False,12426.08,2.524089707512578,False
ITM12329,Electronics,491,35,8,6,8.45,9.04,0.53,L14,B,101,3.08,164.28,1.29,3,0.72,283,5.0,0.64,2024-12-15,260.43,0.55,58.10650887573965,50.699999999999996,440.3,False,False,80661.48,9.684418145956608,False
ITM12330,Electronics,396,21,8,8,9.53,7.4,0.32,L11,D,133,3.94,11.37,0.41,0,0.88,486,3.34,0.69,2024-02-08,66.57,0.718,41.55299055613851,76.24,319.76,False,False,4502.5199999999995,5.194123819517314,False
ITM12331,Groceries,397,81,6,5,5.92,7.25,0.25,L42,C,52,3.07,110.71,1.55,7,0.85,749,13.99,0.34,2024-04-05,32.99,0.53,67.0608108108108,29.6,367.4,False,False,43951.869999999995,13.412162162162161,False
ITM12332,Pharma,408,14,8,5,37.17,4.13,0.76,L85,A,135,3.9,108.19,1.75,3,0.81,943,13.78,0.79,2024-03-29,106.56,0.669,10.976594027441484,185.85000000000002,222.14999999999998,False,False,44141.52,2.195318805488297,False
ITM12333,Apparel,89,78,12,2,35.6,9.16,0.92,L38,C,18,0.95,128.53,0.64,6,0.87,675,4.39,0.51,2024-09-20,104.46,0.551,2.5,71.2,17.799999999999997,False,False,11439.17,1.25,False
ITM12334,Electronics,132,58,13,6,49.33,3.13,0.2,L40,D,23,4.45,55.54,1.77,6,0.72,139,3.35,0.79,2024-03-02,202.88,0.45,2.6758564767889723,295.98,-163.98000000000002,False,True,7331.28,0.4459760794648287,False
ITM12335,Apparel,382,35,10,2,26.58,2.45,0.27,L58,D,140,2.91,11.87,0.25,7,0.98,418,6.25,0.34,2024-07-12,253.7,0.582,14.37170805116629,53.16,328.84000000000003,False,False,4534.34,7.185854025583145,False
ITM12336,Pharma,131,14,5,2,41.49,3.96,0.99,L78,A,78,0.67,96.4,1.62,8,0.79,988,1.68,0.73,2024-01-21,96.1,0.404,3.1573873222463242,82.98,48.019999999999996,False,False,12628.400000000001,1.5786936611231621,False
ITM12337,Pharma,383,31,6,9,29.25,6.68,0.11,L92,B,35,3.39,23.57,1.32,8,0.72,218,3.27,0.22,2024-08-07,133.18,0.34,13.094017094017094,263.25,119.75,False,False,9027.31,1.4548907882241215,False
ITM12338,Automotive,322,88,12,8,43.83,8.69,0.56,L55,A,136,2.83,179.52,1.21,6,0.75,412,6.32,0.33,2024-05-22,40.44,0.459,7.346566278804472,350.64,-28.639999999999986,False,True,57805.44,0.918320784850559,False
ITM12339,Pharma,490,22,14,4,36.33,1.75,0.56,L22,A,62,1.49,43.0,0.54,8,0.73,971,4.34,0.91,2024-10-11,129.69,0.572,13.48747591522158,145.32,344.68,False,False,21070.0,3.371868978805395,False
ITM12340,Groceries,471,37,3,2,32.5,8.23,0.34,L89,D,50,3.94,90.79,0.79,4,0.75,922,11.32,0.57,2024-05-15,72.18,0.656,14.492307692307692,65.0,406.0,False,False,42762.090000000004,7.246153846153846,False
ITM12341,Electronics,110,42,6,3,28.69,8.22,0.7,L57,D,91,4.7,92.46,1.83,9,0.83,226,13.67,0.61,2024-03-07,120.91,0.507,3.8340885325897522,86.07000000000001,23.929999999999993,False,False,10170.599999999999,1.2780295108632507,False
ITM12342,Automotive,37,32,13,5,36.43,6.08,0.95,L45,B,111,1.95,115.04,0.98,3,0.92,549,13.73,0.93,2024-03-23,87.24,0.795,1.0156464452374416,182.15,-145.15,False,True,4256.4800000000005,0.20312928904748834,False
ITM12343,Groceries,168,27,12,8,21.56,7.73,0.51,L58,D,30,2.72,158.68,1.23,2,0.78,753,9.46,0.59,2024-10-26,244.53,0.637,7.792207792207793,172.48,-4.47999999999999,False,True,26658.24,0.9740259740259741,False
ITM12344,Apparel,495,39,12,2,5.73,2.23,0.77,L6,A,130,1.08,99.71,1.88,5,0.83,182,10.85,0.72,2024-05-10,11.18,0.567,86.38743455497382,11.46,483.54,False,False,49356.45,43.19371727748691,False
ITM12345,Electronics,246,35,14,7,2.96,2.11,0.68,L94,A,48,4.68,14.89,0.99,9,0.98,221,7.92,0.38,2024-01-03,108.23,0.499,83.10810810810811,20.72,225.28,False,False,3662.94,11.872586872586874,False
ITM12346,Pharma,233,25,11,3,24.47,8.7,0.53,L46,B,160,1.93,156.51,0.84,8,0.79,579,3.05,0.27,2024-06-18,291.08,0.409,9.521863506334288,73.41,159.59,False,False,36466.829999999994,3.1739545021114295,False
ITM12347,Electronics,379,86,10,6,30.37,5.23,0.14,L79,D,78,1.38,25.61,1.8,3,0.94,812,9.89,0.48,2024-08-26,206.91,0.576,12.47942048073757,182.22,196.78,False,False,9706.19,2.0799034134562615,False
ITM12348,Apparel,170,48,13,5,4.86,2.84,0.77,L56,D,84,2.65,131.9,1.83,1,0.75,490,5.9,0.84,2024-12-29,233.93,0.594,34.97942386831276,24.3,145.7,False,False,22423.0,6.995884773662551,False
ITM12349,Automotive,211,42,6,8,15.06,7.04,0.43,L36,A,166,0.69,162.65,0.77,2,0.75,161,1.08,0.56,2024-03-20,259.36,0.559,14.01062416998672,120.48,90.52,False,False,34319.15,1.75132802124834,False
ITM12350,Automotive,470,35,14,7,16.78,8.97,0.3,L82,A,71,1.64,63.71,1.22,2,0.84,89,9.05,0.33,2024-01-21,114.93,0.593,28.009535160905838,117.46000000000001,352.53999999999996,False,False,29943.7,4.001362165843691,False
ITM12351,Automotive,59,57,9,8,28.58,6.51,0.95,L8,D,54,0.8,95.33,1.93,1,0.77,151,3.78,0.64,2024-03-19,29.12,0.519,2.0643806857942617,228.64,-169.64,False,True,5624.47,0.2580475857242827,False
ITM12352,Pharma,261,74,12,8,14.65,3.8,0.8,L10,C,36,1.07,12.72,0.21,8,0.97,418,13.41,0.41,2024-06-14,129.1,0.674,17.81569965870307,117.2,143.8,False,False,3319.92,2.226962457337884,False
ITM12353,Groceries,157,47,5,7,5.69,5.09,0.97,L86,A,125,1.0,162.74,0.18,3,0.72,223,14.08,0.96,2024-11-01,199.28,0.846,27.59226713532513,39.830000000000005,117.16999999999999,False,False,25550.18,3.94175244790359,False
ITM12354,Groceries,364,11,11,6,9.08,7.65,0.33,L82,A,171,4.43,143.62,1.08,2,0.88,875,3.27,0.66,2024-01-27,117.53,0.604,40.08810572687224,54.480000000000004,309.52,False,False,52277.68,6.681350954478707,False
ITM12355,Electronics,199,15,12,7,9.52,1.14,0.85,L52,A,151,4.69,53.96,0.65,9,0.88,390,1.41,0.99,2024-11-16,140.01,0.548,20.903361344537817,66.64,132.36,False,False,10738.04,2.9861944777911167,False
ITM12356,Pharma,219,55,6,3,42.29,2.56,0.65,L47,B,50,2.64,84.14,1.21,5,0.72,969,1.06,0.23,2024-11-11,249.4,0.383,5.178529203121306,126.87,92.13,False,False,18426.66,1.7261764010404352,False
ITM12357,Automotive,222,59,4,9,14.93,4.89,0.98,L66,D,115,3.34,142.11,1.48,7,0.92,973,13.78,0.21,2024-12-04,20.51,0.522,14.869390488948426,134.37,87.63,False,False,31548.420000000002,1.6521544987720473,False
ITM12358,Automotive,80,47,12,8,36.02,6.24,0.95,L96,D,83,3.63,78.05,0.23,7,0.84,863,3.13,0.58,2024-06-03,107.07,0.563,2.220988339811216,288.16,-208.16000000000003,False,True,6244.0,0.277623542476402,False
ITM12359,Apparel,211,97,7,6,28.82,3.72,0.98,L87,D,69,2.26,40.86,1.78,9,0.92,245,7.09,0.89,2024-09-08,151.64,0.499,7.3213046495489245,172.92000000000002,38.079999999999984,False,False,8621.46,1.2202174415914875,False
ITM12360,Apparel,24,27,4,8,48.87,3.33,0.96,L21,A,51,2.17,108.52,0.63,5,0.95,633,1.8,0.62,2024-10-20,96.76,0.575,0.4910988336402701,390.96,-366.96,True,True,2604.48,0.061387354205033766,False
ITM12361,Automotive,397,36,12,7,14.37,0.89,0.11,L4,D,131,3.54,147.48,0.82,4,0.8,231,6.23,0.9,2024-10-08,139.29,0.661,27.627000695894225,100.58999999999999,296.41,False,False,58549.56,3.946714385127746,False
ITM12362,Automotive,256,50,8,6,8.76,0.81,0.77,L19,D,20,2.2,70.95,0.74,6,0.85,802,12.0,0.3,2024-07-02,126.51,0.596,29.223744292237445,52.56,203.44,False,False,18163.2,4.870624048706241,False
ITM12363,Pharma,200,81,13,6,3.55,3.15,0.34,L78,D,172,3.11,33.14,1.7,2,0.78,850,6.69,0.76,2024-02-07,277.93,0.587,56.33802816901409,21.299999999999997,178.7,False,False,6628.0,9.389671361502348,False
ITM12364,Groceries,330,83,12,2,12.81,5.54,0.73,L87,B,156,2.82,167.61,0.42,9,0.76,372,11.86,0.73,2024-12-28,153.01,0.634,25.761124121779858,25.62,304.38,False,False,55311.3,12.880562060889929,False
ITM12365,Apparel,56,26,3,2,34.52,5.79,0.98,L57,B,127,2.86,58.03,0.15,1,0.7,162,10.64,0.64,2024-06-11,148.13,0.775,1.6222479721900347,69.04,-13.040000000000006,False,True,3249.6800000000003,0.8111239860950173,False
ITM12366,Groceries,75,71,8,9,5.18,5.19,0.14,L5,A,74,4.23,107.43,1.95,7,0.99,901,8.24,0.52,2024-09-26,83.8,0.477,14.478764478764479,46.62,28.380000000000003,False,False,8057.250000000001,1.6087516087516087,False
ITM12367,Pharma,462,38,6,2,12.99,4.39,0.61,L17,D,56,3.67,141.36,1.96,8,0.83,724,11.33,0.72,2024-04-22,23.43,0.505,35.56581986143187,25.98,436.02,False,False,65308.32000000001,17.782909930715935,False
ITM12368,Automotive,256,67,5,7,42.91,2.9,0.76,L9,A,23,4.82,70.24,0.59,5,0.7,600,13.31,0.64,2024-04-04,96.85,0.686,5.965975297133536,300.37,-44.370000000000005,False,True,17981.44,0.8522821853047908,False
ITM12369,Groceries,377,79,4,5,29.56,4.31,0.33,L31,A,76,4.06,133.24,0.12,3,0.7,284,12.1,0.42,2024-09-23,17.89,0.713,12.753721244925575,147.79999999999998,229.20000000000002,False,False,50231.48,2.550744248985115,False
ITM12370,Automotive,368,87,9,3,4.41,1.82,0.3,L100,A,118,1.16,97.34,1.33,5,0.79,554,10.68,0.28,2024-02-04,249.76,0.523,83.44671201814059,13.23,354.77,False,False,35821.12,27.81557067271353,False
ITM12371,Automotive,216,31,11,7,3.34,1.59,0.15,L83,A,169,3.82,118.38,1.33,6,0.7,992,10.83,0.51,2024-09-15,69.24,0.533,64.67065868263474,23.38,192.62,False,False,25570.079999999998,9.238665526090676,False
ITM12372,Electronics,92,15,14,8,4.0,3.35,0.18,L47,A,19,3.5,122.21,1.89,7,0.81,120,3.26,0.61,2024-03-22,274.25,0.398,23.0,32.0,60.0,False,False,11243.32,2.875,False
ITM12373,Groceries,78,35,5,2,47.15,9.96,0.69,L47,A,133,3.41,166.59,0.67,2,0.72,268,14.31,0.61,2024-07-31,266.89,0.75,1.6542948038176035,94.3,-16.299999999999997,False,True,12994.02,0.8271474019088018,False
ITM12374,Groceries,259,48,8,6,42.64,3.6,0.55,L50,B,26,2.66,134.7,0.46,5,0.71,566,3.88,0.54,2024-10-05,202.76,0.556,6.074108818011257,255.84,3.1599999999999966,False,False,34887.299999999996,1.0123514696685427,False
ITM12375,Automotive,21,21,11,7,42.4,9.4,0.13,L73,C,177,0.78,60.22,1.27,9,0.9,802,5.89,0.46,2024-10-01,260.14,0.444,0.49528301886792453,296.8,-275.8,True,True,1264.62,0.07075471698113207,False
ITM12376,Pharma,468,23,4,6,46.29,4.23,0.97,L5,B,152,4.78,21.32,1.17,5,0.97,214,8.25,0.48,2024-07-25,264.6,0.583,10.110174983797796,277.74,190.26,False,False,9977.76,1.6850291639662993,False
ITM12377,Electronics,379,31,9,9,25.76,4.67,0.69,L78,A,106,4.33,10.38,1.46,9,0.82,562,2.77,0.41,2024-02-17,235.14,0.357,14.712732919254657,231.84,147.16,False,False,3934.0200000000004,1.6347481021394064,False
ITM12378,Automotive,207,60,7,8,13.12,8.07,0.56,L20,C,176,2.69,181.84,1.78,6,0.95,430,9.31,0.66,2024-06-27,157.3,0.548,15.777439024390246,104.96,102.04,False,False,37640.88,1.9721798780487807,False
ITM12379,Apparel,326,32,7,6,20.67,1.39,0.35,L87,C,66,1.21,189.0,1.16,3,0.71,233,3.56,0.88,2024-04-23,285.51,0.589,15.771649733913884,124.02000000000001,201.98,False,False,61614.0,2.6286082889856472,False
ITM12380,Apparel,49,57,13,6,36.22,2.23,0.69,L58,D,147,4.21,27.88,0.39,5,0.93,952,13.93,0.9,2024-04-19,247.14,0.813,1.35284373274434,217.32,-168.32,True,True,1366.12,0.22547395545739002,False
ITM12381,Electronics,286,80,9,9,43.93,9.75,0.43,L48,A,80,2.44,102.54,1.24,1,0.72,418,13.44,0.99,2024-12-05,46.83,0.777,6.51035738675165,395.37,-109.37,False,True,29326.440000000002,0.7233730429724056,False
ITM12382,Pharma,495,59,11,4,22.32,5.31,0.73,L48,A,106,2.26,38.8,0.81,7,0.95,497,8.62,0.27,2024-06-18,131.77,0.538,22.177419354838708,89.28,405.72,False,False,19206.0,5.544354838709677,False
ITM12383,Automotive,127,98,6,5,27.23,0.92,0.71,L57,B,26,3.49,190.26,0.96,2,0.96,57,7.29,0.37,2024-06-18,166.51,0.627,4.663973558575101,136.15,-9.150000000000006,False,True,24163.02,0.9327947117150203,False
ITM12384,Groceries,351,22,11,3,46.66,0.95,0.18,L98,C,85,3.91,56.9,1.92,8,0.94,669,2.44,0.78,2024-07-03,163.53,0.425,7.522503214744964,139.98,211.02,False,False,19971.899999999998,2.507501071581655,False
ITM12385,Electronics,442,94,13,3,6.27,9.12,0.92,L10,C,26,0.78,105.31,1.15,7,0.95,431,12.53,0.72,2024-05-30,120.07,0.646,70.49441786283892,18.81,423.19,False,False,46547.020000000004,23.49813928761297,False
ITM12386,Pharma,109,19,12,2,43.25,8.8,0.54,L74,A,120,3.95,41.47,0.38,5,0.87,431,6.31,0.31,2024-04-21,164.18,0.582,2.520231213872832,86.5,22.5,False,False,4520.23,1.260115606936416,False
ITM12387,Groceries,224,64,11,4,8.81,4.85,0.45,L18,D,129,3.8,73.22,0.94,9,0.78,497,4.45,0.7,2024-11-12,36.97,0.481,25.425652667423382,35.24,188.76,False,False,16401.28,6.3564131668558455,False
ITM12388,Apparel,398,18,6,7,24.71,2.05,0.96,L68,A,153,3.15,60.69,0.53,1,0.89,746,14.93,0.53,2024-09-28,200.02,0.81,16.106839336301093,172.97,225.03,False,False,24154.62,2.300977048043013,False
ITM12389,Apparel,475,88,5,9,11.7,8.39,0.49,L47,C,128,2.02,100.33,0.36,7,0.83,845,10.36,0.97,2024-08-31,154.35,0.722,40.5982905982906,105.3,369.7,False,False,47656.75,4.510921177587845,False
ITM12390,Groceries,466,61,4,7,30.54,3.58,0.75,L51,D,87,1.24,89.76,1.45,5,0.7,203,2.03,0.88,2024-10-14,238.42,0.498,15.258677144728226,213.78,252.22,False,False,41828.16,2.179811020675461,False
ITM12391,Electronics,467,11,11,3,28.37,4.48,0.69,L41,D,12,0.96,72.85,1.29,0,0.84,83,12.22,0.26,2024-11-28,211.08,0.654,16.46105040535777,85.11,381.89,False,False,34020.95,5.4870168017859235,False
ITM12392,Apparel,464,34,14,5,19.62,6.98,0.25,L84,C,117,0.51,30.12,1.05,5,0.9,546,11.51,0.27,2024-01-05,42.7,0.582,23.6493374108053,98.10000000000001,365.9,False,False,13975.68,4.72986748216106,False
ITM12393,Automotive,400,22,4,6,43.3,3.86,0.99,L36,A,60,1.43,102.05,0.9,4,0.7,913,6.62,0.53,2024-02-28,111.71,0.564,9.237875288683604,259.79999999999995,140.20000000000005,False,False,40820.0,1.5396458814472673,False
ITM12394,Groceries,457,60,8,8,33.33,6.47,0.52,L32,A,123,2.35,171.54,0.71,5,0.89,71,2.73,0.21,2024-12-08,223.51,0.485,13.711371137113712,266.64,190.36,False,False,78393.78,1.713921392139214,False
ITM12395,Groceries,239,67,7,2,36.34,8.91,0.46,L15,A,103,1.6,148.74,0.27,0,0.9,429,7.96,0.28,2024-06-26,107.7,0.715,6.576774903687396,72.68,166.32,False,False,35548.86,3.288387451843698,False
ITM12396,Apparel,397,43,7,5,8.38,8.08,0.93,L4,B,125,1.89,146.91,0.67,3,0.75,197,11.69,0.95,2024-08-16,174.4,0.769,47.374701670644384,41.900000000000006,355.1,False,False,58323.27,9.474940334128878,False
ITM12397,Electronics,113,44,6,3,44.28,4.13,0.58,L95,B,114,2.26,79.56,1.69,6,0.83,959,2.06,0.83,2024-05-03,288.77,0.47,2.5519421860885276,132.84,-19.840000000000003,False,True,8990.28,0.8506473953628425,False
ITM12398,Automotive,476,12,8,4,9.18,3.24,0.73,L24,D,108,1.89,144.6,1.59,4,0.99,712,3.29,0.74,2024-11-24,33.18,0.551,51.851851851851855,36.72,439.28,False,False,68829.59999999999,12.962962962962964,True
ITM12399,Electronics,122,68,7,2,11.92,3.21,0.86,L64,A,163,3.76,98.45,1.95,5,0.97,628,9.66,0.86,2024-11-10,65.18,0.6,10.234899328859061,23.84,98.16,False,False,12010.9,5.117449664429531,False
ITM12400,Pharma,242,79,13,9,7.27,3.81,0.31,L67,B,85,2.71,38.55,1.35,1,0.82,964,8.83,0.4,2024-11-14,149.38,0.607,33.287482806052274,65.42999999999999,176.57,False,False,9329.099999999999,3.698609200672475,False
ITM12401,Pharma,205,57,6,3,22.58,5.19,0.25,L50,D,168,0.59,89.62,1.15,7,0.8,639,13.67,0.78,2024-05-04,224.15,0.643,9.078830823737821,67.74,137.26,False,False,18372.100000000002,3.0262769412459405,False
ITM12402,Apparel,488,73,11,7,44.5,4.46,0.16,L72,C,90,1.52,35.22,0.66,9,0.74,793,12.41,0.69,2024-01-21,105.73,0.605,10.96629213483146,311.5,176.5,False,False,17187.36,1.5666131621187802,False
ITM12403,Apparel,203,28,8,2,13.37,1.76,0.91,L16,C,81,3.69,31.75,0.25,3,0.71,600,13.86,0.88,2024-12-15,44.06,0.818,15.183246073298431,26.74,176.26,False,False,6445.25,7.5916230366492155,False
ITM12404,Apparel,181,76,13,9,19.31,2.05,0.28,L34,A,156,1.85,14.38,1.27,5,0.79,726,7.52,0.43,2024-06-13,101.57,0.517,9.373381667529777,173.79,7.210000000000008,False,False,2602.78,1.0414868519477531,False
ITM12405,Pharma,266,91,12,3,42.46,3.76,0.38,L100,C,152,4.64,63.74,1.03,2,0.98,148,12.03,0.81,2024-07-14,196.89,0.775,6.264719736222327,127.38,138.62,False,False,16954.84,2.088239912074109,False
ITM12406,Electronics,50,82,12,7,31.27,5.84,0.36,L34,C,120,3.71,72.87,1.54,8,0.99,690,1.68,0.88,2024-02-28,239.84,0.482,1.598976654940838,218.89,-168.89,True,True,3643.5,0.22842523642011972,False
ITM12407,Electronics,71,85,12,8,37.83,6.13,0.37,L91,C,67,1.8,142.89,0.88,7,0.94,580,5.12,0.64,2024-07-16,293.33,0.556,1.8768173407348665,302.64,-231.64,True,True,10145.189999999999,0.2346021675918583,False
ITM12408,Apparel,364,14,5,7,11.49,5.12,0.7,L58,D,87,2.82,112.22,1.97,5,0.81,320,10.02,0.53,2024-05-11,230.79,0.505,31.67972149695387,80.43,283.57,False,False,40848.08,4.525674499564839,False
ITM12409,Automotive,95,76,12,6,36.11,7.52,0.96,L28,C,167,3.5,173.11,0.86,8,0.74,50,11.69,0.96,2024-10-03,152.76,0.65,2.6308501800055386,216.66,-121.66,False,True,16445.45,0.4384750300009231,False
ITM12410,Electronics,404,20,8,9,12.15,7.5,0.4,L79,C,57,1.37,43.53,0.73,9,0.88,336,8.99,0.34,2024-05-24,94.86,0.511,33.25102880658436,109.35000000000001,294.65,False,False,17586.12,3.694558756287151,False
ITM12411,Pharma,458,77,3,9,49.38,4.56,0.47,L37,D,65,1.61,60.53,1.75,8,0.89,229,7.73,0.23,2024-01-13,278.98,0.392,9.275010125556905,444.42,13.579999999999984,False,False,27722.74,1.030556680617434,False
ITM12412,Groceries,297,78,7,4,28.43,1.68,0.79,L89,B,51,2.78,188.8,0.85,1,0.83,988,4.27,0.34,2024-09-21,164.92,0.586,10.446711220541681,113.72,183.28,False,False,56073.600000000006,2.6116778051354204,False
ITM12413,Groceries,59,10,12,9,35.09,5.54,0.49,L63,D,33,4.66,94.37,1.75,8,0.91,305,3.44,0.75,2024-07-10,209.75,0.443,1.6813907096038756,315.81000000000006,-256.81000000000006,False,True,5567.83,0.18682118995598618,False
ITM12414,Groceries,120,72,8,6,6.8,4.12,0.93,L26,B,119,2.05,159.92,0.15,7,0.92,223,13.26,0.83,2024-09-20,147.01,0.772,17.647058823529413,40.8,79.2,False,False,19190.399999999998,2.9411764705882355,False
ITM12415,Automotive,130,38,13,3,13.28,1.81,0.55,L16,D,61,2.31,103.51,1.42,1,0.93,903,2.99,0.77,2024-09-17,80.21,0.618,9.789156626506024,39.839999999999996,90.16,False,False,13456.300000000001,3.2630522088353415,False
ITM12416,Apparel,404,91,10,8,7.85,9.83,0.41,L18,A,43,1.36,99.51,0.24,8,0.85,99,7.09,0.54,2024-08-16,168.61,0.589,51.46496815286624,62.8,341.2,False,False,40202.04,6.43312101910828,False
ITM12417,Pharma,340,21,13,5,20.12,4.01,0.97,L10,C,12,3.17,38.14,0.38,4,0.94,581,13.44,0.97,2024-09-06,253.57,0.843,16.898608349900595,100.60000000000001,239.39999999999998,False,False,12967.6,3.379721669980119,False
ITM12418,Automotive,268,86,11,8,14.92,6.45,0.48,L58,B,77,3.83,171.73,1.43,8,0.71,666,3.07,0.56,2024-01-23,121.16,0.392,17.962466487935657,119.36,148.64,False,False,46023.64,2.245308310991957,False
ITM12419,Pharma,210,50,13,8,36.91,5.16,0.31,L23,D,148,2.48,24.89,0.65,2,0.9,239,2.79,0.99,2024-05-31,203.93,0.71,5.689515036575455,295.28,-85.27999999999997,False,True,5226.900000000001,0.7111893795719318,False
ITM12420,Pharma,201,11,5,9,6.33,1.86,0.26,L92,B,150,3.88,68.95,0.5,3,0.77,800,10.7,0.93,2024-11-29,22.28,0.773,31.753554502369667,56.97,144.03,False,False,13858.95,3.5281727224855186,False
ITM12421,Apparel,445,46,4,8,37.85,1.03,1.0,L57,B,59,1.86,137.96,1.62,0,0.78,92,5.64,0.53,2024-04-08,281.6,0.575,11.756935270805812,302.8,142.2,False,False,61392.200000000004,1.4696169088507265,False
ITM12422,Groceries,424,54,6,9,3.24,6.44,0.78,L12,C,91,3.68,106.38,1.9,4,0.73,566,7.1,0.33,2024-06-13,291.28,0.437,130.86419753086417,29.160000000000004,394.84,False,False,45105.119999999995,14.540466392318242,False
ITM12423,Apparel,354,89,10,6,10.9,2.85,0.47,L88,B,28,1.66,177.46,0.54,6,0.76,809,9.76,0.27,2024-09-20,122.03,0.562,32.477064220183486,65.4,288.6,False,False,62820.840000000004,5.412844036697248,False
ITM12424,Automotive,228,57,13,5,39.81,2.81,0.84,L41,D,53,4.01,17.47,0.7,6,1.0,115,6.31,0.63,2024-02-12,154.53,0.62,5.7272042200452145,199.05,28.94999999999999,False,False,3983.16,1.145440844009043,False
ITM12425,Automotive,41,33,10,7,37.4,9.59,0.59,L86,A,170,4.24,133.39,1.46,5,0.82,445,12.2,0.81,2024-02-19,56.57,0.643,1.0962566844919786,261.8,-220.8,False,True,5468.99,0.15660809778456836,False
ITM12426,Automotive,185,31,5,9,24.34,4.89,0.39,L45,A,175,4.09,100.72,1.65,5,0.98,300,14.57,0.34,2024-03-26,66.9,0.593,7.600657354149548,219.06,-34.06,False,True,18633.2,0.8445174837943942,False
ITM12427,Apparel,118,20,6,3,3.45,0.78,0.77,L91,C,12,1.47,39.32,2.0,7,0.75,177,14.06,0.45,2024-10-02,184.6,0.487,34.20289855072463,10.350000000000001,107.65,False,False,4639.76,11.400966183574878,False
ITM12428,Pharma,227,67,5,4,30.88,3.73,0.77,L9,D,122,3.62,151.22,0.62,9,0.76,746,8.64,0.7,2024-09-30,191.83,0.565,7.351036269430052,123.52,103.48,False,False,34326.94,1.837759067357513,False
ITM12429,Pharma,27,55,12,5,20.93,6.05,0.55,L71,D,74,2.92,88.15,1.16,8,0.87,237,5.97,0.57,2024-01-04,109.07,0.492,1.2900143334925944,104.65,-77.65,True,True,2380.05,0.2580028666985189,False
ITM12430,Electronics,209,38,4,3,16.51,3.62,0.14,L70,A,172,4.94,111.0,0.35,3,0.8,232,7.07,0.68,2024-11-16,118.47,0.695,12.658994548758328,49.53,159.47,False,False,23199.0,4.219664849586109,False
ITM12431,Automotive,194,44,6,9,32.38,0.76,0.17,L38,D,173,2.13,193.78,0.73,3,0.89,632,5.62,0.74,2024-02-03,156.81,0.668,5.99135268684373,291.42,-97.42000000000002,False,True,37593.32,0.6657058540937478,False
ITM12432,Pharma,292,24,8,5,22.39,4.72,0.81,L39,B,175,3.97,102.38,0.19,7,0.83,627,7.18,0.5,2024-04-17,282.54,0.603,13.04153640017865,111.95,180.05,False,False,29894.96,2.60830728003573,False
ITM12433,Electronics,36,69,13,9,5.53,1.51,0.84,L21,C,48,2.17,166.44,0.5,4,0.94,890,1.18,0.83,2024-12-09,53.4,0.64,6.509945750452079,49.77,-13.770000000000003,True,True,5991.84,0.7233273056057866,False
ITM12434,Pharma,109,51,13,6,45.88,6.38,0.71,L92,A,162,2.29,156.22,1.06,9,0.83,811,1.77,0.76,2024-11-18,169.94,0.456,2.375762859633827,275.28000000000003,-166.28000000000003,False,True,17027.98,0.3959604766056379,False
ITM12435,Automotive,160,52,7,3,39.15,6.39,0.86,L91,C,73,1.0,135.92,0.41,8,0.87,716,11.8,0.75,2024-04-19,26.87,0.68,4.086845466155811,117.44999999999999,42.55000000000001,False,False,21747.199999999997,1.362281822051937,False
ITM12436,Groceries,164,89,5,6,3.76,0.86,0.75,L90,B,113,1.58,180.39,1.79,5,0.8,461,5.69,0.32,2024-12-16,142.92,0.421,43.61702127659575,22.56,141.44,False,False,29583.96,7.269503546099291,False
ITM12437,Automotive,185,83,4,2,26.73,3.26,0.91,L82,A,22,1.24,57.8,1.45,8,0.91,982,12.12,0.58,2024-08-05,125.19,0.555,6.921062476618032,53.46,131.54,False,False,10693.0,3.460531238309016,False
ITM12438,Apparel,356,58,11,3,5.09,4.43,0.24,L23,D,77,1.22,165.95,0.15,3,0.9,128,7.72,0.66,2024-02-23,57.62,0.74,69.9410609037328,15.27,340.73,False,False,59078.2,23.313686967910936,False
ITM12439,Pharma,97,73,3,5,42.03,5.73,0.45,L47,D,79,0.54,81.78,1.77,0,0.82,68,12.28,0.38,2024-04-15,57.56,0.627,2.3078753271472756,210.15,-113.15,False,True,7932.66,0.46157506542945514,False
ITM12440,Pharma,448,41,11,2,31.04,3.31,0.52,L66,B,84,4.07,164.37,1.96,3,0.78,527,10.29,0.81,2024-10-02,140.53,0.599,14.43298969072165,62.08,385.92,False,False,73637.76000000001,7.216494845360825,False
ITM12441,Apparel,281,73,3,6,9.45,3.23,0.37,L29,A,10,2.61,103.82,1.05,8,0.88,996,3.81,0.3,2024-12-25,46.71,0.422,29.735449735449738,56.699999999999996,224.3,False,False,29173.42,4.955908289241623,False
ITM12442,Apparel,182,11,9,6,2.02,9.84,0.75,L16,C,107,4.12,172.96,0.7,6,0.98,830,7.27,0.32,2024-08-10,95.49,0.567,90.0990099009901,12.120000000000001,169.88,False,False,31478.72,15.016501650165017,False
ITM12443,Groceries,385,33,8,5,2.55,0.9,0.92,L26,A,113,3.26,180.02,0.6,5,0.74,94,10.86,0.53,2024-11-27,30.65,0.639,150.98039215686276,12.75,372.25,False,False,69307.7,30.196078431372552,False
ITM12444,Pharma,33,96,9,2,25.86,9.9,0.47,L18,D,125,4.24,123.55,0.27,1,0.94,823,5.63,0.31,2024-02-06,96.22,0.678,1.2761020881670533,51.72,-18.72,True,True,4077.15,0.6380510440835266,False
ITM12445,Pharma,258,75,5,8,36.98,0.95,0.95,L31,A,146,2.77,106.45,1.03,3,0.86,271,3.71,0.21,2024-12-17,164.77,0.5,6.9767441860465125,295.84,-37.839999999999975,False,True,27464.100000000002,0.8720930232558141,False
ITM12446,Groceries,91,47,5,7,6.92,3.24,0.57,L64,A,173,0.92,158.82,0.2,0,0.86,178,8.56,0.53,2024-03-19,225.72,0.772,13.150289017341041,48.44,42.56,False,False,14452.619999999999,1.878612716763006,False
ITM12447,Electronics,464,40,13,4,11.84,5.19,0.57,L4,D,122,3.28,60.73,1.06,2,0.99,667,4.83,0.72,2024-01-13,250.82,0.66,39.18918918918919,47.36,416.64,False,False,28178.719999999998,9.797297297297298,False
ITM12448,Groceries,162,35,3,5,17.04,1.86,0.64,L47,D,112,3.55,12.92,0.58,1,0.88,812,9.32,0.6,2024-08-23,107.97,0.742,9.507042253521128,85.19999999999999,76.80000000000001,False,False,2093.04,1.9014084507042255,False
ITM12449,Automotive,329,38,6,6,11.69,1.78,0.34,L71,C,46,3.32,87.35,1.01,3,0.95,682,4.8,0.24,2024-06-18,282.25,0.541,28.1437125748503,70.14,258.86,False,False,28738.149999999998,4.69061876247505,False
ITM12450,Pharma,302,76,14,3,20.18,2.93,0.45,L74,A,115,4.11,106.48,0.89,3,0.85,279,13.69,0.39,2024-01-20,79.78,0.682,14.965312190287413,60.54,241.46,False,False,32156.960000000003,4.988437396762471,False
ITM12451,Apparel,288,87,4,2,28.42,9.75,0.6,L48,D,117,3.79,66.48,0.68,8,0.77,842,5.81,0.62,2024-02-14,33.37,0.527,10.133708655876143,56.84,231.16,False,False,19146.24,5.066854327938072,False
ITM12452,Automotive,260,34,12,9,34.56,4.11,0.95,L60,B,30,2.45,82.84,0.95,6,0.91,276,13.7,0.79,2024-02-07,278.25,0.708,7.523148148148148,311.04,-51.04000000000002,False,True,21538.4,0.8359053497942387,False
ITM12453,Pharma,434,57,10,7,48.22,5.88,0.68,L71,D,157,4.19,35.28,1.0,2,0.98,971,4.91,0.84,2024-01-28,166.55,0.689,9.000414765657403,337.53999999999996,96.46000000000004,False,False,15311.52,1.2857735379510575,False
ITM12454,Groceries,264,74,5,4,46.61,7.19,0.4,L17,C,138,3.61,62.69,1.68,6,0.95,446,9.46,0.62,2024-04-01,111.9,0.552,5.664020596438532,186.44,77.56,False,False,16550.16,1.416005149109633,False
ITM12455,Automotive,182,62,9,3,28.94,7.55,0.11,L79,C,37,1.04,55.62,1.36,7,0.76,324,2.82,0.72,2024-05-08,270.45,0.458,6.288873531444367,86.82000000000001,95.17999999999999,False,False,10122.84,2.0962911771481223,False
ITM12456,Pharma,79,76,9,2,36.97,7.04,0.98,L12,B,117,2.93,67.19,0.92,6,0.8,187,11.9,0.92,2024-10-12,234.97,0.691,2.1368677305923724,73.94,5.060000000000002,False,False,5308.01,1.0684338652961862,False
ITM12457,Electronics,25,99,14,7,47.59,3.7,0.54,L9,C,18,3.78,66.82,1.82,7,0.86,222,3.8,0.25,2024-02-06,251.41,0.351,0.5253204454717377,333.13,-308.13,True,True,1670.4999999999998,0.07504577792453396,False
ITM12458,Electronics,216,27,11,5,5.09,1.56,0.94,L40,A,173,2.99,116.2,1.54,8,0.87,376,13.1,0.28,2024-10-21,94.78,0.491,42.43614931237721,25.45,190.55,False,False,25099.2,8.487229862475441,False
ITM12459,Apparel,489,18,8,9,1.28,3.18,0.59,L51,C,171,4.77,57.61,0.24,0,0.76,832,7.33,0.57,2024-04-26,263.31,0.74,382.03125,11.52,477.48,False,False,28171.29,42.447916666666664,False
ITM12460,Pharma,77,47,3,7,2.46,2.5,0.64,L92,B,41,0.96,188.78,0.39,9,0.77,264,2.32,0.69,2024-05-12,198.43,0.504,31.30081300813008,17.22,59.78,False,False,14536.06,4.471544715447155,False
ITM12461,Electronics,324,96,10,5,28.6,1.79,0.74,L93,C,75,3.75,107.14,0.26,5,0.93,277,6.09,0.2,2024-07-27,224.02,0.581,11.328671328671328,143.0,181.0,False,False,34713.36,2.265734265734266,False
ITM12462,Groceries,426,30,3,9,38.38,0.73,0.39,L62,B,109,4.21,34.5,0.71,3,0.92,156,11.92,0.56,2024-07-17,100.6,0.724,11.099531005732151,345.42,80.57999999999998,False,False,14697.0,1.233281222859128,False
ITM12463,Pharma,236,74,5,9,18.99,9.39,0.73,L68,C,162,3.66,63.13,0.93,0,0.95,208,2.07,0.34,2024-08-18,81.05,0.593,12.4275934702475,170.91,65.09,False,False,14898.68,1.380843718916389,False
ITM12464,Groceries,437,30,13,8,27.72,9.25,0.57,L53,D,163,2.24,148.65,1.06,1,0.98,943,9.76,0.72,2024-11-18,128.37,0.744,15.764790764790765,221.76,215.24,False,False,64960.05,1.9705988455988457,False
ITM12465,Groceries,45,36,7,2,26.3,0.98,0.71,L99,B,30,2.23,12.6,1.72,9,0.79,185,8.1,0.41,2024-07-26,176.81,0.396,1.7110266159695817,52.6,-7.600000000000001,False,True,567.0,0.8555133079847909,False
ITM12466,Electronics,322,79,10,9,5.64,2.14,0.85,L53,C,91,3.14,188.19,0.13,3,0.96,812,5.34,0.92,2024-08-09,203.14,0.774,57.09219858156029,50.76,271.24,False,False,60597.18,6.343577620173366,False
ITM12467,Pharma,24,53,11,7,16.76,1.83,0.27,L74,A,33,2.29,94.58,0.91,0,0.9,79,11.58,0.25,2024-06-10,154.41,0.693,1.431980906921241,117.32000000000001,-93.32000000000001,True,True,2269.92,0.20456870098874871,False
ITM12468,Automotive,493,37,9,9,1.95,3.17,0.65,L10,B,120,4.47,109.01,0.88,5,0.99,147,1.73,0.85,2024-01-09,212.67,0.603,252.82051282051282,17.55,475.45,False,False,53741.93,28.09116809116809,True
ITM12469,Electronics,39,54,11,4,6.42,2.44,0.15,L17,B,101,0.99,197.8,1.9,0,0.78,658,7.97,0.51,2024-07-18,215.42,0.574,6.074766355140187,25.68,13.32,True,False,7714.200000000001,1.5186915887850467,False
ITM12470,Electronics,409,26,13,7,40.78,9.49,0.19,L41,C,21,3.38,105.65,0.56,8,0.78,818,8.1,0.89,2024-12-10,203.16,0.626,10.029426189308484,285.46000000000004,123.53999999999996,False,False,43210.850000000006,1.4327751699012121,False
ITM12471,Pharma,217,49,5,2,41.64,1.3,0.71,L83,D,148,1.1,190.07,0.33,9,0.91,833,2.21,0.85,2024-03-01,82.82,0.568,5.21133525456292,83.28,133.72,False,False,41245.189999999995,2.60566762728146,False
ITM12472,Pharma,78,12,7,3,40.3,2.51,0.16,L10,D,164,2.93,183.89,0.37,2,0.98,931,2.9,0.39,2024-09-30,139.44,0.636,1.935483870967742,120.89999999999999,-42.89999999999999,False,True,14343.419999999998,0.6451612903225806,False
ITM12473,Groceries,467,85,12,3,36.61,1.27,0.64,L58,C,32,3.72,188.85,1.09,0,0.95,572,6.74,0.24,2024-01-04,232.07,0.619,12.756077574433215,109.83,357.17,False,False,88192.95,4.252025858144405,False
ITM12474,Pharma,261,85,10,7,39.87,9.81,0.3,L60,C,170,1.24,164.35,0.84,5,0.92,972,8.51,0.76,2024-11-24,267.22,0.665,6.54627539503386,279.09,-18.089999999999975,False,True,42895.35,0.9351821992905515,False
ITM12475,Groceries,165,75,14,7,33.88,9.22,0.37,L88,A,101,3.67,66.32,1.53,5,0.82,391,1.74,0.36,2024-11-12,155.34,0.406,4.87012987012987,237.16000000000003,-72.16000000000003,False,True,10942.8,0.6957328385899814,False
ITM12476,Electronics,407,55,3,5,33.82,7.31,0.22,L67,C,175,1.13,75.81,0.71,6,0.92,217,1.16,0.94,2024-02-02,296.17,0.596,12.034299231224127,169.1,237.9,False,False,30854.670000000002,2.406859846244825,False
ITM12477,Apparel,292,95,10,2,33.7,4.55,0.32,L45,B,179,3.29,79.35,0.34,6,0.94,260,3.7,0.25,2024-10-26,60.67,0.533,8.664688427299703,67.4,224.6,False,False,23170.199999999997,4.332344213649852,False
ITM12478,Automotive,268,96,9,5,26.19,2.31,0.84,L17,C,132,2.77,196.04,0.84,9,0.93,733,7.83,0.46,2024-01-24,75.07,0.518,10.232913325696831,130.95000000000002,137.04999999999998,False,False,52538.72,2.046582665139366,False
ITM12479,Electronics,33,39,3,4,18.8,2.6,0.67,L100,A,166,1.84,78.54,1.78,3,0.9,887,1.56,0.21,2024-12-24,143.62,0.405,1.7553191489361701,75.2,-42.2,True,True,2591.82,0.43882978723404253,False
ITM12480,Pharma,481,78,12,8,36.78,4.71,0.95,L71,C,43,1.0,30.65,0.87,4,0.71,681,11.27,0.45,2024-02-07,157.53,0.615,13.077759651984774,294.24,186.76,False,False,14742.65,1.6347199564980968,False
ITM12481,Automotive,32,18,14,3,15.63,7.8,0.14,L82,C,134,3.81,157.88,1.68,2,0.9,234,3.13,0.63,2024-07-02,133.1,0.54,2.0473448496481126,46.89,-14.89,False,True,5052.16,0.6824482832160376,False
ITM12482,Apparel,410,94,12,9,27.6,3.01,0.81,L76,B,66,2.22,79.55,0.81,5,0.84,481,11.82,0.72,2024-09-14,134.82,0.689,14.855072463768115,248.4,161.6,False,False,32615.5,1.6505636070853462,False
ITM12483,Apparel,403,20,14,9,22.23,3.45,0.73,L24,D,12,0.89,127.98,0.63,6,0.99,473,3.87,0.78,2024-02-24,151.3,0.623,18.128654970760234,200.07,202.93,False,False,51575.94,2.014294996751137,False
ITM12484,Groceries,63,78,8,6,14.55,6.2,0.33,L99,C,15,3.98,185.63,1.57,8,0.88,88,5.85,0.87,2024-05-28,102.85,0.511,4.329896907216495,87.30000000000001,-24.30000000000001,True,True,11694.69,0.7216494845360825,False
ITM12485,Automotive,394,75,3,6,48.76,2.76,0.76,L17,A,57,1.55,119.35,0.5,8,0.88,436,7.71,0.29,2024-12-17,47.97,0.527,8.08039376538146,292.56,101.44,False,False,47023.899999999994,1.3467322942302433,False
ITM12486,Groceries,418,97,4,2,13.68,6.05,0.74,L56,C,111,3.81,131.16,0.54,4,1.0,818,5.86,0.81,2024-06-03,287.27,0.706,30.555555555555557,27.36,390.64,False,False,54824.88,15.277777777777779,False
ITM12487,Electronics,38,40,7,9,16.16,4.18,0.51,L65,C,129,3.04,132.14,0.19,3,0.73,840,1.33,0.42,2024-11-06,240.55,0.569,2.3514851485148514,145.44,-107.44,True,True,5021.32,0.26127612761276126,False
ITM12488,Automotive,82,42,4,2,8.92,0.83,0.72,L8,B,22,1.38,126.36,0.46,6,0.78,791,13.72,0.31,2024-02-14,246.32,0.635,9.192825112107624,17.84,64.16,False,False,10361.52,4.596412556053812,False
ITM12489,Electronics,258,48,12,6,41.33,4.33,0.5,L16,D,45,0.84,40.36,0.82,2,0.9,500,5.01,0.41,2024-05-24,115.84,0.607,6.242438906363416,247.98,10.02000000000001,False,False,10412.88,1.0404064843939027,False
ITM12490,Groceries,438,55,3,2,29.74,9.24,0.4,L67,D,79,3.17,96.72,0.86,3,0.79,164,2.9,0.89,2024-08-12,127.13,0.629,14.72763954270343,59.48,378.52,False,False,42363.36,7.363819771351715,False
ITM12491,Automotive,356,46,8,3,31.04,3.28,0.52,L20,D,42,0.61,11.46,0.9,8,0.8,979,2.86,0.7,2024-07-14,281.39,0.488,11.469072164948454,93.12,262.88,False,False,4079.76,3.823024054982818,False
ITM12492,Groceries,438,69,10,4,41.21,3.57,0.91,L39,C,114,0.79,128.99,1.01,4,0.97,450,14.64,0.68,2024-07-21,292.14,0.744,10.62848823101189,164.84,273.15999999999997,False,False,56497.62,2.6571220577529724,False
ITM12493,Automotive,422,40,10,4,17.8,1.13,0.45,L22,B,66,3.66,119.32,1.19,9,0.87,353,2.72,0.67,2024-12-04,283.36,0.445,23.707865168539325,71.2,350.8,False,False,50353.03999999999,5.926966292134831,False
ITM12494,Groceries,423,20,10,9,10.49,6.34,0.46,L21,B,64,2.92,70.45,0.46,6,0.73,652,5.85,0.53,2024-01-16,196.35,0.564,40.324118207816966,94.41,328.59000000000003,False,False,29800.350000000002,4.480457578646329,False
ITM12495,Apparel,119,96,13,5,10.72,8.57,0.65,L42,C,116,1.97,109.54,1.27,1,0.79,358,1.95,0.53,2024-08-30,80.39,0.543,11.100746268656716,53.6,65.4,False,False,13035.26,2.220149253731343,False
ITM12496,Groceries,182,11,8,3,36.9,3.85,0.78,L91,B,150,2.93,103.68,0.74,8,0.72,622,11.3,0.32,2024-03-21,185.44,0.525,4.932249322493226,110.69999999999999,71.30000000000001,False,False,18869.760000000002,1.6440831074977418,False
ITM12497,Apparel,435,36,13,8,31.09,2.78,0.76,L29,D,60,3.16,57.67,1.49,4,0.87,152,9.35,0.47,2024-09-30,180.84,0.564,13.991637182373754,248.72,186.28,False,False,25086.45,1.7489546477967193,False
ITM12498,Groceries,141,11,5,2,11.11,9.59,0.12,L45,B,101,3.04,65.72,1.16,4,0.75,776,8.47,0.61,2024-04-22,273.39,0.589,12.691269126912692,22.22,118.78,False,False,9266.52,6.345634563456346,False
ITM12499,Automotive,451,30,3,2,8.11,7.58,0.72,L67,C,62,3.39,154.88,1.15,3,0.96,151,12.98,0.68,2024-03-10,100.38,0.726,55.61035758323058,16.22,434.78,False,False,69850.88,27.80517879161529,False
ITM12500,Automotive,63,67,4,9,6.91,5.89,0.51,L37,C,45,4.73,153.59,1.4,7,0.87,956,9.03,0.26,2024-07-19,68.2,0.466,9.117221418234443,62.19,0.8100000000000023,True,False,9676.17,1.0130246020260492,False
ITM12501,Automotive,379,14,7,8,31.76,3.4,0.57,L11,A,142,2.25,99.26,0.73,3,0.72,704,14.38,0.47,2024-10-06,87.08,0.697,11.933249370277078,254.08,124.91999999999999,False,False,37619.54,1.4916561712846348,False
ITM12502,Pharma,427,61,12,5,1.01,2.6,0.61,L33,A,128,1.86,146.33,0.92,1,0.79,139,9.72,0.47,2024-05-31,80.51,0.67,422.7722772277228,5.05,421.95,False,False,62482.91,84.55445544554456,False
ITM12503,Electronics,336,54,7,5,1.9,7.3,0.76,L26,B,34,0.67,95.65,1.21,4,0.88,167,5.96,0.61,2024-11-20,198.03,0.576,176.8421052631579,9.5,326.5,False,False,32138.4,35.368421052631575,False
ITM12504,Automotive,400,94,12,2,20.09,5.46,0.85,L82,B,90,1.16,171.76,0.9,2,0.8,188,1.51,0.77,2024-03-14,245.61,0.604,19.91040318566451,40.18,359.82,False,False,68704.0,9.955201592832255,True
ITM12505,Apparel,164,29,3,2,34.88,5.45,0.68,L71,C,46,0.98,73.23,0.94,3,0.85,952,11.15,0.71,2024-06-01,116.75,0.707,4.70183486238532,69.76,94.24,False,False,12009.720000000001,2.35091743119266,False
ITM12506,Automotive,346,70,3,8,35.06,1.2,0.61,L36,A,28,2.01,186.19,0.62,2,0.97,352,6.23,0.66,2024-12-12,61.16,0.707,9.8687963491158,280.48,65.51999999999998,False,False,64421.74,1.233599543639475,False
ITM12507,Pharma,382,47,11,9,22.08,5.37,0.44,L17,A,44,3.24,113.03,0.65,6,0.81,801,9.39,0.43,2024-11-27,109.5,0.588,17.30072463768116,198.71999999999997,183.28000000000003,False,False,43177.46,1.922302737520129,False
ITM12508,Apparel,69,29,4,3,34.86,8.32,0.22,L81,D,116,0.71,111.78,1.43,5,0.8,697,13.27,0.87,2024-07-10,168.5,0.668,1.9793459552495698,104.58,-35.58,False,True,7712.82,0.65978198508319,False
ITM12509,Pharma,84,34,9,8,26.53,9.49,0.96,L39,D,171,3.77,137.45,0.11,1,0.95,566,1.11,0.83,2024-01-06,202.7,0.74,3.1662269129287597,212.24,-128.24,False,True,11545.8,0.39577836411609496,False
ITM12510,Apparel,374,11,12,5,48.87,1.51,0.52,L79,C,63,2.29,74.76,0.28,7,0.8,258,11.63,0.35,2024-10-10,169.44,0.617,7.652956824227543,244.35,129.65,False,False,27960.24,1.5305913648455085,False
ITM12511,Groceries,307,41,6,8,8.96,6.5,0.61,L69,C,15,4.84,147.62,1.9,4,0.72,136,7.09,0.72,2024-10-11,84.45,0.513,34.263392857142854,71.68,235.32,False,False,45319.340000000004,4.282924107142857,False
ITM12512,Electronics,183,35,9,8,30.43,5.9,0.78,L12,C,138,3.06,70.88,0.46,5,0.75,908,2.74,0.93,2024-03-13,276.23,0.627,6.013802168912258,243.44,-60.44,False,True,12971.039999999999,0.7517252711140322,False
ITM12513,Electronics,160,79,10,8,25.07,8.96,0.16,L65,C,43,3.97,85.53,0.89,7,0.98,368,9.15,0.55,2024-03-04,136.97,0.599,6.382130035899482,200.56,-40.56,False,True,13684.8,0.7977662544874352,False
ITM12514,Pharma,473,50,7,3,10.53,7.64,0.87,L83,A,65,4.38,138.19,1.71,6,0.98,838,8.46,0.94,2024-01-22,143.1,0.606,44.91927825261159,31.589999999999996,441.41,False,False,65363.869999999995,14.97309275087053,False
ITM12515,Electronics,333,76,14,7,37.75,9.67,0.82,L22,C,106,4.5,81.91,0.1,2,0.77,936,12.79,0.22,2024-01-03,290.54,0.719,8.821192052980132,264.25,68.75,False,False,27276.03,1.260170293282876,False
ITM12516,Pharma,147,10,14,2,14.5,9.62,0.8,L76,C,35,2.83,48.0,1.86,1,0.87,682,8.3,0.61,2024-10-20,261.83,0.601,10.137931034482758,29.0,118.0,False,False,7056.0,5.068965517241379,False
ITM12517,Pharma,417,60,3,6,19.7,2.64,0.12,L75,A,179,2.29,175.66,0.2,2,0.74,294,12.58,0.41,2024-11-01,243.82,0.738,21.16751269035533,118.19999999999999,298.8,False,False,73250.22,3.5279187817258886,False
ITM12518,Pharma,440,14,6,9,19.37,7.39,0.57,L20,D,100,3.02,185.21,0.42,7,0.9,919,8.62,0.41,2024-07-20,62.98,0.595,22.715539494062984,174.33,265.66999999999996,False,False,81492.40000000001,2.523948832673665,False
ITM12519,Electronics,387,22,12,8,12.97,5.54,0.15,L22,C,47,2.31,129.08,0.16,3,0.76,139,7.26,0.9,2024-10-02,253.05,0.753,29.838087895142635,103.76,283.24,False,False,49953.96000000001,3.7297609868928294,False
ITM12520,Pharma,482,28,5,9,22.1,2.54,0.6,L85,D,163,1.58,164.12,1.09,7,0.71,527,6.2,0.45,2024-10-07,142.04,0.466,21.80995475113122,198.9,283.1,False,False,79105.84,2.4233283056812467,False
ITM12521,Electronics,258,21,12,6,24.19,2.35,0.75,L80,A,68,1.96,197.46,1.89,3,0.95,701,3.43,0.22,2024-02-13,70.72,0.431,10.665564282761471,145.14000000000001,112.85999999999999,False,False,50944.68,1.7775940471269118,False
ITM12522,Pharma,343,57,14,7,37.47,1.27,0.21,L93,D,136,1.55,126.81,1.69,6,0.8,161,9.18,0.63,2024-06-05,297.36,0.519,9.15398985855351,262.28999999999996,80.71000000000004,False,False,43495.83,1.3077128369362157,False
ITM12523,Automotive,315,34,7,2,38.49,8.06,0.73,L78,A,33,1.71,182.67,1.32,5,0.73,956,8.62,0.98,2024-04-17,59.9,0.625,8.18394388152767,76.98,238.01999999999998,False,False,57541.049999999996,4.091971940763835,False
ITM12524,Pharma,206,66,12,5,8.77,3.58,0.5,L44,C,120,0.92,78.26,0.45,9,0.95,999,14.66,0.26,2024-06-25,277.36,0.612,23.489167616875715,43.849999999999994,162.15,False,False,16121.560000000001,4.697833523375143,False
ITM12525,Apparel,227,44,12,6,30.05,8.64,0.83,L73,D,30,2.42,143.09,1.75,0,0.93,443,6.77,0.43,2024-04-18,10.15,0.587,7.554076539101497,180.3,46.69999999999999,False,False,32481.43,1.2590127565169162,False
ITM12526,Pharma,239,85,8,9,44.91,6.28,0.58,L6,C,69,1.56,20.6,1.53,7,0.91,936,6.9,0.58,2024-07-30,137.0,0.497,5.321754620351816,404.18999999999994,-165.18999999999994,False,True,4923.400000000001,0.5913060689279795,False
ITM12527,Groceries,419,14,4,9,6.33,6.9,0.4,L4,B,99,2.52,159.9,0.61,5,0.97,289,3.29,0.86,2024-11-26,18.67,0.649,66.19273301737756,56.97,362.03,False,False,66998.1,7.354748113041952,False
ITM12528,Pharma,209,31,9,9,24.17,3.27,0.4,L11,B,157,4.06,167.66,1.63,1,0.85,321,9.37,0.42,2024-09-19,274.61,0.596,8.647083160943318,217.53000000000003,-8.53000000000003,False,True,35040.94,0.9607870178825908,False
ITM12529,Apparel,407,86,5,5,37.77,4.84,0.91,L6,D,15,2.52,86.22,1.77,4,0.74,192,12.87,0.47,2024-03-13,46.51,0.557,10.775747948106963,188.85000000000002,218.14999999999998,False,False,35091.54,2.1551495896213924,False
ITM12530,Apparel,448,66,3,6,30.96,4.42,0.51,L83,A,19,4.8,131.4,1.43,1,0.72,768,4.47,0.51,2024-03-23,205.2,0.543,14.470284237726098,185.76,262.24,False,False,58867.200000000004,2.411714039621016,False
ITM12531,Electronics,365,56,12,9,5.93,2.74,0.47,L99,D,149,1.17,173.09,0.29,9,0.8,168,1.13,0.5,2024-04-04,193.05,0.466,61.55143338954469,53.37,311.63,False,False,63177.85,6.839048154393854,False
ITM12532,Automotive,303,63,5,5,20.43,8.41,0.14,L74,A,106,4.33,177.89,1.97,6,0.73,645,10.68,0.36,2024-04-23,235.93,0.443,14.831130690161528,102.15,200.85,False,False,53900.67,2.9662261380323054,False
ITM12533,Pharma,371,12,11,8,25.85,6.41,0.43,L34,B,159,1.62,30.24,0.24,9,0.86,949,1.44,0.93,2024-11-11,226.59,0.573,14.352030947775628,206.8,164.2,False,False,11219.039999999999,1.7940038684719535,False
ITM12534,Electronics,256,62,12,9,49.8,0.86,0.86,L84,A,89,4.7,167.22,1.34,5,0.7,300,6.73,0.83,2024-05-09,19.41,0.562,5.140562248995984,448.2,-192.2,False,True,42808.32,0.571173583221776,False
ITM12535,Automotive,213,93,13,6,9.75,8.29,0.78,L27,B,26,1.52,62.11,0.31,6,0.83,327,9.58,0.98,2024-04-09,122.64,0.739,21.846153846153847,58.5,154.5,False,False,13229.43,3.641025641025641,False
ITM12536,Pharma,306,40,13,5,49.14,1.51,0.3,L99,D,147,3.86,148.19,1.82,5,0.75,212,6.4,0.5,2024-02-28,103.53,0.453,6.227106227106227,245.7,60.30000000000001,False,False,45346.14,1.2454212454212454,False
ITM12537,Groceries,278,78,8,7,19.43,4.34,0.47,L74,C,149,0.78,71.78,0.76,9,0.81,703,4.65,0.24,2024-04-02,292.14,0.416,14.307771487390633,136.01,141.99,False,False,19954.84,2.043967355341519,False
ITM12538,Pharma,265,97,13,3,10.82,5.93,0.28,L54,C,92,3.33,20.7,1.07,0,0.9,399,12.19,0.29,2024-12-09,234.72,0.694,24.491682070240294,32.46,232.54,False,False,5485.5,8.163894023413432,False
ITM12539,Apparel,155,42,8,5,21.29,0.57,0.96,L80,C,49,1.48,49.88,0.44,2,0.81,80,5.21,0.49,2024-10-17,215.31,0.645,7.280413339596055,106.44999999999999,48.55000000000001,False,False,7731.400000000001,1.456082667919211,False
ITM12540,Apparel,299,81,6,3,31.09,6.7,0.64,L82,A,160,3.52,87.65,1.14,9,0.8,507,3.52,0.93,2024-01-28,138.23,0.499,9.61724027018334,93.27,205.73000000000002,False,False,26207.350000000002,3.20574675672778,False
ITM12541,Groceries,290,97,10,3,11.46,6.77,0.78,L4,C,177,3.36,150.83,1.88,1,1.0,887,6.44,0.98,2024-10-08,268.38,0.674,25.305410122164048,34.38,255.62,False,False,43740.700000000004,8.435136707388017,False
ITM12542,Electronics,190,59,7,2,15.28,6.7,0.74,L64,A,83,4.66,29.13,1.81,0,0.92,140,2.84,0.86,2024-08-24,14.88,0.613,12.43455497382199,30.56,159.44,False,False,5534.7,6.217277486910995,False
ITM12543,Automotive,178,93,9,8,42.87,2.05,0.89,L81,C,83,3.32,164.46,0.22,0,0.85,177,10.67,0.39,2024-11-26,76.25,0.768,4.152087707021227,342.96,-164.95999999999998,False,True,29273.88,0.5190109633776534,False
ITM12544,Pharma,220,25,11,7,49.95,2.93,0.95,L70,A,59,2.34,199.42,0.82,3,0.87,828,10.94,0.73,2024-10-08,211.55,0.724,4.404404404404404,349.65000000000003,-129.65000000000003,False,True,43872.399999999994,0.6292006292006291,False
ITM12545,Apparel,64,85,7,3,16.59,2.85,0.13,L38,A,19,1.37,159.77,0.61,0,0.89,597,1.21,0.68,2024-02-07,157.43,0.669,3.857745629897529,49.769999999999996,14.230000000000004,True,False,10225.28,1.2859152099658429,False
ITM12546,Electronics,469,86,13,4,8.29,9.62,0.98,L83,B,112,3.46,100.01,1.01,1,0.71,897,10.73,0.86,2024-05-28,164.8,0.736,56.57418576598312,33.16,435.84000000000003,False,False,46904.69,14.14354644149578,False
ITM12547,Groceries,283,48,7,8,39.87,1.14,0.88,L39,B,103,1.02,117.95,1.68,0,0.72,841,5.19,0.61,2024-12-09,130.74,0.567,7.098068723350891,318.96,-35.95999999999998,False,True,33379.85,0.8872585904188613,False
ITM12548,Apparel,90,98,6,3,30.42,4.57,0.44,L62,D,141,4.23,11.17,1.5,5,0.89,774,10.19,0.45,2024-02-04,58.27,0.554,2.9585798816568047,91.26,-1.2600000000000051,True,True,1005.3,0.9861932938856016,False
ITM12549,Groceries,383,55,8,5,5.92,8.78,0.85,L32,B,138,1.61,49.76,0.75,3,0.81,558,10.89,0.22,2024-05-08,58.2,0.616,64.69594594594595,29.6,353.4,False,False,19058.079999999998,12.93918918918919,False
ITM12550,Pharma,390,97,4,3,47.39,7.81,0.76,L88,A,52,2.86,180.81,0.83,7,0.72,985,4.89,0.84,2024-02-20,95.4,0.554,8.229584300485334,142.17000000000002,247.82999999999998,False,False,70515.9,2.7431947668284447,False
ITM12551,Automotive,122,56,5,5,4.82,8.31,0.81,L52,B,92,3.18,14.13,1.34,4,0.79,794,3.6,0.62,2024-04-11,145.81,0.516,25.311203319502074,24.1,97.9,False,False,1723.8600000000001,5.062240663900415,False
ITM12552,Apparel,144,53,3,9,31.64,9.74,0.3,L39,B,142,2.13,181.91,0.47,9,0.74,789,12.57,0.63,2024-10-24,249.0,0.615,4.551201011378002,284.76,-140.76,False,True,26195.04,0.5056890012642224,False
ITM12553,Apparel,332,18,4,5,21.77,4.18,0.68,L59,B,113,3.49,31.52,0.3,4,0.97,930,11.35,0.97,2024-09-06,139.58,0.829,15.250344510794672,108.85,223.15,False,False,10464.64,3.0500689021589347,False
ITM12554,Pharma,483,96,4,4,28.27,3.44,0.12,L10,A,43,1.63,35.28,0.56,7,0.76,859,12.72,0.59,2024-06-18,270.36,0.644,17.085249380969227,113.08,369.92,False,False,17040.24,4.271312345242307,False
ITM12555,Electronics,305,59,10,3,11.45,0.79,0.86,L89,A,33,0.66,43.32,0.34,9,0.74,286,7.1,0.45,2024-07-01,44.95,0.519,26.63755458515284,34.349999999999994,270.65,False,False,13212.6,8.879184861717613,False
ITM12556,Automotive,477,86,10,3,34.72,1.93,0.96,L8,D,151,4.82,161.88,0.77,5,0.89,582,7.39,0.47,2024-03-06,88.81,0.594,13.738479262672811,104.16,372.84000000000003,False,False,77216.76,4.579493087557604,False
ITM12557,Apparel,249,69,4,6,48.03,5.84,0.7,L21,B,50,1.94,100.86,1.88,5,0.86,657,5.82,0.21,2024-12-09,30.45,0.404,5.184259837601499,288.18,-39.18000000000001,False,True,25114.14,0.8640433062669165,False
ITM12558,Automotive,165,24,8,8,23.46,2.0,0.56,L57,B,179,3.71,37.59,0.33,2,0.87,100,7.99,0.3,2024-12-01,157.91,0.668,7.033248081841432,187.68,-22.680000000000007,False,True,6202.35,0.879156010230179,False
ITM12559,Apparel,389,45,7,6,26.62,7.49,0.75,L54,A,22,2.78,140.49,1.65,5,0.83,898,10.05,0.24,2024-04-30,36.11,0.483,14.613072877535688,159.72,229.28,False,False,54650.61,2.435512146255948,False
ITM12560,Automotive,216,72,5,2,12.75,0.85,0.39,L62,D,166,3.51,188.73,1.12,9,0.84,872,12.4,0.39,2024-02-21,240.75,0.519,16.941176470588236,25.5,190.5,False,False,40765.68,8.470588235294118,False
ITM12561,Groceries,392,78,7,5,44.7,2.97,0.66,L60,D,171,1.0,118.77,1.3,6,0.93,518,3.56,0.25,2024-05-25,21.53,0.433,8.769574944071588,223.5,168.5,False,False,46557.84,1.7539149888143175,False
ITM12562,Apparel,240,95,7,4,48.59,7.11,0.75,L27,A,141,2.83,28.75,0.42,1,0.77,941,6.68,0.46,2024-11-13,147.86,0.673,4.939287919324964,194.36,45.639999999999986,False,False,6900.0,1.234821979831241,False
ITM12563,Automotive,442,89,7,6,39.53,2.93,0.23,L44,B,37,2.26,20.4,0.39,2,0.82,437,7.46,0.3,2024-02-05,131.98,0.644,11.18138122944599,237.18,204.82,False,False,9016.8,1.8635635382409983,False
ITM12564,Electronics,79,50,5,3,27.6,7.42,0.23,L78,D,92,2.53,161.22,0.41,5,0.99,111,7.83,0.93,2024-04-09,68.65,0.747,2.86231884057971,82.80000000000001,-3.8000000000000114,False,True,12736.38,0.9541062801932366,False
ITM12565,Groceries,117,83,5,2,47.88,9.96,0.74,L19,D,138,4.85,128.96,1.37,9,0.76,392,8.59,0.95,2024-06-11,180.19,0.54,2.443609022556391,95.76,21.239999999999995,False,False,15088.320000000002,1.2218045112781954,False
ITM12566,Groceries,190,33,6,4,8.54,8.07,0.49,L41,B,173,1.11,185.3,1.52,8,0.79,202,12.22,0.68,2024-09-05,121.97,0.545,22.248243559718972,34.16,155.84,False,False,35207.0,5.562060889929743,False
ITM12567,Electronics,401,91,9,7,24.45,3.75,0.9,L92,D,116,3.9,113.98,1.85,8,0.76,785,13.41,0.84,2024-08-18,67.41,0.554,16.40081799591002,171.15,229.85,False,False,45705.98,2.3429739994157175,False
ITM12568,Automotive,192,58,14,3,27.34,9.06,0.38,L41,B,22,1.99,21.86,0.86,7,0.71,703,3.23,0.74,2024-06-17,249.7,0.507,7.022677395757133,82.02,109.98,False,False,4197.12,2.3408924652523777,False
ITM12569,Pharma,170,27,14,3,25.1,0.99,0.14,L94,D,123,1.81,86.7,0.98,7,0.78,90,10.98,0.85,2024-11-11,201.6,0.634,6.772908366533864,75.30000000000001,94.69999999999999,False,False,14739.0,2.2576361221779546,False
ITM12570,Electronics,472,16,14,9,40.32,7.39,0.68,L45,D,115,1.72,135.02,0.99,8,0.71,535,7.71,0.71,2024-12-03,13.52,0.528,11.706349206349206,362.88,109.12,False,False,63729.44,1.3007054673721339,False
ITM12571,Automotive,369,13,4,7,33.85,0.72,0.72,L52,A,14,2.07,83.13,0.61,8,0.75,727,6.85,0.54,2024-06-05,155.54,0.528,10.901033973412112,236.95000000000002,132.04999999999998,False,False,30674.969999999998,1.5572905676303017,False
ITM12572,Electronics,409,99,12,5,7.21,2.16,0.6,L17,D,106,2.11,199.92,0.72,9,0.81,751,2.59,0.9,2024-12-21,88.68,0.525,56.72676837725381,36.05,372.95,False,False,81767.28,11.345353675450763,True
ITM12573,Electronics,459,78,6,5,17.98,9.88,0.71,L98,B,23,1.72,87.02,1.71,8,0.71,858,1.9,0.55,2024-10-26,275.38,0.346,25.528364849833146,89.9,369.1,False,False,39942.18,5.105672969966629,False
ITM12574,Apparel,141,69,6,6,17.61,3.93,0.57,L48,D,89,3.5,113.78,0.75,4,0.93,606,14.69,0.52,2024-03-19,220.42,0.731,8.006814310051107,105.66,35.34,False,False,16042.98,1.3344690516751845,False
ITM12575,Automotive,127,64,3,6,28.72,8.29,0.72,L66,A,129,0.71,52.82,1.75,5,0.94,769,9.99,0.7,2024-10-16,187.37,0.586,4.422005571030641,172.32,-45.31999999999999,False,True,6708.14,0.7370009285051068,False
ITM12576,Pharma,23,25,12,3,15.28,4.07,0.14,L72,D,169,2.0,38.91,0.68,4,0.82,431,7.33,0.95,2024-10-17,35.83,0.704,1.505235602094241,45.839999999999996,-22.839999999999996,True,True,894.93,0.5017452006980804,False
ITM12577,Apparel,112,99,10,8,6.75,8.48,0.43,L14,C,164,1.76,132.61,0.75,0,1.0,145,11.66,0.55,2024-07-05,279.89,0.79,16.59259259259259,54.0,58.0,False,False,14852.320000000002,2.074074074074074,False
ITM12578,Electronics,426,91,3,3,33.03,9.67,0.29,L41,B,44,3.88,121.84,1.16,3,0.9,961,2.28,0.66,2024-06-10,51.82,0.566,12.897366030881017,99.09,326.90999999999997,False,False,51903.840000000004,4.299122010293672,False
ITM12579,Electronics,25,38,10,6,42.7,4.64,0.19,L31,C,12,1.16,10.82,0.3,0,0.92,836,9.5,0.59,2024-08-07,140.72,0.799,0.585480093676815,256.20000000000005,-231.20000000000005,True,True,270.5,0.0975800156128025,False
ITM12580,Electronics,307,32,9,7,46.65,5.81,0.31,L60,A,13,4.73,64.11,1.85,0,0.76,342,10.25,0.93,2024-03-27,207.5,0.69,6.580921757770633,326.55,-19.55000000000001,False,True,19681.77,0.940131679681519,False
ITM12581,Automotive,125,23,11,6,48.66,6.47,0.27,L16,C,144,1.27,132.28,1.66,2,0.95,284,7.33,0.74,2024-01-03,153.48,0.63,2.5688450472667492,291.96,-166.95999999999998,False,True,16535.0,0.4281408412111249,False
ITM12582,Automotive,165,88,10,3,39.27,9.38,0.98,L35,D,140,2.17,164.33,1.37,6,0.98,390,4.54,0.54,2024-06-09,265.92,0.508,4.201680672268907,117.81,47.19,False,False,27114.45,1.4005602240896355,False
ITM12583,Apparel,290,58,7,4,7.85,2.94,0.36,L58,B,90,1.4,69.35,1.98,0,0.77,768,14.36,0.69,2024-05-06,252.25,0.685,36.94267515923567,31.4,258.6,False,False,20111.5,9.235668789808917,False
ITM12584,Pharma,443,42,10,3,42.8,6.31,0.31,L32,C,120,1.79,133.01,0.13,6,0.91,587,5.22,0.32,2024-04-23,49.26,0.583,10.350467289719626,128.39999999999998,314.6,False,False,58923.42999999999,3.4501557632398754,False
ITM12585,Apparel,397,34,13,4,20.6,3.58,0.85,L19,D,68,3.92,60.4,0.88,9,0.92,399,2.75,0.47,2024-12-30,189.11,0.447,19.271844660194173,82.4,314.6,False,False,23978.8,4.817961165048543,False
ITM12586,Groceries,115,30,12,4,36.77,2.56,0.48,L13,C,83,2.64,141.17,1.73,9,0.79,921,9.83,0.79,2024-11-24,25.14,0.494,3.127549632852869,147.08,-32.08000000000001,False,True,16234.55,0.7818874082132172,False
ITM12587,Electronics,476,26,14,3,27.03,1.31,0.48,L7,D,138,1.23,142.61,0.92,0,0.84,256,9.04,0.65,2024-08-11,218.97,0.727,17.61006289308176,81.09,394.90999999999997,False,False,67882.36,5.870020964360587,False
ITM12588,Electronics,248,32,14,8,41.6,6.4,0.5,L38,D,165,0.71,34.74,0.11,8,0.73,540,11.57,0.45,2024-05-21,223.45,0.619,5.961538461538462,332.8,-84.80000000000001,False,True,8615.52,0.7451923076923077,False
ITM12589,Electronics,221,66,5,8,21.85,8.88,0.47,L50,C,68,1.53,136.37,0.4,4,0.75,430,11.55,0.49,2024-07-03,109.9,0.682,10.11441647597254,174.8,46.19999999999999,False,False,30137.77,1.2643020594965675,False
ITM12590,Apparel,231,90,12,2,4.03,3.84,0.39,L79,A,127,4.76,73.38,0.92,5,0.72,190,9.68,0.85,2024-03-09,238.11,0.651,57.32009925558312,8.06,222.94,False,False,16950.78,28.66004962779156,False
ITM12591,Apparel,25,67,9,6,28.28,5.75,0.36,L54,B,147,4.3,42.79,1.37,8,0.87,908,3.91,0.63,2024-12-13,199.28,0.455,0.884016973125884,169.68,-144.68,True,True,1069.75,0.14733616218764733,False
ITM12592,Electronics,131,23,14,8,9.39,6.6,0.89,L32,A,112,2.48,105.07,0.41,2,0.89,648,13.42,0.39,2024-06-18,156.17,0.754,13.951011714589988,75.12,55.879999999999995,False,False,13764.169999999998,1.7438764643237485,False
ITM12593,Apparel,395,29,6,5,48.31,4.44,0.25,L21,C,140,2.67,95.94,0.95,2,0.97,979,4.48,0.44,2024-09-02,142.03,0.607,8.176361001862968,241.55,153.45,False,False,37896.299999999996,1.6352722003725937,False
ITM12594,Automotive,398,39,7,3,26.82,9.08,0.26,L42,D,144,4.55,157.04,0.12,4,0.86,940,2.32,0.57,2024-08-24,41.65,0.625,14.839671886651752,80.46000000000001,317.53999999999996,False,False,62501.92,4.946557295550584,False
ITM12595,Automotive,466,28,11,4,28.12,3.95,0.61,L74,C,18,3.16,26.06,1.01,6,0.78,659,5.22,0.81,2024-08-16,164.02,0.567,16.571834992887624,112.48,353.52,False,False,12143.96,4.142958748221906,False
ITM12596,Apparel,342,62,9,3,45.46,1.69,0.41,L93,D,108,4.46,160.05,1.8,2,0.72,72,7.77,1.0,2024-07-02,55.27,0.628,7.5230972283326,136.38,205.62,False,False,54737.100000000006,2.5076990761108666,False
ITM12597,Electronics,125,65,6,6,31.6,1.87,0.48,L41,D,150,2.71,30.16,1.23,3,0.97,811,3.9,0.35,2024-06-05,200.25,0.533,3.9556962025316453,189.60000000000002,-64.60000000000002,False,True,3770.0,0.6592827004219409,False
ITM12598,Apparel,158,86,8,7,15.83,8.96,0.83,L25,A,177,1.4,49.42,0.94,1,0.84,413,5.67,0.8,2024-09-06,182.47,0.69,9.98104864181933,110.81,47.19,False,False,7808.360000000001,1.4258640916884757,False
ITM12599,Apparel,318,91,12,8,15.51,9.89,0.91,L98,A,123,3.77,108.02,0.41,8,0.92,811,8.19,0.69,2024-10-09,94.25,0.63,20.502901353965186,124.08,193.92000000000002,False,False,34350.36,2.562862669245648,False
ITM12600,Apparel,420,32,13,8,25.58,3.24,0.81,L21,C,71,2.87,98.0,0.48,9,0.7,197,5.52,0.62,2024-02-25,81.63,0.51,16.41907740422205,204.64,215.36,False,False,41160.0,2.0523846755277564,False
ITM12601,Groceries,115,71,9,8,43.46,1.86,0.31,L64,B,71,3.51,197.88,0.25,8,0.85,615,2.25,0.97,2024-03-30,148.06,0.609,2.6461113667740452,347.68,-232.68,False,True,22756.2,0.33076392084675565,False
ITM12602,Automotive,407,42,12,4,39.94,5.08,0.98,L66,A,19,1.21,122.0,1.51,1,0.8,876,3.76,0.46,2024-11-26,158.62,0.531,10.190285428142214,159.76,247.24,False,False,49654.0,2.5475713570355536,False
ITM12603,Pharma,466,27,11,5,48.17,7.24,0.43,L60,D,96,3.41,72.21,0.25,4,0.71,965,12.12,0.34,2024-11-06,241.4,0.667,9.674070998546814,240.85000000000002,225.14999999999998,False,False,33649.86,1.9348141997093626,False
ITM12604,Pharma,471,82,6,9,4.52,6.32,0.25,L64,C,20,2.22,181.03,0.83,0,0.93,600,14.36,0.9,2024-02-11,98.15,0.874,104.20353982300885,40.67999999999999,430.32,False,False,85265.13,11.578171091445428,False
ITM12605,Groceries,356,42,12,5,14.15,9.54,0.55,L40,C,71,1.99,69.32,1.52,7,0.85,554,3.08,0.25,2024-05-23,126.99,0.369,25.159010600706715,70.75,285.25,False,False,24677.92,5.031802120141343,False
ITM12606,Apparel,316,41,5,8,4.93,8.27,0.75,L64,B,86,3.52,62.02,1.45,5,0.8,895,10.53,0.85,2024-03-12,109.56,0.625,64.09736308316431,39.44,276.56,False,False,19598.32,8.012170385395539,False
ITM12607,Groceries,486,70,10,5,37.8,8.76,0.17,L3,C,113,3.17,103.93,1.2,9,0.94,267,13.68,0.67,2024-10-02,124.29,0.604,12.857142857142858,189.0,297.0,False,False,50509.98,2.5714285714285716,False
ITM12608,Groceries,408,63,3,7,7.9,5.65,0.67,L12,A,65,3.42,183.5,1.19,9,0.83,908,5.19,0.33,2024-04-10,174.46,0.402,51.64556962025316,55.300000000000004,352.7,False,False,74868.0,7.3779385171790235,False
ITM12609,Electronics,435,26,11,8,5.89,3.61,0.87,L51,D,119,4.84,144.62,0.27,1,0.7,531,12.61,0.38,2024-05-14,171.67,0.737,73.85398981324279,47.12,387.88,False,False,62909.700000000004,9.231748726655349,False
ITM12610,Automotive,233,28,3,2,28.52,7.17,0.34,L65,C,58,3.66,138.72,0.43,1,0.98,465,13.67,0.32,2024-11-16,114.79,0.779,8.169705469845722,57.04,175.96,False,False,32321.76,4.084852734922861,False
ITM12611,Pharma,473,79,4,4,21.16,4.67,0.72,L59,C,25,3.38,147.95,1.12,9,0.78,986,5.19,0.77,2024-02-09,184.71,0.487,22.35349716446125,84.64,388.36,False,False,69980.34999999999,5.588374291115312,False
ITM12612,Apparel,310,43,10,7,36.04,3.23,0.46,L31,D,82,3.26,135.33,0.76,4,0.95,798,1.79,0.32,2024-02-08,188.65,0.522,8.601553829078801,252.28,57.72,False,False,41952.3,1.2287934041541144,False
ITM12613,Pharma,41,93,11,9,24.86,1.95,0.47,L28,C,125,2.29,154.36,0.14,6,0.94,374,13.84,0.75,2024-01-10,162.8,0.789,1.6492357200321803,223.74,-182.74,True,True,6328.76,0.18324841333690892,False
ITM12614,Pharma,212,34,9,4,21.84,5.51,0.35,L75,C,102,4.28,46.62,1.62,8,0.75,885,5.63,0.3,2024-09-16,141.18,0.363,9.706959706959706,87.36,124.64,False,False,9883.439999999999,2.4267399267399266,False
ITM12615,Automotive,487,77,5,9,21.85,6.15,0.66,L46,B,146,2.21,43.68,1.34,8,0.84,904,1.19,0.84,2024-11-19,32.6,0.458,22.288329519450798,196.65,290.35,False,False,21272.16,2.4764810577167555,False
ITM12616,Pharma,169,83,9,8,43.72,5.9,0.42,L7,A,42,3.65,78.81,0.72,5,0.71,838,7.65,0.94,2024-01-16,166.97,0.66,3.865507776761208,349.76,-180.76,False,True,13318.890000000001,0.483188472095151,False
ITM12617,Pharma,387,83,8,7,20.37,1.61,0.85,L7,C,97,1.82,171.68,0.29,1,0.81,786,2.62,0.65,2024-10-24,216.68,0.678,18.998527245949926,142.59,244.41,False,False,66440.16,2.7140753208499895,False
ITM12618,Groceries,266,97,4,8,17.34,5.91,0.97,L37,A,172,1.16,145.75,1.22,5,0.92,538,13.62,0.97,2024-10-23,72.44,0.738,15.340253748558247,138.72,127.28,False,False,38769.5,1.9175317185697809,False
ITM12619,Automotive,286,94,5,9,17.59,2.1,0.94,L64,B,48,1.08,117.63,0.76,0,0.77,457,3.17,0.51,2024-07-26,235.57,0.622,16.25923820352473,158.31,127.69,False,False,33642.18,1.806582022613859,False
ITM12620,Electronics,480,20,13,9,10.63,6.81,0.25,L77,A,123,3.36,13.7,0.59,1,0.74,193,5.26,0.4,2024-10-29,180.06,0.619,45.1552210724365,95.67,384.33,False,False,6576.0,5.017246785826277,False
ITM12621,Apparel,270,25,14,7,43.17,4.58,0.11,L84,B,86,1.98,54.8,1.47,2,0.85,849,12.07,0.34,2024-04-18,78.88,0.612,6.254343293954134,302.19,-32.19,False,True,14796.0,0.8934776134220191,False
ITM12622,Pharma,22,99,12,8,8.18,8.56,0.49,L87,A,96,1.74,162.67,0.72,4,0.86,260,12.29,0.58,2024-01-19,57.26,0.7,2.6894865525672373,65.44,-43.44,True,True,3578.74,0.33618581907090467,False
ITM12623,Apparel,412,70,12,2,45.52,7.89,0.76,L61,A,162,3.16,56.07,0.36,9,0.9,715,13.62,0.3,2024-10-09,81.17,0.606,9.050966608084359,91.04,320.96,False,False,23100.84,4.525483304042179,False
ITM12624,Electronics,335,89,14,4,14.89,7.38,0.98,L37,C,123,0.62,148.76,1.02,0,0.93,308,7.96,0.9,2024-05-13,230.13,0.77,22.49832102081934,59.56,275.44,False,False,49834.6,5.624580255204835,False
ITM12625,Apparel,95,16,7,7,45.07,7.16,0.81,L69,A,65,1.61,45.08,1.67,9,0.91,276,14.81,0.83,2024-10-05,82.65,0.598,2.107832260927446,315.49,-220.49,False,True,4282.599999999999,0.30111889441820655,False
ITM12626,Electronics,106,25,12,2,39.75,5.82,0.62,L2,C,147,2.03,125.21,1.71,4,0.95,643,8.23,0.65,2024-10-03,208.13,0.579,2.6666666666666665,79.5,26.5,False,False,13272.26,1.3333333333333333,False
ITM12627,Groceries,289,25,6,3,29.52,1.08,0.12,L14,C,50,3.69,129.36,1.71,4,0.77,938,12.07,0.78,2024-08-29,168.29,0.62,9.789972899728998,88.56,200.44,False,False,37385.04,3.263324299909666,False
ITM12628,Pharma,244,49,4,8,33.8,6.73,0.84,L56,A,113,2.95,152.87,0.9,3,0.87,421,6.07,0.24,2024-11-30,168.59,0.553,7.218934911242604,270.4,-26.399999999999977,False,True,37300.28,0.9023668639053255,False
ITM12629,Electronics,37,21,6,6,16.97,4.94,0.26,L18,C,108,4.35,93.29,1.6,2,0.81,440,14.18,0.36,2024-03-17,257.25,0.623,2.180318208603418,101.82,-64.82,False,True,3451.73,0.3633863681005696,False
ITM12630,Apparel,132,44,14,7,29.14,4.96,0.15,L34,A,68,2.01,130.21,1.72,6,0.99,137,10.59,0.7,2024-07-06,263.67,0.587,4.529855868222374,203.98000000000002,-71.98000000000002,False,True,17187.72,0.6471222668889106,False
ITM12631,Pharma,270,30,10,5,15.33,4.1,0.87,L94,D,165,1.83,102.52,0.97,6,0.83,449,2.08,0.58,2024-07-19,165.7,0.493,17.61252446183953,76.65,193.35,False,False,27680.399999999998,3.5225048923679063,False
ITM12632,Groceries,252,59,7,2,20.71,9.33,0.61,L47,C,131,0.65,189.99,0.71,0,0.99,358,2.52,0.68,2024-04-24,28.93,0.697,12.168034765813616,41.42,210.57999999999998,False,False,47877.48,6.084017382906808,False
ITM12633,Pharma,348,52,7,2,38.47,2.87,0.22,L98,D,129,4.78,109.16,1.43,6,0.93,53,13.47,0.27,2024-10-28,56.74,0.557,9.046009877826878,76.94,271.06,False,False,37987.68,4.523004938913439,False
ITM12634,Electronics,298,26,14,7,12.95,3.51,0.45,L52,D,50,2.76,49.82,1.82,2,0.92,222,12.33,0.72,2024-05-28,285.11,0.67,23.011583011583014,90.64999999999999,207.35000000000002,False,False,14846.36,3.2873690016547163,False
ITM12635,Groceries,221,41,14,9,42.1,9.65,0.18,L47,C,75,2.76,136.9,1.95,2,0.85,593,5.62,0.84,2024-03-09,49.06,0.578,5.249406175771972,378.90000000000003,-157.90000000000003,False,True,30254.9,0.5832673528635524,False
ITM12636,Apparel,102,50,12,2,19.42,8.2,0.67,L6,B,71,4.66,114.21,0.65,5,0.83,795,8.3,0.64,2024-08-25,252.25,0.64,5.25231719876416,38.84,63.16,False,False,11649.42,2.62615859938208,False
ITM12637,Groceries,144,15,5,3,27.08,0.63,0.35,L52,B,167,1.8,162.73,1.92,5,0.86,275,12.94,0.49,2024-09-13,166.72,0.551,5.317577548005909,81.24,62.760000000000005,False,False,23433.12,1.772525849335303,False
ITM12638,Groceries,194,97,10,2,47.16,9.11,0.88,L7,D,49,1.99,43.61,1.05,3,0.79,388,2.45,0.34,2024-09-18,43.06,0.494,4.113655640373198,94.32,99.68,False,False,8460.34,2.056827820186599,False
ITM12639,Automotive,88,36,8,6,34.38,2.65,0.42,L73,D,49,3.45,59.58,0.68,4,0.97,255,2.93,0.41,2024-02-16,276.66,0.567,2.559627690517743,206.28000000000003,-118.28000000000003,False,True,5243.04,0.4266046150862905,False
ITM12640,Groceries,66,29,4,6,32.63,7.21,0.55,L72,A,111,4.03,185.11,1.98,2,0.94,151,11.02,0.62,2024-07-22,279.15,0.621,2.022678516702421,195.78000000000003,-129.78000000000003,False,True,12217.26,0.33711308611707014,False
ITM12641,Groceries,391,34,4,9,35.87,5.75,0.16,L25,D,24,3.65,186.7,1.77,2,0.94,107,2.15,0.4,2024-07-05,188.45,0.48,10.90047393364929,322.83,68.17000000000002,False,False,72999.7,1.2111637704054765,False
ITM12642,Pharma,275,75,11,8,45.99,5.6,0.35,L47,C,133,4.05,94.03,1.42,8,0.83,830,5.94,0.82,2024-09-14,122.77,0.507,5.979560774081322,367.92,-92.92000000000002,False,True,25858.25,0.7474450967601652,False
ITM12643,Apparel,234,18,9,8,13.18,7.32,0.71,L71,B,140,3.09,19.07,1.8,4,0.72,199,4.53,0.31,2024-01-06,186.17,0.406,17.754172989377846,105.44,128.56,False,False,4462.38,2.2192716236722307,False
ITM12644,Pharma,49,62,12,9,31.05,2.47,0.76,L37,B,33,4.38,68.25,1.39,0,0.9,301,11.64,0.61,2024-12-05,192.05,0.718,1.578099838969404,279.45,-230.45,True,True,3344.25,0.175344426552156,False
ITM12645,Pharma,300,70,11,5,20.62,2.01,0.32,L10,B,178,2.98,56.95,0.94,8,0.81,528,1.03,0.6,2024-05-02,190.42,0.442,14.548981571290009,103.10000000000001,196.89999999999998,False,False,17085.0,2.909796314258002,False
ITM12646,Electronics,431,47,8,3,1.58,6.69,0.55,L50,C,57,1.53,88.79,1.9,9,0.96,605,2.62,0.31,2024-11-10,222.69,0.319,272.7848101265823,4.74,426.26,False,False,38268.490000000005,90.92827004219409,True
ITM12647,Pharma,256,12,7,6,7.14,3.26,0.84,L65,A,57,2.94,70.38,1.93,5,0.93,477,2.39,1.0,2024-12-16,29.47,0.525,35.85434173669468,42.839999999999996,213.16,False,False,18017.28,5.975723622782446,False
ITM12648,Automotive,267,93,14,9,16.92,9.75,0.44,L58,C,56,3.71,167.51,0.7,8,0.74,591,5.45,0.86,2024-03-25,39.73,0.563,15.780141843971629,152.28000000000003,114.71999999999997,False,False,44725.17,1.7533490937746254,False
ITM12649,Automotive,387,79,3,7,28.68,4.79,0.22,L98,C,114,3.44,10.58,0.77,6,0.88,968,4.25,0.51,2024-09-20,92.01,0.538,13.493723849372385,200.76,186.24,False,False,4094.46,1.9276748356246265,False
ITM12650,Electronics,44,64,14,4,44.19,1.56,0.49,L71,B,122,1.59,132.48,0.83,9,0.91,573,4.2,0.75,2024-03-12,111.41,0.525,0.9957003847024214,176.76,-132.76,True,True,5829.12,0.24892509617560535,False
ITM12651,Apparel,93,10,8,4,39.76,7.02,0.64,L36,C,17,0.68,136.21,1.66,9,0.87,540,6.19,0.77,2024-08-16,195.03,0.465,2.3390342052313886,159.04,-66.03999999999999,False,True,12667.53,0.5847585513078472,False
ITM12652,Apparel,225,79,8,4,28.11,3.41,0.11,L80,D,27,1.64,135.52,1.6,6,0.85,575,4.0,0.72,2024-03-22,59.84,0.487,8.0042689434365,112.44,112.56,False,False,30492.000000000004,2.001067235859125,False
ITM12653,Pharma,333,54,5,8,4.62,1.91,0.41,L88,C,117,4.93,108.91,1.97,4,0.77,341,2.49,0.55,2024-04-01,166.9,0.42,72.07792207792208,36.96,296.04,False,False,36267.03,9.00974025974026,False
ITM12654,Pharma,113,56,5,7,15.01,4.52,0.65,L79,B,93,1.33,126.11,0.98,6,0.77,94,9.17,0.91,2024-10-16,63.75,0.64,7.528314457028648,105.07,7.930000000000007,False,False,14250.43,1.0754734938612354,False
ITM12655,Pharma,394,88,5,2,18.97,9.66,0.96,L16,B,160,2.59,163.99,1.5,9,0.93,249,14.32,0.82,2024-10-16,113.09,0.611,20.76963626779125,37.94,356.06,False,False,64612.060000000005,10.384818133895624,False
ITM12656,Apparel,146,35,5,7,31.46,4.41,0.47,L17,C,74,3.37,159.0,1.73,3,0.71,73,9.5,0.63,2024-12-03,281.29,0.562,4.640813731722822,220.22,-74.22,False,True,23214.0,0.6629733902461175,False
ITM12657,Groceries,444,23,9,2,4.18,3.8,0.25,L13,D,118,4.46,16.58,0.52,5,0.93,812,11.6,0.2,2024-03-15,269.75,0.629,106.22009569377991,8.36,435.64,False,False,7361.5199999999995,53.110047846889955,False
ITM12658,Automotive,44,63,12,4,26.98,4.72,0.58,L51,D,55,3.92,15.78,1.28,1,0.86,680,14.61,0.38,2024-09-04,286.4,0.695,1.630837657524092,107.92,-63.92,True,True,694.3199999999999,0.407709414381023,False
ITM12659,Groceries,353,80,13,5,45.17,0.62,0.36,L48,B,75,4.59,169.4,1.14,9,0.98,436,3.14,0.61,2024-07-02,181.51,0.466,7.814921408014168,225.85000000000002,127.14999999999998,False,False,59798.200000000004,1.5629842816028336,False
ITM12660,Groceries,374,55,4,5,35.57,1.76,0.29,L44,D,89,3.22,119.2,1.51,2,1.0,639,7.44,0.92,2024-01-21,155.38,0.692,10.514478493112174,177.85,196.15,False,False,44580.8,2.1028956986224348,False
ITM12661,Apparel,135,40,12,9,40.06,8.57,0.63,L72,D,159,4.39,191.91,1.42,1,0.9,484,9.15,0.7,2024-04-22,256.19,0.68,3.369945082376435,360.54,-225.54000000000002,False,True,25907.85,0.37443834248627056,False
ITM12662,Groceries,67,97,12,2,34.4,9.79,0.92,L47,A,149,1.69,92.0,1.64,9,0.82,291,5.51,0.53,2024-09-06,33.1,0.399,1.9476744186046513,68.8,-1.7999999999999972,True,True,6164.0,0.9738372093023256,False
ITM12663,Electronics,245,68,4,4,11.12,2.0,0.85,L97,A,156,2.44,43.58,0.69,1,0.84,252,9.58,0.24,2024-04-28,293.75,0.655,22.032374100719426,44.48,200.52,False,False,10677.1,5.508093525179857,False
ITM12664,Pharma,285,38,5,7,6.41,5.59,0.26,L19,D,159,4.3,99.91,0.51,6,0.76,286,9.73,0.68,2024-02-02,144.09,0.647,44.46177847113884,44.870000000000005,240.13,False,False,28474.35,6.35168263873412,False
ITM12665,Electronics,118,26,12,5,41.65,9.68,0.79,L26,D,115,1.97,92.94,1.63,4,0.73,343,12.79,0.48,2024-05-15,205.98,0.57,2.8331332533013205,208.25,-90.25,False,True,10966.92,0.5666266506602641,False
ITM12666,Automotive,478,23,14,2,35.08,1.99,0.31,L78,A,135,4.42,108.26,0.79,5,0.87,397,12.66,0.63,2024-07-08,221.26,0.69,13.62599771949829,70.16,407.84000000000003,False,False,51748.28,6.812998859749145,False
ITM12667,Pharma,30,45,9,9,29.18,2.27,0.36,L66,A,154,2.13,163.51,0.65,2,0.94,136,3.0,0.81,2024-04-29,192.36,0.685,1.0281014393420151,262.62,-232.62,True,True,4905.299999999999,0.1142334932602239,False
ITM12668,Groceries,104,67,5,7,10.27,9.3,0.93,L52,A,22,2.14,134.56,0.74,9,0.78,259,3.36,0.84,2024-01-22,268.54,0.515,10.126582278481013,71.89,32.11,False,False,13994.24,1.4466546112115732,False
ITM12669,Automotive,424,33,9,4,30.56,7.2,0.92,L65,B,37,1.89,45.2,0.23,4,0.83,837,4.11,0.89,2024-12-08,93.57,0.696,13.874345549738221,122.24,301.76,False,False,19164.800000000003,3.4685863874345553,False
ITM12670,Pharma,233,72,11,3,2.53,1.94,0.25,L6,B,132,2.96,149.55,1.57,4,0.87,658,4.66,0.71,2024-04-15,164.37,0.541,92.09486166007906,7.59,225.41,False,False,34845.15,30.698287220026355,False
ITM12671,Groceries,192,34,13,4,6.82,4.24,0.16,L6,A,76,1.08,122.46,1.46,3,0.97,51,8.9,0.92,2024-09-22,134.79,0.691,28.1524926686217,27.28,164.72,False,False,23512.32,7.038123167155425,False
ITM12672,Electronics,410,68,12,8,16.28,1.03,0.36,L5,A,14,0.66,119.88,1.15,9,0.74,278,5.58,0.75,2024-07-03,214.2,0.477,25.184275184275183,130.24,279.76,False,False,49150.799999999996,3.148034398034398,False
ITM12673,Pharma,228,41,14,4,22.74,4.61,0.62,L18,A,109,4.54,138.87,1.46,3,0.77,459,14.34,0.83,2024-07-17,124.58,0.705,10.026385224274406,90.96,137.04000000000002,False,False,31662.36,2.5065963060686016,False
ITM12674,Groceries,467,91,13,9,6.91,7.89,0.89,L92,B,152,4.68,117.15,0.81,7,0.98,292,2.66,0.75,2024-08-28,268.93,0.56,67.58321273516643,62.19,404.81,False,False,54709.05,7.509245859462936,False
ITM12675,Electronics,401,27,6,7,6.88,5.76,0.21,L43,B,90,0.84,96.93,0.66,5,0.71,819,4.45,0.9,2024-08-20,152.22,0.615,58.28488372093023,48.16,352.84000000000003,False,False,38868.93,8.32641196013289,False
ITM12676,Automotive,83,46,9,9,36.57,6.65,0.47,L61,D,53,2.97,131.67,1.74,1,0.9,517,13.16,0.38,2024-01-24,165.44,0.637,2.2696199070276184,329.13,-246.13,False,True,10928.609999999999,0.25217998966973537,False
ITM12677,Automotive,277,35,11,7,28.92,3.6,0.34,L67,C,128,2.93,147.51,0.9,1,0.89,507,9.18,0.81,2024-01-21,153.08,0.752,9.578146611341632,202.44,74.56,False,False,40860.27,1.3683066587630903,False
ITM12678,Automotive,351,18,10,6,27.15,2.03,0.11,L59,D,55,2.18,52.9,0.47,1,0.81,603,8.66,0.29,2024-11-28,190.56,0.668,12.92817679558011,162.89999999999998,188.10000000000002,False,False,18567.899999999998,2.154696132596685,False
ITM12679,Automotive,140,73,10,6,23.17,0.62,0.81,L20,C,166,3.06,104.44,1.52,5,0.84,262,9.32,0.27,2024-06-14,158.02,0.494,6.042296072507552,139.02,0.9799999999999898,False,False,14621.6,1.0070493454179255,False
ITM12680,Apparel,317,81,11,7,48.85,8.3,0.83,L78,C,77,2.56,97.05,0.74,0,0.96,857,4.53,0.59,2024-02-22,281.85,0.696,6.489252814738997,341.95,-24.94999999999999,False,True,30764.85,0.9270361163912852,False
ITM12681,Pharma,485,29,7,7,3.44,6.55,0.3,L66,C,137,2.7,17.58,0.5,2,0.75,954,11.66,0.44,2024-12-26,48.03,0.703,140.98837209302326,24.08,460.92,False,False,8526.3,20.141196013289036,False
ITM12682,Pharma,73,63,7,3,9.85,2.68,0.24,L18,D,58,3.9,168.54,0.15,0,0.77,435,7.95,0.65,2024-09-23,13.89,0.775,7.411167512690356,29.549999999999997,43.45,False,False,12303.42,2.470389170896785,False
ITM12683,Apparel,350,95,5,3,32.73,4.48,0.23,L42,B,111,2.87,81.7,1.94,3,0.85,461,1.6,0.74,2024-11-20,161.32,0.485,10.693553315001529,98.19,251.81,False,False,28595.0,3.5645177716671763,False
ITM12684,Groceries,291,92,7,4,7.68,8.11,0.52,L79,B,86,1.96,23.81,0.99,0,0.82,564,3.48,0.38,2024-05-20,231.74,0.587,37.890625,30.72,260.28,False,False,6928.71,9.47265625,False
ITM12685,Groceries,260,39,10,9,29.88,5.62,0.32,L41,B,29,3.12,97.0,0.41,8,0.87,577,12.43,0.76,2024-05-14,197.98,0.691,8.701472556894243,268.92,-8.920000000000016,False,True,25220.0,0.9668302840993603,False
ITM12686,Automotive,262,62,14,8,28.82,3.35,0.56,L21,B,120,3.38,40.68,1.54,5,0.98,437,5.83,1.0,2024-10-23,289.19,0.62,9.09090909090909,230.56,31.439999999999998,False,False,10658.16,1.1363636363636362,False
ITM12687,Electronics,37,72,7,9,48.58,3.04,0.45,L51,D,155,3.48,143.84,1.79,7,0.98,328,11.83,0.81,2024-10-05,62.86,0.597,0.7616303005351996,437.21999999999997,-400.21999999999997,True,True,5322.08,0.08462558894835552,False
ITM12688,Groceries,206,20,6,5,44.29,2.57,0.29,L79,A,124,3.28,118.64,1.1,1,0.77,151,10.29,0.34,2024-10-18,211.25,0.629,4.651162790697675,221.45,-15.449999999999989,False,True,24439.84,0.930232558139535,False
ITM12689,Electronics,365,40,10,9,47.33,8.33,0.78,L95,C,179,3.49,61.32,0.15,5,0.79,638,5.22,0.71,2024-03-30,246.6,0.655,7.711810690893725,425.96999999999997,-60.96999999999997,False,True,22381.8,0.8568678545437473,False
ITM12690,Pharma,163,58,9,8,6.57,6.03,0.24,L39,B,21,1.9,190.59,0.79,3,0.75,439,2.78,0.21,2024-07-11,274.5,0.49,24.80974124809741,52.56,110.44,False,False,31066.170000000002,3.1012176560121762,False
ITM12691,Electronics,281,96,8,3,43.54,7.24,0.82,L76,B,88,2.51,65.43,0.56,6,0.98,251,12.3,0.58,2024-11-30,163.28,0.7,6.45383555351401,130.62,150.38,False,False,18385.83,2.1512785178380036,False
ITM12692,Pharma,460,28,7,4,7.33,8.67,0.61,L44,D,128,3.51,115.45,1.31,7,0.82,616,10.0,0.63,2024-07-12,115.3,0.552,62.755798090040926,29.32,430.68,False,False,53107.0,15.688949522510232,False
ITM12693,Apparel,383,21,7,8,32.01,9.88,0.85,L65,C,45,3.89,162.3,1.09,5,0.83,770,5.21,0.98,2024-07-06,287.05,0.622,11.9650109340831,256.08,126.92000000000002,False,False,62160.9,1.4956263667603875,False
ITM12694,Apparel,450,24,12,9,36.28,2.87,0.1,L66,B,17,2.45,107.64,0.78,0,0.94,441,8.33,0.79,2024-10-27,239.53,0.779,12.403528114663727,326.52,123.48000000000002,False,False,48438.0,1.378169790518192,False
ITM12695,Automotive,258,40,4,2,8.88,2.22,0.77,L69,A,37,2.14,192.56,1.33,7,0.85,890,9.57,0.76,2024-11-30,146.54,0.577,29.054054054054053,17.76,240.24,False,False,49680.48,14.527027027027026,False
ITM12696,Groceries,323,52,6,6,32.0,4.89,0.15,L63,B,125,3.72,170.33,1.21,0,0.74,403,1.03,0.63,2024-02-09,198.84,0.567,10.09375,192.0,131.0,False,False,55016.590000000004,1.6822916666666667,False
ITM12697,Automotive,317,46,10,8,3.57,0.83,0.96,L91,C,95,1.5,184.99,1.82,8,0.83,642,10.39,0.61,2024-09-21,90.79,0.485,88.79551820728291,28.56,288.44,False,False,58641.83,11.099439775910364,False
ITM12698,Pharma,95,88,10,5,15.37,8.02,0.73,L73,A,58,0.54,80.81,1.23,1,0.89,805,10.19,0.99,2024-05-08,188.3,0.769,6.180871828236826,76.85,18.150000000000006,False,False,7676.95,1.2361743656473652,False
ITM12699,Automotive,207,38,13,4,46.14,8.9,0.39,L39,D,175,2.62,114.19,1.06,9,0.92,284,2.16,0.22,2024-07-11,166.61,0.371,4.486345903771131,184.56,22.439999999999998,False,False,23637.329999999998,1.1215864759427827,False
ITM12700,Electronics,352,35,3,8,9.41,7.02,0.39,L61,A,89,1.28,169.63,1.66,5,0.89,163,12.03,0.44,2024-04-24,21.38,0.56,37.40701381509033,75.28,276.72,False,False,59709.759999999995,4.675876726886291,False
ITM12701,Pharma,407,11,4,7,4.2,3.05,0.88,L3,C,14,2.2,181.67,0.48,7,0.74,116,12.55,0.31,2024-09-21,261.07,0.589,96.9047619047619,29.400000000000002,377.6,False,False,73939.68999999999,13.843537414965985,False
ITM12702,Apparel,265,93,7,9,22.74,1.67,0.91,L48,C,55,1.81,189.43,0.56,4,0.79,858,5.06,0.45,2024-07-26,152.16,0.579,11.653474054529465,204.66,60.34,False,False,50198.950000000004,1.294830450503274,False
ITM12703,Groceries,149,24,11,2,42.68,4.13,0.9,L43,A,107,4.0,177.04,1.59,1,0.92,89,3.27,0.57,2024-06-29,149.12,0.563,3.491096532333646,85.36,63.64,False,False,26378.96,1.745548266166823,False
ITM12704,Pharma,493,13,12,6,4.76,8.42,0.83,L87,B,111,1.99,148.84,0.94,4,0.96,782,10.61,0.47,2024-06-25,92.19,0.653,103.57142857142857,28.56,464.44,False,False,73378.12,17.261904761904763,False
ITM12705,Pharma,334,95,13,2,18.42,3.8,0.84,L15,C,11,3.38,14.6,0.88,0,0.71,152,2.73,0.97,2024-09-06,66.95,0.684,18.13246471226927,36.84,297.15999999999997,False,False,4876.4,9.066232356134636,False
ITM12706,Electronics,430,59,14,4,45.09,0.83,0.62,L54,A,34,3.53,69.84,1.79,7,0.71,460,13.01,0.74,2024-09-03,94.5,0.544,9.536482590374805,180.36,249.64,False,False,30031.2,2.384120647593701,False
ITM12707,Groceries,302,47,13,9,6.79,3.11,0.13,L75,C,10,2.55,34.5,1.26,7,0.89,344,7.72,0.78,2024-11-05,198.49,0.571,44.47717231222386,61.11,240.89,False,False,10419.0,4.94190803469154,False
ITM12708,Apparel,98,32,9,3,16.22,9.9,0.18,L40,B,177,0.86,39.4,1.63,1,0.86,614,13.74,0.79,2024-01-04,38.32,0.73,6.041923551171394,48.66,49.34,False,False,3861.2,2.013974517057131,False
ITM12709,Pharma,91,68,12,6,39.14,6.93,0.68,L93,B,77,3.65,65.27,1.64,5,0.75,857,9.99,0.92,2024-09-13,106.53,0.603,2.3249872253449158,234.84,-143.84,False,True,5939.57,0.3874978708908193,False
ITM12710,Pharma,282,99,7,9,27.62,9.06,0.46,L89,A,78,0.84,24.2,0.33,7,0.86,613,4.99,0.81,2024-03-12,293.83,0.628,10.209992758870383,248.58,33.41999999999999,False,False,6824.4,1.134443639874487,False
ITM12711,Electronics,210,84,3,2,41.78,7.86,0.61,L81,D,25,0.95,56.18,1.34,9,0.99,86,7.55,0.21,2024-08-13,88.74,0.427,5.026328386787936,83.56,126.44,False,False,11797.8,2.513164193393968,False
ITM12712,Automotive,386,37,8,3,6.47,5.63,0.31,L4,D,27,1.38,191.83,1.91,7,0.89,116,8.41,0.41,2024-03-25,290.33,0.441,59.65996908809892,19.41,366.59,False,False,74046.38,19.88665636269964,False
ITM12713,Apparel,394,75,14,5,46.11,1.91,0.68,L77,B,116,1.76,69.27,1.01,6,0.83,452,12.41,0.99,2024-04-27,40.4,0.708,8.544784211667752,230.55,163.45,False,False,27292.379999999997,1.7089568423335504,False
ITM12714,Groceries,449,17,10,4,46.81,3.81,0.32,L61,D,26,4.31,40.35,1.49,2,0.95,723,13.07,0.72,2024-02-09,240.26,0.719,9.591967528305917,187.24,261.76,False,False,18117.15,2.397991882076479,False
ITM12715,Pharma,82,38,9,4,8.61,6.05,0.51,L34,B,134,3.54,146.48,1.18,3,0.76,255,10.56,0.25,2024-09-20,137.52,0.565,9.523809523809524,34.44,47.56,False,False,12011.359999999999,2.380952380952381,False
ITM12716,Pharma,399,20,4,6,2.66,8.77,0.53,L84,D,91,2.24,167.42,0.49,0,0.82,390,5.12,0.57,2024-11-25,66.5,0.697,150.0,15.96,383.04,False,False,66800.58,25.0,False
ITM12717,Apparel,31,27,14,2,49.5,3.05,0.26,L100,B,13,4.9,69.67,0.47,8,0.86,883,8.4,0.98,2024-05-23,238.35,0.673,0.6262626262626263,99.0,-68.0,False,True,2159.77,0.31313131313131315,False
ITM12718,Automotive,160,64,7,5,24.63,1.65,0.89,L75,C,124,1.6,62.91,0.92,9,0.85,955,2.83,0.99,2024-04-18,12.02,0.534,6.496142915144134,123.14999999999999,36.85000000000001,False,False,10065.599999999999,1.2992285830288268,False
ITM12719,Pharma,273,59,13,7,29.03,5.81,0.57,L74,A,104,3.24,55.93,1.02,9,0.98,101,4.22,0.55,2024-03-17,110.67,0.48,9.40406476059249,203.21,69.78999999999999,False,False,15268.89,1.3434378229417843,False
ITM12720,Apparel,62,23,6,6,31.18,2.18,0.88,L30,A,104,4.31,84.72,1.06,1,0.79,475,5.24,0.91,2024-04-05,185.41,0.684,1.988454137267479,187.07999999999998,-125.07999999999998,False,True,5252.64,0.3314090228779132,False
ITM12721,Electronics,36,83,11,9,39.69,6.3,0.34,L93,D,146,4.11,26.57,1.91,9,0.72,258,2.02,0.67,2024-03-21,76.98,0.334,0.9070294784580499,357.21,-321.21,True,True,956.52,0.10078105316200554,False
ITM12722,Automotive,82,18,12,7,40.79,3.0,0.26,L7,A,40,0.91,137.13,0.29,6,0.97,563,13.39,0.61,2024-07-04,106.43,0.746,2.0102966413336603,285.53,-203.52999999999997,False,True,11244.66,0.2871852344762372,False
ITM12723,Groceries,272,20,3,6,10.5,2.69,0.12,L75,D,142,3.64,166.22,0.82,7,0.77,690,2.72,0.53,2024-11-04,36.52,0.474,25.904761904761905,63.0,209.0,False,False,45211.84,4.317460317460317,False
ITM12724,Pharma,484,72,14,2,12.6,4.29,0.18,L62,B,25,1.66,136.1,1.08,3,0.81,227,10.76,0.91,2024-03-01,257.43,0.719,38.41269841269841,25.2,458.8,False,False,65872.4,19.206349206349206,False
ITM12725,Apparel,395,85,8,5,43.96,6.14,0.23,L22,C,51,2.1,90.03,1.93,9,0.86,725,8.08,0.7,2024-12-04,132.43,0.447,8.985441310282074,219.8,175.2,False,False,35561.85,1.7970882620564148,False
ITM12726,Electronics,311,76,5,2,41.16,5.68,0.17,L68,A,178,2.7,64.9,1.06,0,0.99,914,12.64,0.47,2024-04-27,52.14,0.755,7.555879494655006,82.32,228.68,False,False,20183.9,3.777939747327503,False
ITM12727,Groceries,488,62,13,4,31.26,2.82,0.91,L81,C,39,4.06,87.79,1.57,4,0.86,71,11.37,0.59,2024-07-31,67.74,0.605,15.611004478566858,125.04,362.96,False,False,42841.520000000004,3.9027511196417146,False
ITM12728,Apparel,27,48,11,7,49.74,8.97,0.92,L93,A,35,1.25,90.53,1.52,9,0.83,418,11.64,0.56,2024-06-18,89.8,0.501,0.5428226779252111,348.18,-321.18,True,True,2444.31,0.07754609684645873,False
ITM12729,Apparel,344,87,7,3,37.02,1.54,0.94,L80,B,40,0.99,136.54,1.18,9,0.88,788,6.86,0.56,2024-02-28,76.55,0.481,9.292274446245273,111.06,232.94,False,False,46969.759999999995,3.0974248154150907,False
ITM12730,Groceries,109,65,8,8,11.58,0.87,0.96,L100,A,59,1.19,186.33,0.35,5,0.99,131,12.68,0.45,2024-09-03,155.96,0.722,9.412780656303973,92.64,16.36,False,False,20309.97,1.1765975820379966,False
ITM12731,Electronics,227,37,13,9,42.49,6.23,0.54,L49,A,152,1.48,23.41,0.52,6,0.95,213,2.33,0.71,2024-12-11,272.51,0.591,5.342433513767945,382.41,-155.41000000000003,False,True,5314.07,0.5936037237519939,False
ITM12732,Electronics,311,84,11,4,21.32,1.67,0.58,L19,B,61,0.77,191.14,0.56,0,0.75,426,7.22,0.24,2024-09-02,63.34,0.638,14.587242026266416,85.28,225.72,False,False,59444.53999999999,3.646810506566604,False
ITM12733,Automotive,303,48,11,4,2.77,5.3,0.22,L88,D,175,4.67,182.94,0.17,3,0.94,52,14.92,0.91,2024-09-02,141.5,0.892,109.38628158844766,11.08,291.92,False,False,55430.82,27.346570397111915,False
ITM12734,Pharma,137,34,10,7,16.75,9.54,0.22,L32,D,47,1.94,32.37,0.82,4,0.95,733,14.27,0.53,2024-04-17,202.54,0.724,8.17910447761194,117.25,19.75,False,False,4434.69,1.1684434968017057,False
ITM12735,Groceries,368,30,11,9,38.41,7.14,0.8,L5,B,29,1.3,44.88,1.26,4,0.91,167,2.15,0.84,2024-10-29,63.3,0.573,9.580838323353294,345.68999999999994,22.31000000000006,False,False,16515.84,1.0645375914836994,False
ITM12736,Groceries,194,19,6,6,48.05,6.37,0.87,L74,D,108,3.37,69.2,0.37,6,0.9,705,9.02,0.78,2024-03-23,54.66,0.699,4.037460978147763,288.29999999999995,-94.29999999999995,False,True,13424.800000000001,0.6729101630246271,False
ITM12737,Groceries,95,52,8,4,14.53,5.96,0.81,L90,A,53,4.04,116.34,0.43,3,0.83,813,5.42,0.58,2024-11-27,55.06,0.651,6.53819683413627,58.12,36.88,False,False,11052.300000000001,1.6345492085340676,False
ITM12738,Electronics,120,24,7,8,13.08,2.21,0.85,L15,C,120,3.89,35.55,1.44,9,0.89,444,11.2,0.36,2024-07-29,265.78,0.475,9.174311926605505,104.64,15.36,False,False,4266.0,1.146788990825688,False
ITM12739,Pharma,433,92,7,5,28.62,4.61,0.35,L25,B,98,3.73,48.06,0.42,6,0.92,315,11.3,0.65,2024-01-12,216.27,0.703,15.129280223619846,143.1,289.9,False,False,20809.98,3.025856044723969,False
ITM12740,Automotive,170,57,6,4,40.77,3.75,0.52,L3,A,72,0.73,181.51,0.36,7,0.74,484,1.0,0.96,2024-05-04,107.55,0.577,4.169732646553839,163.08,6.9199999999999875,False,False,30856.699999999997,1.0424331616384597,False
ITM12741,Apparel,419,95,4,5,37.58,9.55,0.51,L57,B,127,4.02,30.77,1.96,1,0.78,731,12.84,0.35,2024-01-23,271.74,0.581,11.149547631719,187.89999999999998,231.10000000000002,False,False,12892.63,2.2299095263438002,False
ITM12742,Apparel,289,30,14,2,28.44,2.8,1.0,L41,C,159,2.76,85.79,0.13,0,0.76,774,4.13,0.4,2024-03-06,286.53,0.674,10.161744022503516,56.88,232.12,False,False,24793.31,5.080872011251758,False
ITM12743,Groceries,477,69,8,9,31.94,4.98,0.95,L54,A,81,3.42,154.97,0.72,9,0.95,842,14.52,0.99,2024-10-20,125.5,0.73,14.93425172197871,287.46000000000004,189.53999999999996,False,False,73920.69,1.6593613024420788,False
ITM12744,Pharma,90,59,11,6,12.86,9.41,0.64,L20,A,63,4.8,178.83,0.17,9,0.9,276,13.68,0.91,2024-10-30,158.03,0.747,6.998444790046657,77.16,12.840000000000003,False,False,16094.7,1.166407465007776,False
ITM12745,Electronics,199,32,14,5,22.2,8.0,0.22,L53,C,146,4.15,73.85,1.69,0,0.84,425,3.67,0.64,2024-03-23,113.84,0.576,8.963963963963964,111.0,88.0,False,False,14696.15,1.792792792792793,False
ITM12746,Pharma,143,22,3,4,13.51,9.66,0.33,L89,C,152,4.21,41.24,1.21,0,0.95,311,9.91,0.76,2024-03-09,75.99,0.753,10.584752035529238,54.04,88.96000000000001,False,False,5897.320000000001,2.6461880088823095,False
ITM12747,Pharma,400,78,9,6,44.34,6.28,0.43,L27,D,57,1.32,150.03,0.19,8,0.92,415,5.15,0.55,2024-11-18,236.2,0.584,9.021199819576003,266.04,133.95999999999998,False,False,60012.0,1.5035333032626672,False
ITM12748,Electronics,312,13,8,8,6.52,3.67,0.89,L53,A,157,2.64,156.79,1.27,3,0.97,816,2.44,0.52,2024-09-19,198.23,0.544,47.85276073619632,52.16,259.84000000000003,False,False,48918.479999999996,5.98159509202454,False
ITM12749,Groceries,304,87,5,6,34.31,8.35,0.25,L65,C,172,4.77,196.21,0.33,8,0.72,477,13.24,0.55,2024-01-21,116.4,0.638,8.860390556689012,205.86,98.13999999999999,False,False,59647.840000000004,1.4767317594481686,False
ITM12750,Pharma,214,81,3,5,13.75,3.27,0.3,L100,C,110,3.12,36.51,1.04,6,0.85,57,3.53,0.53,2024-10-20,14.17,0.499,15.563636363636364,68.75,145.25,False,False,7813.139999999999,3.112727272727273,False
ITM12751,Apparel,418,18,6,9,24.3,2.07,0.41,L79,A,69,0.96,144.79,1.37,6,0.91,979,6.89,0.74,2024-03-16,231.47,0.565,17.20164609053498,218.70000000000002,199.29999999999998,False,False,60522.219999999994,1.911294010059442,False
ITM12752,Electronics,247,44,11,5,15.67,7.21,0.93,L61,D,107,3.79,89.29,0.38,1,0.76,90,13.94,0.46,2024-01-29,148.44,0.772,15.76260370134014,78.35,168.65,False,False,22054.63,3.152520740268028,False
ITM12753,Automotive,450,30,4,3,16.84,6.57,0.55,L95,B,171,0.69,183.78,1.04,1,0.8,927,2.05,0.34,2024-03-26,31.19,0.531,26.72209026128266,50.519999999999996,399.48,False,False,82701.0,8.907363420427552,False
ITM12754,Groceries,449,67,5,3,13.76,8.85,0.68,L94,D,109,3.84,87.49,0.97,4,0.83,306,8.71,0.77,2024-05-12,46.11,0.659,32.63081395348837,41.28,407.72,False,False,39283.009999999995,10.876937984496124,False
ITM12755,Electronics,455,27,4,6,37.89,9.64,0.45,L8,C,108,4.46,94.73,1.84,9,0.94,692,9.01,0.23,2024-04-02,192.23,0.39,12.00844550013196,227.34,227.66,False,False,43102.15,2.0014075833553266,False
ITM12756,Automotive,294,81,4,7,18.92,8.64,0.27,L91,B,82,2.41,34.09,1.99,0,0.85,613,11.68,0.78,2024-09-21,168.44,0.683,15.539112050739956,132.44,161.56,False,False,10022.460000000001,2.219873150105708,False
ITM12757,Automotive,480,90,12,9,36.59,1.07,0.3,L18,B,128,2.36,70.98,1.34,6,0.85,151,12.58,0.41,2024-07-26,79.74,0.566,13.118338343809782,329.31000000000006,150.68999999999994,False,False,34070.4,1.457593149312198,False
ITM12758,Pharma,125,52,13,7,23.35,6.81,0.82,L67,D,137,1.87,86.16,1.72,6,0.83,268,6.94,0.35,2024-11-02,50.56,0.437,5.353319057815845,163.45000000000002,-38.45000000000002,False,True,10770.0,0.7647598654022636,False
ITM12759,Pharma,40,15,13,3,27.82,7.95,0.9,L27,B,149,4.45,13.33,1.33,7,0.77,293,11.41,0.5,2024-10-15,266.57,0.533,1.4378145219266714,83.46000000000001,-43.46000000000001,False,True,533.2,0.47927150730889045,False
ITM12760,Pharma,83,95,10,4,27.62,9.83,0.54,L72,C,97,2.97,93.14,1.76,6,0.98,894,13.75,0.29,2024-11-22,49.11,0.541,3.005068790731354,110.48,-27.480000000000004,True,True,7730.62,0.7512671976828385,False
ITM12761,Electronics,184,87,5,2,48.82,4.06,0.42,L42,A,114,3.11,73.9,0.92,7,0.8,988,13.41,0.51,2024-01-10,34.85,0.609,3.768947152806227,97.64,86.36,False,False,13597.6,1.8844735764031135,False
ITM12762,Electronics,46,76,9,6,18.99,2.11,0.83,L85,A,28,3.48,162.73,1.26,2,0.87,352,8.03,0.28,2024-12-04,189.78,0.571,2.4223275408109535,113.94,-67.94,True,True,7485.58,0.4037212568018256,False
ITM12763,Groceries,330,21,10,2,11.18,8.6,0.71,L62,A,89,1.85,30.35,1.71,2,0.74,419,9.5,0.59,2024-05-25,83.24,0.582,29.516994633273704,22.36,307.64,False,False,10015.5,14.758497316636852,False
ITM12764,Pharma,304,21,5,3,45.68,3.52,0.14,L68,D,35,2.45,154.44,1.84,7,0.83,900,10.42,0.34,2024-02-13,200.41,0.449,6.654991243432574,137.04,166.96,False,False,46949.76,2.2183304144775247,False
ITM12765,Automotive,167,75,4,5,9.57,6.18,0.42,L49,A,160,3.84,145.66,0.15,8,0.97,324,12.47,0.3,2024-04-20,151.84,0.645,17.450365726227794,47.85,119.15,False,False,24325.22,3.490073145245559,False
ITM12766,Apparel,300,11,10,8,41.89,4.2,0.71,L41,A,130,4.93,55.94,0.3,9,1.0,119,8.11,0.66,2024-08-17,71.26,0.63,7.1616137502984,335.12,-35.120000000000005,False,True,16782.0,0.8952017187873,False
ITM12767,Groceries,345,24,5,6,8.36,4.32,0.62,L23,A,42,0.65,25.82,1.87,3,0.81,96,2.57,0.7,2024-11-06,30.2,0.489,41.26794258373206,50.16,294.84000000000003,False,False,8907.9,6.87799043062201,False
ITM12768,Electronics,338,32,9,3,33.28,7.46,0.98,L59,B,115,0.69,169.95,1.18,7,0.75,166,6.39,0.2,2024-08-29,30.49,0.417,10.15625,99.84,238.16,False,False,57443.1,3.3854166666666665,False
ITM12769,Groceries,183,38,14,9,8.38,3.93,0.88,L69,B,39,2.43,57.39,1.98,0,0.79,639,11.08,0.51,2024-09-03,179.9,0.61,21.837708830548923,75.42,107.58,False,False,10502.37,2.4264120922832135,False
ITM12770,Groceries,405,90,3,4,46.23,7.08,0.15,L44,B,160,3.47,37.66,1.61,1,0.8,566,9.73,0.26,2024-03-28,229.89,0.561,8.760545100584038,184.92,220.08,False,False,15252.3,2.1901362751460094,False
ITM12771,Groceries,425,16,14,8,28.69,0.64,0.75,L70,C,135,2.24,78.22,1.65,9,0.89,303,11.55,0.79,2024-04-22,210.0,0.545,14.813523875914953,229.52,195.48,False,False,33243.5,1.8516904844893691,False
ITM12772,Groceries,243,37,8,6,17.13,3.58,0.4,L46,C,45,5.0,86.17,0.83,9,0.85,881,8.0,0.75,2024-07-29,181.93,0.564,14.185639229422067,102.78,140.22,False,False,20939.31,2.364273204903678,False
ITM12773,Apparel,291,23,14,6,7.88,3.53,0.71,L87,C,134,1.38,71.96,0.59,9,0.93,668,3.44,0.24,2024-11-03,71.17,0.441,36.92893401015228,47.28,243.72,False,False,20940.359999999997,6.15482233502538,False
ITM12774,Pharma,165,53,14,9,19.19,7.61,0.66,L99,A,133,0.54,195.53,1.24,8,0.91,805,2.61,0.95,2024-03-14,259.92,0.523,8.598228243877019,172.71,-7.710000000000008,False,True,32262.45,0.9553586937641132,False
ITM12775,Automotive,472,39,11,7,35.55,3.49,0.55,L93,B,127,1.36,177.36,1.77,1,0.78,222,7.74,0.97,2024-10-25,192.37,0.656,13.27707454289733,248.84999999999997,223.15000000000003,False,False,83713.92000000001,1.8967249346996184,False
ITM12776,Groceries,457,90,14,5,19.86,6.52,0.87,L88,C,132,4.49,175.87,1.48,1,0.94,478,3.88,0.47,2024-04-03,211.32,0.566,23.011077542799597,99.3,357.7,False,False,80372.59,4.60221550855992,False
ITM12777,Groceries,375,41,5,6,13.06,7.04,0.74,L83,D,46,1.15,85.77,1.0,7,0.95,85,14.75,0.3,2024-11-15,74.91,0.607,28.713629402756506,78.36,296.64,False,False,32163.75,4.785604900459417,False
ITM12778,Groceries,49,79,9,5,29.29,6.76,0.9,L89,B,70,2.66,192.95,1.53,4,0.88,954,3.78,0.29,2024-12-03,85.83,0.451,1.6729259132809833,146.45,-97.44999999999999,True,True,9454.55,0.33458518265619663,False
ITM12779,Pharma,64,97,8,3,21.47,6.23,0.35,L34,A,105,2.39,139.96,1.41,4,0.98,456,8.93,0.87,2024-09-18,273.19,0.668,2.9809035863996276,64.41,-0.4099999999999966,True,True,8957.44,0.9936345287998759,False
ITM12780,Electronics,294,15,10,4,9.12,4.43,0.41,L79,B,129,3.5,168.08,1.83,5,0.93,465,1.02,0.57,2024-05-15,148.06,0.431,32.23684210526316,36.48,257.52,False,False,49415.520000000004,8.05921052631579,False
ITM12781,Electronics,490,36,5,8,8.55,4.05,0.66,L62,A,21,0.75,105.17,0.6,7,0.88,734,4.55,0.21,2024-03-26,170.61,0.479,57.30994152046783,68.4,421.6,False,False,51533.3,7.163742690058479,False
ITM12782,Apparel,53,91,5,8,35.67,5.86,0.97,L25,C,131,3.46,40.52,0.33,7,0.97,461,4.63,0.94,2024-12-17,42.12,0.671,1.4858424446313427,285.36,-232.36,True,True,2147.56,0.18573030557891784,False
ITM12783,Electronics,160,97,6,4,48.76,1.11,0.43,L32,A,44,2.1,178.51,0.99,8,0.88,537,11.33,0.67,2024-06-24,124.43,0.602,3.281378178835111,195.04,-35.03999999999999,False,True,28561.6,0.8203445447087777,False
ITM12784,Groceries,446,33,5,6,12.42,8.82,0.13,L36,A,76,4.67,102.42,0.79,9,0.86,741,7.94,0.75,2024-08-20,267.24,0.569,35.909822866344605,74.52,371.48,False,False,45679.32,5.984970477724101,False
ITM12785,Groceries,337,43,11,6,38.88,8.34,0.5,L72,D,47,4.32,194.03,1.95,2,0.81,828,1.17,0.86,2024-11-01,271.04,0.515,8.667695473251028,233.28000000000003,103.71999999999997,False,False,65388.11,1.4446159122085047,False
ITM12786,Groceries,393,49,13,3,5.29,3.79,0.59,L39,B,33,2.3,58.42,0.11,8,0.96,816,6.31,0.85,2024-10-29,221.74,0.675,74.29111531190927,15.870000000000001,377.13,False,False,22959.06,24.763705103969755,False
ITM12787,Apparel,240,56,6,7,19.7,5.88,0.82,L29,A,90,4.97,198.55,1.87,2,0.74,964,10.03,0.26,2024-02-05,168.23,0.507,12.18274111675127,137.9,102.1,False,False,47652.0,1.7403915881073242,False
ITM12788,Groceries,375,88,8,7,25.83,9.36,0.76,L39,D,177,0.73,52.26,1.91,0,0.84,881,9.91,0.66,2024-04-27,279.94,0.641,14.518002322880372,180.81,194.19,False,False,19597.5,2.074000331840053,False
ITM12789,Electronics,41,84,10,7,14.17,3.08,0.97,L99,D,81,4.05,79.95,0.2,4,0.86,370,1.75,0.76,2024-07-12,262.83,0.647,2.8934368383909668,99.19,-58.19,True,True,3277.9500000000003,0.41334811977013813,False
ITM12790,Pharma,199,95,13,5,26.95,7.55,0.8,L37,D,88,2.45,122.86,1.79,6,0.87,122,14.0,0.27,2024-07-16,255.44,0.516,7.38404452690167,134.75,64.25,False,False,24449.14,1.476808905380334,False
ITM12791,Pharma,455,33,10,7,44.25,1.29,0.37,L91,C,123,2.45,141.73,0.99,2,0.9,618,4.46,0.38,2024-03-08,265.72,0.576,10.282485875706215,309.75,145.25,False,False,64487.149999999994,1.4689265536723164,False
ITM12792,Automotive,386,74,7,4,47.28,5.47,0.68,L27,C,54,1.27,146.85,1.56,8,0.85,627,13.48,0.52,2024-02-25,141.44,0.538,8.164128595600676,189.12,196.88,False,False,56684.1,2.041032148900169,False
ITM12793,Electronics,439,27,7,8,5.93,8.9,0.71,L89,A,134,2.82,100.49,0.25,0,0.78,693,3.99,0.91,2024-01-09,162.39,0.766,74.03035413153458,47.44,391.56,False,False,44115.11,9.253794266441822,False
ITM12794,Groceries,348,53,8,8,14.32,5.74,1.0,L91,B,105,0.88,24.6,1.91,5,0.96,462,8.95,0.88,2024-04-13,132.96,0.596,24.30167597765363,114.56,233.44,False,False,8560.800000000001,3.037709497206704,False
ITM12795,Pharma,250,85,12,5,48.98,6.35,0.22,L63,C,22,3.27,104.25,1.25,5,0.9,821,6.69,0.83,2024-09-24,224.62,0.61,5.104124132298898,244.89999999999998,5.100000000000023,False,False,26062.5,1.0208248264597795,False
ITM12796,Electronics,422,66,9,3,14.25,9.12,0.27,L41,C,119,1.59,73.59,1.81,7,0.96,173,9.14,0.99,2024-09-15,181.66,0.591,29.614035087719298,42.75,379.25,False,False,31054.980000000003,9.871345029239766,False
ITM12797,Pharma,57,37,12,4,34.94,7.3,0.24,L62,A,15,3.76,134.95,1.38,2,0.78,434,7.97,0.39,2024-12-16,30.21,0.562,1.6313680595306241,139.76,-82.75999999999999,False,True,7692.15,0.40784201488265603,False
ITM12798,Groceries,89,80,9,8,13.42,7.11,0.63,L45,A,106,3.23,44.63,1.12,4,0.89,653,1.03,0.57,2024-08-02,49.61,0.514,6.631892697466468,107.36,-18.36,False,True,3972.07,0.8289865871833085,False
ITM12799,Pharma,135,32,6,4,18.46,6.07,0.22,L72,C,80,3.86,84.84,0.43,9,0.91,835,5.92,0.56,2024-03-17,65.77,0.55,7.313109425785481,73.84,61.16,False,False,11453.4,1.8282773564463703,False
ITM12800,Automotive,258,94,8,8,10.37,6.51,0.69,L93,A,56,3.87,193.56,0.44,4,0.82,702,1.16,0.74,2024-11-06,204.46,0.603,24.879459980713598,82.96,175.04000000000002,False,False,49938.48,3.1099324975891998,False
ITM12801,Automotive,354,43,9,2,42.96,8.14,0.82,L36,D,102,1.39,26.88,1.0,7,0.94,281,10.57,0.88,2024-02-19,41.84,0.665,8.240223463687151,85.92,268.08,False,False,9515.52,4.120111731843576,False
ITM12802,Pharma,460,20,7,3,44.25,9.8,0.49,L37,A,110,0.5,124.44,1.75,6,0.7,631,12.95,0.59,2024-03-31,166.84,0.536,10.3954802259887,132.75,327.25,False,False,57242.4,3.465160075329567,False
ITM12803,Electronics,167,95,7,3,15.55,8.06,0.6,L16,D,53,2.15,27.22,0.32,2,0.88,482,6.39,0.59,2024-08-31,253.84,0.707,10.739549839228296,46.650000000000006,120.35,False,False,4545.74,3.579849946409432,False
ITM12804,Electronics,28,44,4,9,41.36,7.22,0.92,L74,C,41,4.64,39.83,2.0,6,0.88,540,8.35,0.69,2024-11-10,284.78,0.505,0.6769825918762089,372.24,-344.24,True,True,1115.24,0.07522028798624543,False
ITM12805,Electronics,307,51,9,2,18.55,1.79,0.61,L87,B,12,3.1,124.94,1.76,9,0.86,736,1.92,0.79,2024-11-03,134.19,0.4,16.549865229110512,37.1,269.9,False,False,38356.58,8.274932614555256,False
ITM12806,Pharma,407,37,14,5,5.85,8.26,0.29,L70,D,93,3.77,94.36,0.85,7,0.89,920,6.39,0.36,2024-01-20,164.69,0.51,69.57264957264958,29.25,377.75,False,False,38404.52,13.914529914529917,False
ITM12807,Electronics,69,91,8,8,38.15,7.49,0.41,L49,B,175,4.46,114.21,0.58,4,0.75,135,2.94,0.97,2024-09-29,251.14,0.645,1.8086500655307995,305.2,-236.2,True,True,7880.49,0.22608125819134994,False
ITM12808,Groceries,357,87,13,9,30.23,7.82,0.58,L51,C,13,4.58,177.18,1.85,4,0.91,814,1.91,0.27,2024-09-14,281.37,0.396,11.809460800529276,272.07,84.93,False,False,63253.26,1.3121623111699197,False
ITM12809,Automotive,24,91,3,8,14.44,2.7,0.24,L45,A,154,2.88,165.28,0.33,0,0.8,79,3.41,0.22,2024-03-01,123.06,0.616,1.662049861495845,115.52,-91.52,True,True,3966.7200000000003,0.20775623268698062,False
ITM12810,Groceries,423,33,6,8,13.4,9.08,0.65,L99,D,174,2.93,178.72,0.76,7,0.84,716,13.19,0.49,2024-02-17,112.39,0.626,31.567164179104477,107.2,315.8,False,False,75598.56,3.9458955223880596,False
ITM12811,Electronics,362,17,5,7,48.81,1.42,1.0,L19,D,97,4.33,127.09,0.26,5,0.8,249,14.75,0.76,2024-09-03,140.74,0.783,7.416513009629174,341.67,20.329999999999984,False,False,46006.58,1.0595018585184535,False
ITM12812,Groceries,145,62,14,7,43.26,2.91,0.69,L38,C,115,4.13,103.03,1.91,5,0.84,924,13.31,0.98,2024-12-03,83.6,0.65,3.351826167360148,302.82,-157.82,False,True,14939.35,0.47883230962287826,False
ITM12813,Electronics,94,81,5,7,40.68,6.8,0.44,L6,C,114,3.64,97.25,1.27,4,0.89,205,14.58,0.95,2024-03-07,259.3,0.755,2.3107177974434614,284.76,-190.76,False,True,9141.5,0.33010254249192306,False
ITM12814,Pharma,184,13,9,7,7.27,6.9,0.4,L37,A,45,3.22,150.56,0.74,4,0.95,806,11.23,0.75,2024-11-04,102.28,0.736,25.30949105914718,50.89,133.11,False,False,27703.04,3.6156415798781687,False
ITM12815,Groceries,297,14,13,7,38.0,3.48,0.94,L92,B,67,3.28,109.05,0.62,2,0.85,947,3.24,0.55,2024-10-03,140.34,0.621,7.815789473684211,266.0,31.0,False,False,32387.85,1.1165413533834587,False
ITM12816,Pharma,461,58,14,2,11.51,7.16,0.88,L11,D,178,2.13,30.1,0.94,2,0.8,581,8.88,0.68,2024-01-01,102.79,0.68,40.05212858384014,23.02,437.98,False,False,13876.1,20.02606429192007,False
ITM12817,Pharma,343,39,12,3,48.89,4.19,0.53,L45,B,17,4.28,36.97,0.27,1,0.85,764,11.24,0.97,2024-12-13,44.49,0.867,7.015749642053589,146.67000000000002,196.32999999999998,False,False,12680.71,2.3385832140178633,False
ITM12818,Apparel,496,81,6,5,3.55,0.5,0.42,L57,D,167,3.28,77.85,1.79,8,0.91,895,8.19,0.41,2024-11-28,185.93,0.434,139.71830985915494,17.75,478.25,False,False,38613.6,27.943661971830988,False
ITM12819,Electronics,319,72,14,4,18.25,2.04,0.74,L84,D,95,1.51,22.89,1.07,7,0.8,201,8.77,0.58,2024-08-08,180.41,0.546,17.47945205479452,73.0,246.0,False,False,7301.91,4.36986301369863,False
ITM12820,Automotive,309,56,10,7,22.0,8.88,0.38,L33,A,106,1.58,55.45,1.48,2,0.82,126,9.21,0.75,2024-09-24,95.52,0.649,14.045454545454545,154.0,155.0,False,False,17134.05,2.0064935064935066,False
ITM12821,Electronics,96,35,13,2,41.39,2.62,0.21,L96,D,162,4.38,134.72,0.54,4,0.87,377,7.54,0.21,2024-08-03,19.11,0.583,2.3194008214544577,82.78,13.219999999999999,False,False,12933.119999999999,1.1597004107272288,False
ITM12822,Automotive,317,66,11,9,38.54,1.57,0.38,L62,D,68,3.32,12.36,1.06,9,0.79,221,5.07,0.51,2024-07-08,281.66,0.442,8.225220550077841,346.86,-29.860000000000014,False,True,3918.12,0.9139133944530935,False
ITM12823,Electronics,156,46,5,9,19.37,6.98,0.49,L28,C,39,2.29,124.78,0.5,4,0.76,454,9.92,0.65,2024-01-23,113.11,0.684,8.053691275167784,174.33,-18.330000000000013,False,True,19465.68,0.8948545861297538,False
ITM12824,Pharma,125,16,7,8,28.71,4.69,0.33,L26,A,110,1.34,156.75,1.65,7,0.74,455,1.75,0.92,2024-12-23,166.24,0.45,4.3538836642284915,229.68,-104.68,False,True,19593.75,0.5442354580285614,False
ITM12825,Groceries,114,49,6,5,41.94,8.07,0.3,L69,C,76,3.25,42.33,1.57,5,0.81,890,3.39,0.99,2024-09-28,51.69,0.548,2.7181688125894135,209.7,-95.69999999999999,False,True,4825.62,0.5436337625178826,False
ITM12826,Groceries,154,48,14,9,1.89,8.68,0.11,L35,D,141,1.33,44.38,0.38,6,0.71,811,13.95,0.65,2024-08-07,82.84,0.7,81.48148148148148,17.009999999999998,136.99,False,False,6834.52,9.053497942386832,False
ITM12827,Apparel,87,71,12,5,40.31,8.54,0.67,L72,A,102,2.62,15.48,0.24,4,0.88,747,7.84,0.96,2024-04-27,136.22,0.769,2.158273381294964,201.55,-114.55000000000001,False,True,1346.76,0.4316546762589928,False
ITM12828,Automotive,166,87,8,5,47.4,3.47,0.65,L90,D,72,3.55,107.37,1.67,0,0.75,411,12.5,0.28,2024-09-03,173.05,0.606,3.5021097046413505,237.0,-71.0,False,True,17823.420000000002,0.7004219409282701,False
ITM12829,Automotive,497,62,13,2,2.57,5.3,0.27,L35,A,41,3.04,134.37,0.31,7,0.81,177,11.17,0.76,2024-07-14,257.66,0.692,193.3852140077821,5.14,491.86,False,False,66781.89,96.69260700389106,False
ITM12830,Automotive,178,13,12,4,3.23,6.68,0.95,L18,B,96,4.65,96.81,1.14,3,0.78,924,5.49,0.52,2024-06-28,94.22,0.559,55.10835913312693,12.92,165.08,False,False,17232.18,13.777089783281733,False
ITM12831,Pharma,403,91,6,7,17.88,3.56,0.47,L14,B,60,0.68,84.0,1.12,4,0.89,572,12.25,0.8,2024-10-28,262.82,0.709,22.53914988814318,125.16,277.84000000000003,False,False,33852.0,3.2198785554490255,False
ITM12832,Automotive,182,34,10,5,5.3,0.89,0.12,L79,A,72,1.76,96.34,0.49,0,0.96,385,2.28,0.89,2024-12-22,142.95,0.751,34.339622641509436,26.5,155.5,False,False,17533.88,6.867924528301887,False
ITM12833,Groceries,460,16,5,2,24.48,5.21,0.3,L95,D,89,0.76,158.49,1.22,2,0.89,803,13.25,0.24,2024-10-21,135.48,0.641,18.790849673202615,48.96,411.04,False,False,72905.40000000001,9.395424836601308,False
ITM12834,Pharma,360,37,13,8,36.71,0.62,0.72,L76,A,96,1.38,16.37,1.06,1,0.86,742,10.53,0.95,2024-02-20,124.96,0.776,9.8065922092073,293.68,66.32,False,False,5893.200000000001,1.2258240261509126,False
ITM12835,Electronics,208,78,7,3,28.78,9.53,0.28,L31,D,119,1.06,158.93,1.07,1,0.9,314,13.98,0.25,2024-08-05,266.99,0.689,7.227241139680333,86.34,121.66,False,False,33057.44,2.4090803798934446,False
ITM12836,Automotive,434,76,3,8,10.63,8.07,0.15,L32,B,110,3.8,136.61,0.78,0,0.71,244,13.54,0.8,2024-03-09,82.79,0.805,40.82784571966133,85.04,348.96,False,False,59288.740000000005,5.103480714957667,False
ITM12837,Automotive,358,29,8,2,33.09,2.32,0.66,L7,D,138,2.16,55.87,1.69,5,0.74,807,6.32,0.26,2024-05-10,258.64,0.415,10.818978543366574,66.18,291.82,False,False,20001.46,5.409489271683287,False
ITM12838,Electronics,114,92,13,2,34.56,3.23,0.57,L86,C,28,4.66,109.7,0.26,7,0.73,149,13.0,0.89,2024-09-01,35.84,0.731,3.2986111111111107,69.12,44.879999999999995,False,False,12505.800000000001,1.6493055555555554,False
ITM12839,Automotive,200,20,7,2,46.69,9.84,0.79,L68,B,110,0.61,19.37,0.93,2,0.73,613,8.88,0.36,2024-04-29,287.05,0.603,4.283572499464554,93.38,106.62,False,False,3874.0,2.141786249732277,False
ITM12840,Electronics,307,76,10,5,8.19,4.05,0.8,L29,C,172,3.44,82.12,0.59,0,0.78,420,3.2,0.55,2024-02-12,155.87,0.65,37.48473748473749,40.949999999999996,266.05,False,False,25210.84,7.496947496947497,False
ITM12841,Pharma,341,96,11,2,34.92,7.95,0.96,L82,B,103,4.87,43.07,1.71,9,0.86,958,12.61,0.95,2024-05-25,299.68,0.579,9.765177548682702,69.84,271.15999999999997,False,False,14686.87,4.882588774341351,False
ITM12842,Groceries,206,16,10,3,45.66,4.74,0.15,L30,B,90,1.29,14.24,0.53,1,0.73,946,13.71,0.83,2024-11-02,186.3,0.822,4.511607533946562,136.98,69.02000000000001,False,False,2933.44,1.5038691779821873,False
ITM12843,Electronics,391,32,10,5,25.58,8.71,0.14,L7,C,112,2.49,77.85,1.56,2,0.98,477,2.18,0.83,2024-10-05,44.1,0.595,15.285379202501955,127.89999999999999,263.1,False,False,30439.35,3.0570758405003913,False
ITM12844,Apparel,157,70,14,8,18.73,7.19,0.99,L13,A,122,3.66,147.96,1.26,5,0.96,636,14.03,0.81,2024-07-28,27.66,0.715,8.382274426054458,149.84,7.159999999999997,False,False,23229.72,1.0477843032568073,False
ITM12845,Electronics,149,80,5,3,9.37,0.72,0.68,L53,D,163,3.35,184.99,1.76,2,0.99,969,9.42,0.66,2024-05-11,66.09,0.64,15.901814300960513,28.11,120.89,False,False,27563.510000000002,5.3006047669868375,False
ITM12846,Automotive,213,43,6,9,43.47,3.3,0.74,L43,B,22,3.05,135.83,1.23,8,0.71,182,1.36,0.96,2024-04-06,132.13,0.469,4.899930986887509,391.23,-178.23000000000002,False,True,28931.79,0.5444367763208343,False
ITM12847,Pharma,335,28,13,6,20.32,5.8,0.19,L92,D,127,1.97,86.37,1.16,0,0.96,305,8.59,0.87,2024-01-03,226.68,0.765,16.486220472440944,121.92,213.07999999999998,False,False,28933.95,2.747703412073491,False
ITM12848,Pharma,491,67,6,8,46.32,9.3,0.16,L61,B,95,3.78,199.9,1.62,6,0.94,499,12.15,0.55,2024-12-29,10.21,0.578,10.600172711571675,370.56,120.44,False,False,98150.90000000001,1.3250215889464594,False
ITM12849,Electronics,292,18,13,2,42.54,1.47,0.24,L13,D,32,3.44,63.76,1.17,9,0.97,770,8.46,0.79,2024-01-04,84.63,0.568,6.864127879642689,85.08,206.92000000000002,False,False,18617.92,3.4320639398213446,False
ITM12850,Groceries,371,57,7,7,19.46,6.21,0.48,L88,B,116,1.23,45.55,1.7,7,0.86,453,10.9,1.0,2024-10-22,180.4,0.607,19.06474820143885,136.22,234.78,False,False,16899.05,2.723535457348407,False
ITM12851,Apparel,163,91,11,7,29.12,3.37,0.2,L99,A,172,4.84,98.1,0.19,8,0.94,704,13.31,0.9,2024-09-24,96.39,0.766,5.597527472527473,203.84,-40.84,False,True,15990.3,0.799646781789639,False
ITM12852,Pharma,35,50,14,5,2.33,8.95,0.5,L18,B,21,3.0,105.93,1.04,7,0.72,629,13.18,0.2,2024-03-01,113.51,0.516,15.02145922746781,11.65,23.35,True,False,3707.55,3.004291845493562,False
ITM12853,Automotive,321,57,11,7,13.9,7.77,0.61,L1,A,146,2.86,77.42,1.64,4,0.72,103,3.5,0.79,2024-09-23,97.22,0.505,23.093525179856115,97.3,223.7,False,False,24851.82,3.299075025693731,False
ITM12854,Automotive,442,54,12,8,35.8,4.01,0.1,L71,B,87,4.32,142.14,1.71,0,0.74,828,6.98,0.92,2024-01-04,286.42,0.654,12.3463687150838,286.4,155.60000000000002,False,False,62825.88,1.543296089385475,False
ITM12855,Groceries,264,34,14,5,34.22,2.09,0.2,L21,D,76,3.38,44.93,1.68,0,0.97,456,2.56,0.46,2024-07-11,29.09,0.552,7.714786674459381,171.1,92.9,False,False,11861.52,1.5429573348918761,False
ITM12856,Pharma,434,87,3,8,18.32,0.61,0.44,L53,C,117,0.84,106.96,1.25,7,0.72,434,9.33,0.98,2024-12-01,273.18,0.599,23.689956331877728,146.56,287.44,False,False,46420.64,2.961244541484716,False
ITM12857,Electronics,126,34,10,2,40.62,6.4,0.15,L84,B,53,2.78,105.02,1.99,6,0.73,987,14.37,0.52,2024-04-15,103.74,0.523,3.10192023633678,81.24,44.760000000000005,False,False,13232.519999999999,1.55096011816839,False
ITM12858,Automotive,107,28,3,4,12.56,4.36,0.22,L61,B,158,4.01,166.52,0.44,4,0.98,291,3.55,0.54,2024-12-18,81.5,0.627,8.519108280254777,50.24,56.76,False,False,17817.64,2.129777070063694,False
ITM12859,Groceries,148,48,4,4,23.6,3.49,0.31,L62,A,16,3.65,186.12,0.43,9,0.73,96,6.65,0.33,2024-06-10,266.15,0.478,6.271186440677965,94.4,53.599999999999994,False,False,27545.760000000002,1.5677966101694913,False
ITM12860,Pharma,414,88,9,3,24.15,9.86,0.49,L84,D,137,4.87,136.02,0.16,2,0.96,164,14.36,0.28,2024-07-28,93.25,0.783,17.142857142857142,72.44999999999999,341.55,False,False,56312.280000000006,5.714285714285714,False
ITM12861,Pharma,394,89,10,2,17.7,4.93,0.74,L26,A,106,0.61,68.02,1.98,8,0.94,757,11.5,0.63,2024-07-04,296.37,0.509,22.25988700564972,35.4,358.6,False,False,26799.879999999997,11.12994350282486,False
ITM12862,Pharma,360,36,3,7,47.78,7.62,0.22,L97,D,20,1.68,141.03,0.76,3,0.71,855,2.0,0.68,2024-02-24,168.95,0.569,7.534533277521976,334.46000000000004,25.539999999999964,False,False,50770.8,1.0763618967888537,False
ITM12863,Pharma,23,83,5,2,35.14,2.19,0.76,L37,D,169,2.97,57.76,1.55,5,0.71,179,7.0,0.49,2024-03-20,148.15,0.478,0.6545247581104154,70.28,-47.28,True,True,1328.48,0.3272623790552077,False
ITM12864,Pharma,346,72,9,6,27.42,0.63,0.87,L42,A,115,3.29,193.64,0.21,3,0.86,606,14.83,0.69,2024-08-06,293.18,0.827,12.618526622902989,164.52,181.48,False,False,66999.44,2.1030877704838313,False
ITM12865,Automotive,429,77,11,4,26.02,4.47,0.69,L37,C,92,1.73,166.25,0.67,8,1.0,204,7.35,0.52,2024-11-29,75.76,0.575,16.487317448116833,104.08,324.92,False,False,71321.25,4.121829362029208,False
ITM12866,Groceries,386,28,10,7,8.81,6.82,0.14,L83,D,45,4.22,91.93,1.29,3,0.96,544,9.81,0.89,2024-10-26,273.6,0.712,43.81384790011351,61.67,324.33,False,False,35484.98,6.259121128587644,False
ITM12867,Pharma,325,37,10,8,19.24,5.31,0.5,L8,C,127,1.24,159.03,1.1,7,0.79,878,10.81,0.96,2024-05-09,181.54,0.644,16.891891891891895,153.92,171.08,False,False,51684.75,2.111486486486487,False
ITM12868,Apparel,415,94,11,8,33.97,8.96,0.69,L99,A,174,0.5,87.64,0.49,2,0.82,131,10.3,0.67,2024-05-13,228.94,0.746,12.216661760376804,271.76,143.24,False,False,36370.6,1.5270827200471004,False
ITM12869,Apparel,114,87,12,4,46.3,4.62,0.98,L12,C,50,4.79,24.18,0.98,7,0.82,828,8.26,0.87,2024-10-01,178.79,0.61,2.4622030237580996,185.2,-71.19999999999999,False,True,2756.52,0.6155507559395249,False
ITM12870,Groceries,228,42,5,2,41.01,3.45,0.96,L84,D,101,2.26,144.29,0.31,2,0.92,718,2.86,0.88,2024-08-04,189.41,0.727,5.5596196049743964,82.02,145.98000000000002,False,False,32898.119999999995,2.7798098024871982,False
ITM12871,Electronics,244,19,10,7,15.72,9.2,0.46,L74,A,58,4.81,86.88,1.13,4,0.8,74,10.92,0.77,2024-10-16,54.93,0.667,15.521628498727734,110.04,133.95999999999998,False,False,21198.719999999998,2.2173754998182478,False
ITM12872,Electronics,478,92,3,3,22.26,4.36,0.65,L30,C,152,1.75,186.76,0.28,0,0.74,383,14.07,0.35,2024-07-06,53.98,0.778,21.47349505840072,66.78,411.22,False,False,89271.28,7.157831686133573,False
ITM12873,Electronics,367,39,10,8,5.06,3.06,0.9,L69,A,150,0.79,68.25,1.31,5,0.92,231,14.18,0.32,2024-11-09,125.18,0.606,72.5296442687747,40.48,326.52,False,False,25047.75,9.066205533596838,False
ITM12874,Apparel,499,31,9,2,6.01,1.43,0.85,L95,A,62,3.98,170.23,0.4,1,0.84,481,9.31,0.94,2024-05-21,110.45,0.82,83.02828618968387,12.02,486.98,False,False,84944.76999999999,41.514143094841934,False
ITM12875,Electronics,340,12,10,3,24.04,8.04,0.53,L93,C,116,4.26,139.28,1.14,2,0.72,223,7.89,0.41,2024-12-14,216.5,0.577,14.143094841930116,72.12,267.88,False,False,47355.2,4.714364947310039,False
ITM12876,Automotive,66,91,3,9,26.98,8.34,0.34,L5,D,42,2.71,172.13,0.35,0,0.94,858,5.68,0.4,2024-07-22,219.6,0.709,2.446256486286138,242.82,-176.82,True,True,11360.58,0.2718062762540153,False
ITM12877,Pharma,495,84,8,7,13.94,0.82,0.22,L23,D,128,0.83,65.46,0.86,5,0.88,90,2.45,0.33,2024-04-14,173.5,0.489,35.50932568149211,97.58,397.42,False,False,32402.699999999997,5.0727608116417295,False
ITM12878,Apparel,200,57,9,4,32.5,3.91,0.54,L54,D,41,3.44,97.66,0.77,4,0.85,494,13.36,0.62,2024-07-30,126.58,0.715,6.153846153846154,130.0,70.0,False,False,19532.0,1.5384615384615385,False
ITM12879,Groceries,125,11,13,9,35.47,7.62,0.75,L23,D,127,1.32,166.39,1.54,9,0.9,918,2.92,0.74,2024-10-09,206.27,0.433,3.5241048773611503,319.23,-194.23000000000002,False,True,20798.75,0.3915672085956834,False
ITM12880,Groceries,218,85,7,6,15.66,9.49,0.97,L5,B,71,4.32,132.33,1.32,1,0.85,444,5.03,0.74,2024-10-12,209.33,0.633,13.92081736909323,93.96000000000001,124.03999999999999,False,False,28847.940000000002,2.320136228182205,False
ITM12881,Pharma,405,63,7,9,38.16,4.09,0.88,L51,A,91,1.73,78.39,1.88,7,0.89,989,11.37,0.41,2024-09-04,244.64,0.484,10.613207547169813,343.43999999999994,61.56000000000006,False,False,31747.95,1.179245283018868,False
ITM12882,Apparel,125,15,9,5,11.07,8.78,0.28,L64,A,139,4.31,107.28,1.85,8,0.96,337,10.87,0.28,2024-04-01,245.4,0.448,11.29177958446251,55.35,69.65,False,False,13410.0,2.2583559168925023,False
ITM12883,Electronics,299,49,13,4,27.67,4.24,0.75,L24,B,86,2.42,199.26,1.48,2,0.88,610,10.53,0.45,2024-07-08,30.17,0.618,10.80592699674738,110.68,188.32,False,False,59578.74,2.701481749186845,False
ITM12884,Electronics,279,11,5,3,40.41,2.21,0.36,L96,A,25,3.18,150.95,1.56,5,0.9,311,11.38,0.6,2024-10-13,118.47,0.596,6.90423162583519,121.22999999999999,157.77,False,False,42115.049999999996,2.3014105419450632,False
ITM12885,Automotive,127,82,8,2,27.31,0.53,0.72,L38,A,132,4.05,126.76,1.29,5,0.88,805,8.59,0.69,2024-10-11,131.78,0.6,4.650311241303552,54.62,72.38,False,False,16098.52,2.325155620651776,False
ITM12886,Automotive,38,11,9,9,45.49,3.64,0.7,L5,C,17,0.68,167.3,1.41,9,0.86,106,3.17,0.42,2024-09-04,255.61,0.377,0.8353484282259837,409.41,-371.41,False,True,6357.400000000001,0.09281649202510929,False
ITM12887,Electronics,429,83,3,8,3.87,4.1,0.35,L2,B,156,4.2,93.99,1.27,5,0.75,55,14.98,0.35,2024-05-09,155.52,0.593,110.85271317829456,30.96,398.04,False,False,40321.71,13.85658914728682,False
ITM12888,Groceries,478,64,14,7,29.83,9.48,0.31,L39,A,169,1.12,190.51,0.69,7,0.8,608,13.49,0.87,2024-06-06,151.75,0.705,16.02413677505867,208.81,269.19,False,False,91063.78,2.2891623964369527,False
ITM12889,Groceries,315,81,4,9,28.53,2.46,0.19,L73,A,76,2.11,114.88,0.77,4,0.91,624,7.04,0.89,2024-10-22,170.59,0.697,11.041009463722396,256.77,58.23000000000002,False,False,36187.2,1.2267788293024884,False
ITM12890,Automotive,325,69,14,4,33.36,4.13,0.15,L78,B,124,2.63,72.11,1.19,9,0.83,994,8.42,0.42,2024-06-25,46.89,0.463,9.74220623501199,133.44,191.56,False,False,23435.75,2.4355515587529974,False
ITM12891,Pharma,190,15,6,8,41.84,0.74,0.87,L14,B,122,4.53,26.34,1.47,9,0.82,967,6.51,0.65,2024-12-27,173.94,0.454,4.541108986615678,334.72,-144.72000000000003,False,True,5004.6,0.5676386233269598,False
ITM12892,Electronics,350,28,10,8,36.57,7.75,0.14,L43,C,41,0.6,81.38,0.87,7,0.93,628,9.93,0.55,2024-07-22,169.95,0.601,9.57068635493574,292.56,57.44,False,False,28483.0,1.1963357943669675,False
ITM12893,Automotive,214,36,13,6,39.72,9.19,0.18,L37,C,114,3.02,118.04,0.37,2,0.7,964,11.24,0.31,2024-03-11,228.78,0.675,5.387713997985902,238.32,-24.319999999999993,False,True,25260.56,0.8979523329976503,False
ITM12894,Automotive,31,10,12,7,15.15,2.76,0.31,L59,D,34,3.39,143.62,0.97,6,0.9,744,4.24,0.95,2024-12-03,193.9,0.61,2.046204620462046,106.05,-75.05,False,True,4452.22,0.2923149457802923,False
ITM12895,Electronics,214,42,8,9,19.99,4.58,0.9,L83,D,62,1.92,176.27,1.93,0,0.85,211,7.06,0.21,2024-03-01,286.96,0.513,10.70535267633817,179.91,34.09,False,False,37721.78,1.1894836307042411,False
ITM12896,Electronics,302,49,3,3,31.71,1.66,0.4,L70,C,90,1.81,189.35,0.51,3,0.81,346,9.96,0.35,2024-04-27,33.23,0.654,9.523809523809524,95.13,206.87,False,False,57183.7,3.1746031746031744,False
ITM12897,Groceries,388,41,12,7,28.12,4.84,0.27,L68,A,34,2.71,29.47,1.33,4,0.8,666,14.83,0.48,2024-08-16,233.78,0.641,13.79800853485064,196.84,191.16,False,False,11434.359999999999,1.9711440764072343,False
ITM12898,Pharma,201,78,7,9,48.09,1.77,0.74,L64,B,42,1.34,124.17,1.97,6,0.75,824,5.55,0.89,2024-12-24,227.94,0.485,4.179663131628197,432.81000000000006,-231.81000000000006,False,True,24958.170000000002,0.4644070146253552,False
ITM12899,Pharma,469,26,9,7,10.15,5.47,0.39,L18,C,40,2.61,136.65,0.81,5,0.8,106,11.43,0.83,2024-03-23,88.11,0.697,46.206896551724135,71.05,397.95,False,False,64088.850000000006,6.600985221674876,False
ITM12900,Electronics,324,17,8,2,18.21,7.48,0.4,L65,D,45,3.94,42.69,1.79,5,0.82,577,5.85,0.66,2024-02-21,212.58,0.495,17.792421746293243,36.42,287.58,False,False,13831.56,8.896210873146622,False
ITM12901,Apparel,163,66,14,5,29.07,5.76,0.77,L60,B,96,4.3,113.66,1.74,1,0.83,108,2.29,0.76,2024-04-19,201.2,0.555,5.607155142758858,145.35,17.650000000000006,False,False,18526.579999999998,1.1214310285517715,False
ITM12902,Automotive,405,51,11,9,43.53,2.83,0.33,L35,D,132,2.23,73.62,0.74,1,0.9,215,11.78,0.47,2024-09-17,96.62,0.737,9.303928325292901,391.77,13.230000000000018,False,False,29816.100000000002,1.0337698139214335,False
ITM12903,Automotive,335,18,10,8,46.54,3.86,0.91,L25,A,53,3.28,24.71,0.29,1,0.84,954,10.09,0.95,2024-07-24,219.9,0.844,7.198109153416416,372.32,-37.31999999999999,False,True,8277.85,0.899763644177052,False
ITM12904,Electronics,201,96,6,3,17.47,6.57,0.61,L15,A,57,0.5,22.51,0.44,9,0.94,811,8.2,0.22,2024-06-22,279.89,0.517,11.50543789353177,52.41,148.59,False,False,4524.51,3.83514596451059,False
ITM12905,Apparel,49,44,13,9,4.29,6.1,0.58,L43,D,167,2.98,154.25,0.79,7,0.89,595,10.45,0.28,2024-10-08,98.51,0.554,11.421911421911421,38.61,10.39,False,False,7558.25,1.269101269101269,False
ITM12906,Groceries,103,80,14,9,21.66,1.8,0.34,L21,B,22,4.89,126.94,1.92,6,0.76,95,13.31,0.94,2024-11-10,294.22,0.605,4.755309325946445,194.94,-91.94,False,True,13074.82,0.5283677028829383,False
ITM12907,Electronics,185,88,7,2,20.32,8.53,0.85,L94,D,153,1.91,145.87,0.62,0,0.78,982,11.59,0.96,2024-12-22,75.04,0.841,9.104330708661417,40.64,144.36,False,False,26985.95,4.552165354330708,False
ITM12908,Electronics,303,62,9,8,49.34,5.01,0.62,L59,B,100,3.18,140.2,1.86,8,0.72,860,13.01,0.59,2024-12-16,49.05,0.489,6.141062018646129,394.72,-91.72000000000003,False,True,42480.6,0.7676327523307661,False
ITM12909,Automotive,300,63,10,5,22.12,2.04,0.24,L83,C,163,3.93,35.52,0.44,7,0.98,96,5.06,0.66,2024-12-27,32.34,0.611,13.5623869801085,110.60000000000001,189.39999999999998,False,False,10656.000000000002,2.7124773960216997,False
ITM12910,Electronics,115,93,7,2,15.98,1.67,0.29,L33,D,174,3.24,38.8,1.94,8,0.97,439,12.21,0.92,2024-01-27,71.97,0.587,7.196495619524406,31.96,83.03999999999999,False,False,4462.0,3.598247809762203,False
ITM12911,Electronics,400,34,11,5,18.9,9.67,0.52,L92,D,140,2.38,57.97,0.66,3,0.73,301,6.04,0.88,2024-03-23,109.33,0.677,21.164021164021165,94.5,305.5,False,False,23188.0,4.232804232804233,False
ITM12912,Electronics,285,76,12,5,20.45,3.17,0.8,L24,B,163,1.19,85.83,1.3,4,0.87,215,1.29,0.89,2024-07-18,222.62,0.559,13.93643031784841,102.25,182.75,False,False,24461.55,2.787286063569682,False
ITM12913,Automotive,463,71,14,5,41.26,9.13,0.95,L2,C,152,2.59,188.44,0.23,4,0.99,417,1.6,0.5,2024-11-21,30.88,0.616,11.221522055259332,206.29999999999998,256.70000000000005,False,False,87247.72,2.2443044110518664,False
ITM12914,Groceries,317,64,6,2,4.97,4.4,0.7,L95,B,75,1.83,138.04,0.67,8,0.92,428,11.22,0.86,2024-01-03,157.11,0.679,63.78269617706238,9.94,307.06,False,False,43758.68,31.89134808853119,False
ITM12915,Groceries,315,55,6,7,16.51,4.17,0.56,L44,B,37,3.63,58.48,0.5,7,0.85,366,4.81,0.26,2024-02-16,160.44,0.496,19.079345850999392,115.57000000000001,199.43,False,False,18421.2,2.725620835857056,False
ITM12916,Electronics,244,33,10,9,48.35,7.16,0.33,L38,D,134,2.49,20.64,0.11,9,0.77,181,5.31,0.59,2024-03-15,76.1,0.552,5.046535677352637,435.15000000000003,-191.15000000000003,False,True,5036.16,0.5607261863725151,False
ITM12917,Automotive,352,55,3,5,8.5,0.59,0.71,L73,D,175,4.32,140.0,0.4,5,0.78,438,9.72,0.39,2024-08-29,23.18,0.624,41.411764705882355,42.5,309.5,False,False,49280.0,8.282352941176471,False
ITM12918,Groceries,380,31,10,7,37.39,3.71,0.98,L87,B,89,1.37,128.81,1.23,9,0.92,631,11.38,0.23,2024-11-03,75.28,0.479,10.163145225996255,261.73,118.26999999999998,False,False,48947.8,1.4518778894280364,False
ITM12919,Groceries,393,20,7,9,18.46,3.38,0.53,L97,A,141,2.38,138.4,0.84,9,0.93,621,8.82,0.69,2024-08-10,76.81,0.578,21.289274106175515,166.14000000000001,226.85999999999999,False,False,54391.200000000004,2.365474900686168,False
ITM12920,Groceries,61,57,13,8,29.51,8.75,0.25,L25,A,81,3.01,59.62,1.47,0,0.86,766,10.89,0.26,2024-02-15,209.53,0.622,2.0670958996950186,236.08,-175.08,False,True,3636.8199999999997,0.2583869874618773,False
ITM12921,Automotive,322,17,3,9,5.88,5.53,0.19,L23,A,53,1.07,108.22,1.38,6,0.74,799,14.17,0.3,2024-02-02,77.8,0.539,54.761904761904766,52.92,269.08,False,False,34846.84,6.0846560846560855,False
ITM12922,Automotive,440,48,6,8,16.01,3.96,0.34,L79,D,128,3.15,78.72,1.62,8,0.98,905,12.96,0.27,2024-05-14,108.68,0.501,27.482823235477824,128.08,311.91999999999996,False,False,34636.8,3.435352904434728,False
ITM12923,Electronics,265,44,4,3,25.54,3.03,0.61,L82,D,55,1.81,165.36,1.75,3,0.95,397,4.37,0.98,2024-04-23,23.75,0.609,10.375880971025842,76.62,188.38,False,False,43820.4,3.4586269903419473,False
ITM12924,Pharma,227,58,6,6,12.35,6.11,0.95,L52,C,93,1.53,23.19,1.66,3,0.74,894,13.7,0.23,2024-07-08,190.94,0.551,18.380566801619434,74.1,152.9,False,False,5264.13,3.063427800269906,False
ITM12925,Groceries,256,55,10,7,27.55,1.94,0.37,L55,D,35,1.14,62.33,0.95,4,0.72,667,5.16,0.42,2024-02-10,147.5,0.522,9.292196007259529,192.85,63.150000000000006,False,False,15956.48,1.3274565724656469,False
ITM12926,Pharma,41,47,7,9,11.77,2.84,0.37,L66,C,105,2.07,124.56,0.69,7,0.86,546,10.25,0.72,2024-11-07,110.04,0.644,3.4834324553950724,105.92999999999999,-64.92999999999999,True,True,5106.96,0.38704805059945246,False
ITM12927,Automotive,204,17,3,8,32.85,3.29,0.53,L42,D,22,4.68,48.99,1.05,4,0.79,745,13.25,0.86,2024-01-20,213.84,0.722,6.210045662100456,262.8,-58.80000000000001,False,True,9993.960000000001,0.776255707762557,False
ITM12928,Automotive,487,63,9,6,45.31,6.28,0.93,L12,A,134,0.64,137.82,1.12,3,0.78,899,9.73,0.69,2024-07-15,207.82,0.652,10.748179209887441,271.86,215.14,False,False,67118.34,1.7913632016479069,False
ITM12929,Automotive,261,46,3,5,5.19,4.05,0.48,L52,A,78,4.33,35.99,0.7,7,0.73,560,12.29,0.98,2024-07-24,105.09,0.696,50.289017341040456,25.950000000000003,235.05,False,False,9393.390000000001,10.05780346820809,False
ITM12930,Pharma,382,49,11,6,11.61,5.3,0.3,L86,B,60,2.29,14.33,1.13,4,0.99,568,13.98,0.47,2024-11-10,215.73,0.685,32.90267011197244,69.66,312.34000000000003,False,False,5474.06,5.483778351995407,False
ITM12931,Automotive,302,43,5,6,42.38,6.68,0.25,L13,B,22,3.03,174.06,0.3,7,0.95,501,14.54,0.58,2024-12-01,110.98,0.73,7.126002831524303,254.28000000000003,47.71999999999997,False,False,52566.12,1.1876671385873838,False
ITM12932,Electronics,60,88,14,5,31.95,9.58,0.51,L24,C,178,2.81,73.35,0.54,0,0.73,592,6.75,0.86,2024-09-23,74.38,0.754,1.8779342723004695,159.75,-99.75,True,True,4401.0,0.3755868544600939,False
ITM12933,Automotive,355,26,5,7,4.86,7.77,0.82,L18,C,148,4.67,39.8,1.52,2,0.96,265,14.9,0.75,2024-05-26,218.75,0.749,73.04526748971193,34.02,320.98,False,False,14128.999999999998,10.435038212815991,False
ITM12934,Apparel,181,42,8,9,24.83,4.35,0.36,L62,B,174,3.97,42.81,0.45,6,0.9,519,4.8,0.37,2024-12-30,221.13,0.553,7.2895690696737825,223.46999999999997,-42.46999999999997,False,True,7748.610000000001,0.8099521188526425,False
ITM12935,Pharma,179,56,12,5,11.28,7.61,0.56,L42,C,69,4.93,178.32,0.36,0,0.8,902,7.47,0.6,2024-11-01,261.07,0.744,15.868794326241135,56.4,122.6,False,False,31919.28,3.173758865248227,False
ITM12936,Apparel,493,61,8,3,10.76,9.52,0.64,L32,D,41,4.07,134.34,0.65,4,0.96,353,11.65,0.98,2024-01-30,155.27,0.798,45.817843866171,32.28,460.72,False,False,66229.62,15.272614622057,False
ITM12937,Automotive,108,89,13,4,47.09,5.24,0.51,L1,A,27,1.83,191.71,0.8,5,0.88,347,14.58,0.89,2024-03-30,77.39,0.768,2.293480569122956,188.36,-80.36000000000001,False,True,20704.68,0.573370142280739,False
ITM12938,Electronics,341,18,13,9,38.32,4.4,0.27,L34,B,102,4.83,162.01,0.72,0,0.95,395,1.74,0.35,2024-11-23,252.7,0.611,8.89874739039666,344.88,-3.8799999999999955,False,True,55245.409999999996,0.9887497100440732,False
ITM12939,Groceries,31,42,8,2,35.12,1.24,0.93,L50,B,157,4.93,155.83,0.81,6,0.84,335,14.24,0.34,2024-09-10,60.65,0.625,0.8826879271070616,70.24,-39.239999999999995,True,True,4830.7300000000005,0.4413439635535308,False
ITM12940,Automotive,443,69,3,5,12.71,8.98,0.61,L31,D,53,1.05,104.97,0.37,8,0.85,934,14.98,0.86,2024-08-12,282.2,0.745,34.85444531864673,63.550000000000004,379.45,False,False,46501.71,6.970889063729347,False
ITM12941,Electronics,92,86,7,5,6.81,2.84,0.76,L58,C,173,4.55,165.95,0.41,8,0.79,175,13.73,0.36,2024-01-06,98.93,0.612,13.509544787077827,34.05,57.95,False,False,15267.4,2.7019089574155655,False
ITM12942,Pharma,95,30,14,6,43.67,1.11,0.67,L97,B,46,3.49,88.4,0.55,2,0.82,100,2.52,0.56,2024-04-13,15.44,0.615,2.1754064575223264,262.02,-167.01999999999998,False,True,8398.0,0.36256774292038774,False
ITM12943,Apparel,365,67,8,3,1.29,5.6,1.0,L35,B,170,4.65,167.13,0.86,3,0.87,468,12.77,0.34,2024-12-02,64.16,0.666,282.94573643410854,3.87,361.13,False,False,61002.45,94.31524547803618,False
ITM12944,Apparel,220,94,10,8,20.02,8.54,0.51,L43,D,136,4.62,153.97,0.74,0,0.98,751,9.96,0.21,2024-09-22,130.29,0.697,10.989010989010989,160.16,59.84,False,False,33873.4,1.3736263736263736,False
ITM12945,Apparel,29,78,3,8,14.6,4.36,0.48,L39,A,28,4.51,138.9,1.6,3,0.88,100,1.13,0.9,2024-05-26,26.0,0.551,1.9863013698630136,116.8,-87.8,True,True,4028.1000000000004,0.2482876712328767,False
ITM12946,Pharma,371,19,7,6,28.95,7.94,0.42,L75,B,41,4.48,72.65,1.1,4,0.74,520,14.78,0.82,2024-04-09,128.76,0.719,12.815198618307427,173.7,197.3,False,False,26953.15,2.135866436384571,False
ITM12947,Electronics,245,15,5,7,13.27,8.45,0.43,L93,B,115,1.03,129.84,1.19,6,0.7,425,3.11,0.58,2024-01-18,68.84,0.458,18.462697814619442,92.89,152.11,False,False,31810.8,2.637528259231349,False
ITM12948,Pharma,195,22,4,9,16.25,4.82,0.35,L74,D,31,1.15,106.29,1.17,4,0.96,414,6.56,0.33,2024-11-02,15.5,0.548,12.0,146.25,48.75,False,False,20726.550000000003,1.3333333333333333,False
ITM12949,Apparel,295,74,13,5,42.65,6.11,0.98,L2,B,131,1.03,97.69,0.86,7,0.81,281,1.42,0.85,2024-09-18,96.71,0.525,6.916764361078546,213.25,81.75,False,False,28818.55,1.3833528722157094,False
ITM12950,Automotive,58,29,10,9,30.56,5.57,0.88,L34,B,138,0.91,198.15,1.96,6,0.79,739,5.33,0.49,2024-09-21,75.63,0.411,1.8979057591623036,275.03999999999996,-217.03999999999996,False,True,11492.7,0.2108784176847004,False
ITM12951,Groceries,79,66,9,9,8.14,9.42,0.39,L84,A,63,2.09,105.84,0.17,0,0.94,719,8.96,0.73,2024-12-23,131.73,0.836,9.705159705159705,73.26,5.739999999999995,False,False,8361.36,1.0783510783510784,False
ITM12952,Pharma,85,55,12,5,36.6,7.39,0.37,L47,B,157,3.58,16.08,0.51,1,0.98,708,14.03,0.45,2024-04-28,230.11,0.802,2.322404371584699,183.0,-98.0,False,True,1366.8,0.46448087431693985,False
ITM12953,Pharma,340,17,9,6,11.17,9.29,0.19,L89,D,67,2.1,129.03,0.64,6,0.92,529,14.87,0.55,2024-11-10,157.83,0.708,30.43867502238138,67.02,272.98,False,False,43870.2,5.07311250373023,False
ITM12954,Electronics,454,19,7,9,22.22,2.59,0.89,L31,A,172,3.74,148.32,1.77,2,0.75,355,6.93,0.63,2024-03-27,232.74,0.551,20.432043204320433,199.98,254.02,False,False,67337.28,2.2702270227022705,False
ITM12955,Electronics,143,82,14,5,32.68,3.45,0.43,L8,A,79,4.19,178.18,1.85,1,0.82,487,6.99,0.81,2024-12-11,107.64,0.614,4.375764993880049,163.4,-20.400000000000006,False,True,25479.74,0.8751529987760097,False
ITM12956,Pharma,183,76,11,7,14.32,1.17,0.62,L86,A,72,3.5,130.21,1.71,8,0.93,300,3.24,0.87,2024-01-19,13.82,0.472,12.779329608938546,100.24000000000001,82.75999999999999,False,False,23828.43,1.8256185155626494,False
ITM12957,Apparel,427,20,7,9,19.82,5.25,0.91,L16,C,12,2.59,13.7,0.89,9,0.97,900,7.98,0.55,2024-07-03,277.43,0.541,21.543895055499494,178.38,248.62,False,False,5849.9,2.3937661172777216,False
ITM12958,Groceries,430,21,4,4,36.97,8.8,0.47,L60,D,108,1.83,32.75,1.84,7,1.0,391,14.16,0.39,2024-05-02,101.27,0.543,11.631052204490128,147.88,282.12,False,False,14082.5,2.907763051122532,False
ITM12959,Electronics,405,19,5,2,46.96,3.61,0.83,L40,C,54,1.06,40.64,0.29,7,0.85,181,3.32,0.32,2024-12-01,162.79,0.509,8.62436115843271,93.92,311.08,False,False,16459.2,4.312180579216355,False
ITM12960,Apparel,178,34,6,2,26.93,1.72,0.49,L21,B,152,2.72,50.14,1.34,2,0.95,798,4.73,0.47,2024-01-01,146.07,0.573,6.6097289268473824,53.86,124.14,False,False,8924.92,3.3048644634236912,False
ITM12961,Automotive,76,58,7,2,1.49,1.15,0.73,L52,A,26,3.74,161.96,1.88,9,0.71,573,13.48,0.84,2024-03-21,179.09,0.522,51.006711409395976,2.98,73.02,False,False,12308.960000000001,25.503355704697988,False
ITM12962,Electronics,97,58,5,4,17.58,4.75,0.49,L88,C,152,2.97,68.85,1.53,8,0.79,704,9.77,0.42,2024-02-14,266.64,0.459,5.517633674630262,70.32,26.680000000000007,False,False,6678.45,1.3794084186575655,False
ITM12963,Apparel,213,98,14,5,20.53,2.06,0.45,L65,B,14,3.75,69.35,0.63,7,0.81,555,5.63,0.24,2024-05-21,261.5,0.482,10.37506088650755,102.65,110.35,False,False,14771.55,2.07501217730151,False
ITM12964,Apparel,304,20,9,6,17.62,3.79,0.99,L91,C,20,2.01,153.56,1.46,1,0.99,448,12.38,0.65,2024-07-23,294.5,0.727,17.253121452894437,105.72,198.28,False,False,46682.24,2.8755202421490726,False
ITM12965,Groceries,34,71,7,8,22.38,8.29,0.65,L99,A,101,0.8,88.36,0.66,6,0.7,955,2.53,0.23,2024-06-29,163.23,0.434,1.519213583556747,179.04,-145.04,True,True,3004.24,0.18990169794459338,False
ITM12966,Groceries,31,45,7,3,32.0,4.15,0.43,L40,B,151,3.97,22.28,0.31,7,0.79,167,13.02,0.91,2024-12-08,277.51,0.743,0.96875,96.0,-65.0,True,True,690.6800000000001,0.3229166666666667,False
ITM12967,Automotive,120,48,8,5,6.94,6.29,0.33,L89,A,48,1.49,121.17,1.46,6,0.98,110,8.25,0.74,2024-07-21,149.91,0.588,17.291066282420747,34.7,85.3,False,False,14540.4,3.4582132564841492,False
ITM12968,Apparel,175,62,9,4,14.36,5.27,0.14,L16,A,51,3.27,34.71,0.44,8,0.79,964,11.6,0.41,2024-07-26,22.88,0.591,12.186629526462395,57.44,117.56,False,False,6074.25,3.046657381615599,False
ITM12969,Apparel,359,99,12,9,25.87,7.33,0.74,L82,C,103,4.12,118.62,0.31,6,0.77,230,8.26,0.58,2024-10-27,52.4,0.629,13.877077696173172,232.83,126.16999999999999,False,False,42584.58,1.5418975217970192,False
ITM12970,Groceries,144,87,12,7,16.46,1.98,0.43,L38,D,14,1.13,158.13,1.15,6,0.92,362,4.45,0.79,2024-04-12,106.86,0.566,8.748481166464154,115.22,28.78,False,False,22770.72,1.2497830237805936,False
ITM12971,Electronics,378,65,10,4,49.56,9.24,0.84,L48,B,61,3.19,186.6,1.28,0,0.92,314,9.97,0.93,2024-09-22,220.38,0.775,7.627118644067796,198.24,179.76,False,False,70534.8,1.906779661016949,False
ITM12972,Electronics,299,10,11,9,22.14,6.61,0.43,L79,B,159,3.6,22.74,0.2,1,0.84,78,3.17,0.9,2024-01-08,33.6,0.75,13.504968383017163,199.26,99.74000000000001,False,False,6799.259999999999,1.5005520425574626,False
ITM12973,Pharma,424,65,13,8,43.62,3.07,0.44,L29,D,53,3.86,67.75,0.11,4,0.98,312,4.22,0.26,2024-12-26,114.85,0.613,9.720311783585512,348.96,75.04000000000002,False,False,28726.0,1.215038972948189,False
ITM12974,Groceries,413,13,6,2,44.93,1.67,0.8,L29,B,124,1.16,133.97,1.78,0,0.76,761,8.69,0.26,2024-02-05,294.88,0.542,9.19207656354329,89.86,323.14,False,False,55329.61,4.596038281771645,False
ITM12975,Pharma,129,39,7,5,41.96,1.92,0.54,L18,C,162,4.21,69.94,0.32,9,0.97,666,6.46,0.68,2024-02-16,237.85,0.604,3.0743565300285987,209.8,-80.80000000000001,False,True,9022.26,0.6148713060057197,False
ITM12976,Groceries,353,21,7,8,3.3,7.94,0.9,L62,B,136,0.92,95.69,1.21,6,0.93,962,11.43,0.6,2024-10-08,175.88,0.617,106.96969696969697,26.4,326.6,False,False,33778.57,13.371212121212121,False
ITM12977,Automotive,376,44,10,2,47.44,6.09,0.63,L20,C,125,2.84,13.82,1.91,4,0.81,640,9.17,0.43,2024-05-25,27.91,0.499,7.925801011804385,94.88,281.12,False,False,5196.32,3.9629005059021924,False
ITM12978,Apparel,165,86,11,3,7.31,4.12,0.32,L59,B,158,2.5,141.76,1.07,4,0.94,705,6.34,0.98,2024-10-13,14.24,0.682,22.5718194254446,21.93,143.07,False,False,23390.399999999998,7.523939808481533,False
ITM12979,Automotive,235,61,9,9,2.69,3.66,0.61,L96,C,77,1.5,177.82,0.37,7,0.74,760,5.57,0.8,2024-10-25,40.52,0.605,87.36059479553903,24.21,210.79,False,False,41787.7,9.706732755059893,False
ITM12980,Groceries,417,40,7,9,21.3,8.63,0.1,L78,D,56,1.86,195.6,0.85,8,0.74,667,13.79,0.75,2024-06-27,104.87,0.637,19.577464788732392,191.70000000000002,225.29999999999998,False,False,81565.2,2.1752738654147104,False
ITM12981,Apparel,181,96,5,7,10.54,8.81,0.38,L48,B,136,1.24,167.8,1.29,9,0.98,388,1.56,0.35,2024-06-26,185.85,0.378,17.172675521821635,73.78,107.22,False,False,30371.800000000003,2.4532393602602336,False
ITM12982,Electronics,147,77,3,2,10.03,6.02,0.29,L54,C,44,2.42,16.04,1.55,0,0.73,471,10.67,0.43,2024-05-21,67.27,0.619,14.65603190428714,20.06,126.94,False,False,2357.8799999999997,7.32801595214357,False
ITM12983,Electronics,333,61,13,3,15.1,5.48,0.69,L90,A,16,0.66,133.85,1.25,9,0.7,138,6.49,0.68,2024-04-25,24.83,0.458,22.052980132450333,45.3,287.7,False,False,44572.049999999996,7.350993377483444,False
ITM12984,Pharma,351,89,11,9,13.17,8.26,0.22,L71,A,125,4.5,104.18,0.17,3,0.82,381,6.28,0.84,2024-11-06,36.35,0.739,26.65148063781321,118.53,232.47,False,False,36567.18,2.9612756264236904,False
ITM12985,Groceries,169,16,7,4,34.55,7.62,0.36,L61,A,61,1.24,188.2,0.37,1,0.73,480,10.13,0.94,2024-04-09,133.77,0.812,4.891461649782924,138.2,30.80000000000001,False,False,31805.8,1.222865412445731,False
ITM12986,Groceries,473,31,11,2,10.15,4.3,0.4,L97,B,119,4.49,181.41,0.81,8,0.96,827,12.91,0.76,2024-08-20,234.21,0.675,46.600985221674875,20.3,452.7,False,False,85806.93,23.300492610837438,False
ITM12987,Electronics,55,84,12,2,27.61,1.29,0.1,L69,C,55,4.39,197.73,1.44,8,0.98,812,11.14,0.53,2024-07-25,248.12,0.547,1.9920318725099602,55.22,-0.21999999999999886,True,True,10875.15,0.9960159362549801,False
ITM12988,Automotive,192,65,14,6,49.33,7.8,0.14,L86,A,146,2.53,173.77,1.21,0,0.84,201,10.38,0.75,2024-10-21,94.41,0.735,3.8921548753294144,295.98,-103.98000000000002,False,True,33363.840000000004,0.648692479221569,False
ITM12989,Apparel,439,67,6,7,22.19,2.1,0.38,L28,B,32,2.74,113.91,0.18,2,0.83,867,7.95,0.26,2024-01-03,202.4,0.666,19.78368634520054,155.33,283.66999999999996,False,False,50006.49,2.82624090645722,False
ITM12990,Automotive,41,73,7,7,32.45,0.66,0.3,L98,C,140,1.86,145.83,1.61,9,0.86,757,7.57,0.68,2024-05-13,123.89,0.468,1.263482280431433,227.15000000000003,-186.15000000000003,True,True,5979.030000000001,0.18049746863306185,False
ITM12991,Automotive,225,21,6,8,48.5,8.51,0.21,L32,A,136,4.99,193.29,1.25,7,0.77,175,7.45,0.92,2024-03-30,292.03,0.572,4.639175257731959,388.0,-163.0,False,True,43490.25,0.5798969072164949,False
ITM12992,Electronics,146,16,4,4,7.74,5.99,0.24,L88,A,18,3.52,119.84,1.79,1,0.79,92,3.04,0.71,2024-07-27,127.44,0.542,18.863049095607234,30.96,115.03999999999999,False,False,17496.64,4.715762273901809,False
ITM12993,Electronics,355,64,14,6,21.51,8.97,0.85,L97,B,62,4.78,169.6,0.89,1,0.73,470,8.83,0.21,2024-09-16,124.81,0.597,16.503951650395162,129.06,225.94,False,False,60208.0,2.7506586083991937,False
ITM12994,Electronics,464,71,3,8,42.66,5.1,0.71,L77,C,57,2.37,189.02,1.03,1,0.83,734,5.42,0.76,2024-02-24,155.45,0.667,10.876699484294422,341.28,122.72000000000003,False,False,87705.28,1.3595874355368027,False
ITM12995,Pharma,375,99,10,3,46.68,9.3,0.54,L11,B,132,4.47,118.4,0.87,4,0.88,539,9.66,0.78,2024-10-13,17.4,0.694,8.033419023136247,140.04,234.96,False,False,44400.0,2.677806341045416,False
ITM12996,Automotive,459,82,6,8,30.46,3.86,0.92,L68,A,91,2.52,40.24,1.47,8,0.98,615,8.48,0.63,2024-02-07,131.2,0.528,15.068942875902822,243.68,215.32,False,False,18470.16,1.8836178594878528,False
ITM12997,Groceries,236,86,7,3,8.03,7.38,0.13,L58,B,118,4.4,39.56,1.53,6,0.92,302,14.16,0.85,2024-09-14,250.33,0.67,29.389788293897887,24.089999999999996,211.91,False,False,9336.16,9.796596097965962,False
ITM12998,Apparel,115,64,8,4,45.17,3.36,0.41,L68,B,16,1.09,31.91,1.47,6,0.92,860,7.09,0.36,2024-05-30,187.5,0.484,2.545937569183086,180.68,-65.68,False,True,3669.65,0.6364843922957715,False
ITM12999,Pharma,436,45,10,9,9.55,0.51,0.84,L91,A,108,3.37,100.5,0.65,1,0.79,757,10.3,0.53,2024-06-23,291.13,0.716,45.6544502617801,85.95,350.05,False,False,43818.0,5.0727166957533445,False
ITM13000,Groceries,448,98,13,7,18.29,4.11,0.67,L47,A,40,3.55,101.23,1.31,1,0.97,533,9.3,0.85,2024-02-29,104.43,0.737,24.494259158009843,128.03,319.97,False,False,45351.04,3.4991798797156917,False
ITM13001,Automotive,183,33,10,9,19.4,7.51,0.98,L10,C,111,3.45,127.3,0.74,4,0.98,342,10.58,0.68,2024-09-19,56.84,0.719,9.43298969072165,174.6,8.400000000000006,False,False,23295.899999999998,1.0481099656357389,False
ITM13002,Electronics,167,53,9,3,22.92,1.93,0.95,L73,C,65,2.51,101.75,1.68,6,0.98,266,4.74,1.0,2024-05-11,227.67,0.571,7.286212914485165,68.76,98.24,False,False,16992.25,2.4287376381617216,False
ITM13003,Automotive,37,26,6,4,39.72,5.3,0.25,L15,A,108,3.58,194.88,0.2,6,0.71,218,4.6,0.26,2024-10-02,22.66,0.515,0.9315206445115811,158.88,-121.88,False,True,7210.5599999999995,0.23288016112789528,False
ITM13004,Apparel,313,11,8,9,40.31,2.52,0.97,L8,A,14,1.58,65.35,0.17,8,0.88,783,8.84,0.4,2024-10-21,56.27,0.597,7.764822624658893,362.79,-49.79000000000002,False,True,20454.55,0.8627580694065436,False
ITM13005,Pharma,214,22,6,8,36.26,1.21,0.95,L71,D,39,3.18,176.03,0.29,2,0.89,689,12.89,0.36,2024-05-08,157.02,0.753,5.901820187534474,290.08,-76.07999999999998,False,True,37670.42,0.7377275234418093,False
ITM13006,Pharma,170,40,9,3,2.08,6.37,0.44,L65,D,31,2.99,29.06,0.48,0,0.79,434,11.08,0.98,2024-12-21,228.53,0.854,81.73076923076923,6.24,163.76,False,False,4940.2,27.24358974358974,False
ITM13007,Apparel,499,37,14,5,28.68,9.54,0.98,L26,C,154,1.93,124.36,0.17,8,1.0,910,7.85,0.9,2024-08-14,184.28,0.708,17.398884239888424,143.4,355.6,False,False,62055.64,3.4797768479776847,False
ITM13008,Groceries,384,69,14,2,37.63,3.45,0.13,L74,B,147,4.0,133.18,0.24,0,0.79,65,4.57,0.31,2024-07-12,298.52,0.657,10.204623970236513,75.26,308.74,False,False,51141.12,5.102311985118257,False
ITM13009,Groceries,142,36,13,8,22.79,6.02,0.69,L69,A,179,0.86,156.72,0.68,7,0.76,86,11.63,0.48,2024-10-15,199.93,0.595,6.23080298376481,182.32,-40.31999999999999,False,True,22254.24,0.7788503729706012,False
ITM13010,Pharma,419,24,3,7,47.3,9.56,0.34,L20,A,36,1.27,105.57,0.29,4,0.85,470,13.97,0.24,2024-09-04,220.24,0.695,8.858350951374208,331.09999999999997,87.90000000000003,False,False,44233.829999999994,1.2654787073391724,False
ITM13011,Pharma,206,88,7,9,41.37,6.68,0.22,L22,B,136,2.62,47.47,1.62,7,0.8,952,3.98,0.71,2024-05-04,298.24,0.453,4.979453710418178,372.33,-166.32999999999998,False,True,9778.82,0.5532726344909087,False
ITM13012,Electronics,472,42,12,8,32.27,6.89,0.62,L42,C,144,4.51,80.11,0.2,6,0.98,345,12.19,0.46,2024-06-22,181.81,0.711,14.626588162379917,258.16,213.83999999999997,False,False,37811.92,1.8283235202974897,False
ITM13013,Groceries,471,29,14,5,4.06,2.2,0.38,L67,D,32,3.09,61.71,1.83,8,0.83,484,3.41,0.41,2024-08-22,217.24,0.35,116.00985221674878,20.299999999999997,450.7,False,False,29065.41,23.201970443349758,True
ITM13014,Apparel,168,51,12,4,32.96,5.18,0.7,L57,C,84,4.29,89.63,1.75,1,0.82,369,13.61,0.62,2024-12-14,96.52,0.674,5.097087378640777,131.84,36.16,False,False,15057.84,1.2742718446601942,False
ITM13015,Groceries,123,21,6,4,45.67,3.99,0.59,L15,B,126,2.83,110.69,0.5,8,0.89,786,9.99,0.84,2024-08-23,165.66,0.669,2.6932340705058024,182.68,-59.68000000000001,False,True,13614.869999999999,0.6733085176264506,False
ITM13016,Electronics,262,82,13,8,19.59,4.97,0.45,L88,A,145,4.03,128.76,0.24,9,0.72,675,3.53,0.52,2024-10-27,274.47,0.491,13.374170495150587,156.72,105.28,False,False,33735.119999999995,1.6717713118938233,False
ITM13017,Pharma,481,32,9,5,42.07,8.11,0.26,L27,D,17,1.97,170.57,0.3,4,0.93,583,1.51,0.81,2024-01-15,257.46,0.658,11.433325410030902,210.35,270.65,False,False,82044.17,2.2866650820061802,False
ITM13018,Pharma,250,81,11,9,16.34,4.88,0.64,L92,B,110,4.17,182.9,1.16,4,0.93,348,10.72,0.56,2024-09-03,98.82,0.645,15.299877600979192,147.06,102.94,False,False,45725.0,1.6999864001087992,False
ITM13019,Electronics,498,23,7,8,28.94,1.1,0.85,L75,A,14,2.31,97.89,1.24,0,0.84,623,9.49,0.37,2024-02-29,113.59,0.645,17.20801658604008,231.52,266.48,False,False,48749.22,2.15100207325501,False
ITM13020,Apparel,225,34,6,2,32.77,9.1,0.64,L63,C,95,3.01,26.85,0.7,5,0.99,743,9.56,0.56,2024-05-12,255.45,0.667,6.8660360085444,65.54,159.45999999999998,False,False,6041.25,3.4330180042722,False
ITM13021,Pharma,217,86,11,2,34.22,5.68,0.65,L12,D,139,1.29,161.44,0.66,9,0.87,972,7.75,0.63,2024-02-04,92.56,0.557,6.341320864991234,68.44,148.56,False,False,35032.479999999996,3.170660432495617,False
ITM13022,Automotive,415,94,7,6,44.24,9.28,0.56,L66,A,21,4.64,100.66,1.11,9,0.91,846,9.6,0.57,2024-07-14,267.41,0.533,9.380650994575046,265.44,149.56,False,False,41773.9,1.5634418324291743,False
ITM13023,Pharma,419,40,11,3,12.5,5.94,0.45,L58,A,56,3.66,113.82,0.68,9,0.98,65,13.23,0.42,2024-11-20,234.39,0.608,33.52,37.5,381.5,False,False,47690.579999999994,11.173333333333334,False
ITM13024,Automotive,356,63,10,6,13.86,1.16,0.51,L8,A,35,4.36,123.2,1.88,9,0.9,444,14.33,0.35,2024-04-22,54.18,0.473,25.685425685425688,83.16,272.84000000000003,False,False,43859.200000000004,4.280904280904282,False
ITM13025,Electronics,106,14,6,9,35.5,5.75,0.99,L59,A,111,1.44,136.89,0.83,2,0.83,326,5.82,0.96,2024-12-12,218.73,0.713,2.9859154929577465,319.5,-213.5,False,True,14510.339999999998,0.3317683881064163,False
ITM13026,Electronics,161,22,13,2,9.68,5.97,0.77,L17,A,129,0.8,179.12,0.52,9,0.71,698,7.83,0.44,2024-12-25,251.95,0.502,16.632231404958677,19.36,141.64,False,False,28838.32,8.316115702479339,False
ITM13027,Pharma,336,37,13,5,23.75,2.54,0.49,L66,C,79,2.02,190.91,0.38,2,0.92,332,4.82,0.76,2024-04-27,51.86,0.722,14.147368421052631,118.75,217.25,False,False,64145.76,2.829473684210526,False
ITM13028,Groceries,218,52,9,3,1.98,4.97,0.51,L54,B,11,2.83,188.63,1.3,2,0.99,688,6.76,0.47,2024-06-10,142.63,0.612,110.1010101010101,5.9399999999999995,212.06,False,False,41121.34,36.7003367003367,False
ITM13029,Automotive,65,98,7,9,7.91,4.86,0.55,L59,D,35,4.11,163.8,0.72,3,0.84,135,12.14,0.98,2024-07-30,260.16,0.794,8.217446270543615,71.19,-6.189999999999998,True,True,10647.0,0.9130495856159572,False
ITM13030,Apparel,307,56,12,5,34.26,6.42,0.69,L73,C,23,2.29,178.96,0.46,8,0.8,256,6.95,0.99,2024-06-29,67.61,0.645,8.960887332165791,171.29999999999998,135.70000000000002,False,False,54940.72,1.7921774664331582,False
ITM13031,Pharma,34,80,6,9,37.63,2.97,0.52,L8,D,91,1.71,19.43,0.62,7,0.86,924,6.48,0.86,2024-09-21,140.24,0.628,0.9035344140313579,338.67,-304.67,True,True,660.62,0.10039271267015087,False
ITM13032,Apparel,63,47,7,6,6.65,6.03,0.72,L72,A,111,2.18,171.33,0.68,5,0.92,712,12.9,0.67,2024-10-01,187.7,0.722,9.473684210526315,39.900000000000006,23.099999999999994,False,False,10793.79,1.5789473684210524,False
ITM13033,Pharma,420,76,7,4,12.16,2.79,0.4,L60,B,41,3.67,23.73,1.29,7,0.7,612,1.02,0.63,2024-01-05,38.2,0.411,34.53947368421053,48.64,371.36,False,False,9966.6,8.634868421052632,False
ITM13034,Groceries,188,71,13,5,5.85,4.74,0.47,L87,A,71,2.01,151.78,0.43,7,0.97,526,12.93,0.46,2024-12-24,71.5,0.675,32.136752136752136,29.25,158.75,False,False,28534.64,6.427350427350428,False
ITM13035,Groceries,329,48,11,6,22.24,1.67,0.88,L40,C,124,4.91,42.18,1.49,0,0.97,792,3.54,0.3,2024-05-14,145.35,0.552,14.7931654676259,133.44,195.56,False,False,13877.22,2.46552757793765,False
ITM13036,Groceries,63,46,14,6,7.18,0.85,0.4,L93,C,39,1.29,78.42,0.68,8,0.86,641,4.84,0.26,2024-05-07,118.37,0.461,8.774373259052926,43.08,19.92,False,False,4940.46,1.4623955431754876,False
ITM13037,Groceries,117,95,11,6,22.43,3.55,0.97,L3,D,150,3.89,44.99,1.03,0,0.74,180,6.06,0.57,2024-05-27,104.19,0.64,5.21622826571556,134.57999999999998,-17.579999999999984,False,True,5263.83,0.86937137761926,False
ITM13038,Electronics,280,17,8,4,36.87,3.11,0.26,L51,A,177,3.15,94.26,1.34,1,0.9,449,13.33,0.98,2024-02-17,17.65,0.8,7.594250067805805,147.48,132.52,False,False,26392.800000000003,1.8985625169514513,False
ITM13039,Electronics,128,90,6,4,34.49,4.37,0.32,L33,A,40,1.55,88.23,1.13,8,0.74,185,13.72,0.4,2024-07-23,279.1,0.538,3.7112206436648303,137.96,-9.960000000000008,False,True,11293.44,0.9278051609162076,False
ITM13040,Automotive,302,61,4,8,14.74,9.64,0.52,L1,B,46,3.89,19.13,1.36,6,0.85,395,10.26,0.53,2024-12-10,262.71,0.557,20.488466757123472,117.92,184.07999999999998,False,False,5777.259999999999,2.561058344640434,False
ITM13041,Apparel,391,42,5,4,34.01,5.46,0.82,L96,B,111,2.51,167.79,0.71,9,0.73,219,7.15,0.71,2024-06-24,123.86,0.532,11.496618641576008,136.04,254.96,False,False,65605.89,2.874154660394002,False
ITM13042,Pharma,362,90,4,3,46.46,5.76,0.76,L28,A,137,3.57,172.3,1.93,0,0.88,212,8.23,0.48,2024-02-08,62.6,0.589,7.7916487300904,139.38,222.62,False,False,62372.600000000006,2.5972162433634667,False
ITM13043,Pharma,123,51,7,4,18.03,9.45,0.26,L75,D,95,3.48,159.63,0.97,2,0.8,248,9.13,0.2,2024-10-10,30.02,0.585,6.821963394342761,72.12,50.879999999999995,False,False,19634.489999999998,1.7054908485856903,False
ITM13044,Electronics,275,85,8,4,17.13,9.25,0.31,L10,B,68,1.0,171.05,0.71,0,0.95,788,14.36,0.52,2024-04-01,45.72,0.814,16.053706946876826,68.52,206.48000000000002,False,False,47038.75,4.0134267367192065,False
ITM13045,Pharma,398,36,13,4,29.0,8.9,0.62,L6,A,37,4.28,152.67,0.66,4,0.94,97,14.57,0.84,2024-08-31,184.59,0.804,13.724137931034482,116.0,282.0,False,False,60762.659999999996,3.4310344827586206,False
ITM13046,Electronics,225,17,7,9,13.03,1.43,0.37,L55,A,131,3.57,188.12,0.18,3,1.0,871,12.86,0.96,2024-06-09,222.84,0.885,17.267843438219494,117.27,107.73,False,False,42327.0,1.918649270913277,False
ITM13047,Automotive,354,32,4,5,32.93,6.53,0.48,L45,A,70,4.01,119.51,1.4,7,0.78,814,9.17,0.42,2024-06-30,55.36,0.482,10.750075918615245,164.65,189.35,False,False,42306.54,2.150015183723049,False
ITM13048,Apparel,62,73,14,4,41.78,8.18,0.54,L90,C,156,2.51,120.7,0.6,8,0.72,543,6.47,0.94,2024-04-21,42.71,0.598,1.4839636189564385,167.12,-105.12,True,True,7483.400000000001,0.3709909047391096,False
ITM13049,Automotive,372,29,7,3,23.51,8.44,0.63,L9,D,25,1.38,173.38,1.92,3,0.83,152,4.22,0.89,2024-10-20,210.41,0.548,15.823054019566142,70.53,301.47,False,False,64497.36,5.2743513398553805,False
ITM13050,Groceries,264,25,11,9,34.3,5.99,0.33,L70,A,78,1.97,76.39,0.5,2,0.73,597,8.48,0.53,2024-05-17,159.94,0.675,7.696793002915452,308.7,-44.69999999999999,False,True,20166.96,0.8551992225461613,False
ITM13051,Groceries,306,26,6,6,32.94,0.67,0.25,L8,A,53,4.56,19.52,1.11,3,0.75,55,5.84,0.2,2024-04-03,117.83,0.497,9.289617486338798,197.64,108.36000000000001,False,False,5973.12,1.5482695810564664,False
ITM13052,Groceries,374,89,14,5,2.89,9.75,0.46,L9,A,122,4.72,152.47,1.5,2,0.88,760,2.02,0.88,2024-12-15,220.24,0.589,129.41176470588235,14.450000000000001,359.55,False,False,57023.78,25.88235294117647,True
ITM13053,Automotive,292,28,12,2,9.99,4.99,0.17,L61,B,147,2.67,58.37,1.75,5,0.88,61,7.67,0.43,2024-04-07,142.15,0.489,29.22922922922923,19.98,272.02,False,False,17044.04,14.614614614614615,False
ITM13054,Pharma,495,17,4,9,44.78,4.24,0.57,L5,A,28,1.84,100.1,0.4,0,0.71,152,9.0,0.8,2024-09-12,144.89,0.782,11.054041983028137,403.02,91.98000000000002,False,False,49549.5,1.2282268870031263,False
ITM13055,Apparel,102,47,5,4,47.01,4.25,0.86,L37,C,93,3.79,55.68,1.97,1,0.83,748,9.56,0.66,2024-04-12,14.56,0.608,2.169751116783663,188.04,-86.03999999999999,False,True,5679.36,0.5424377791959157,False
ITM13056,Groceries,129,47,5,9,39.24,4.53,0.21,L53,C,102,3.95,167.15,1.82,7,0.86,882,2.03,0.38,2024-04-30,101.64,0.353,3.2874617737003056,353.16,-224.16000000000003,False,True,21562.350000000002,0.3652735304111451,False
ITM13057,Groceries,457,62,11,8,46.14,2.8,0.2,L24,D,150,4.17,192.08,1.93,2,0.78,739,7.76,0.72,2024-05-03,11.46,0.57,9.904638058084092,369.12,87.88,False,False,87780.56000000001,1.2380797572605116,False
ITM13058,Groceries,209,99,6,8,16.0,3.61,0.17,L99,A,153,0.64,20.45,1.72,3,0.96,476,10.18,0.81,2024-05-15,277.92,0.658,13.0625,128.0,81.0,False,False,4274.05,1.6328125,False
ITM13059,Apparel,490,40,3,9,13.14,9.86,0.86,L18,A,172,0.54,54.34,1.77,0,0.75,220,14.45,0.58,2024-04-15,95.24,0.682,37.29071537290715,118.26,371.74,False,False,26626.600000000002,4.143412819211906,False
ITM13060,Groceries,307,53,3,6,19.83,4.0,0.17,L99,A,109,2.11,46.02,1.24,2,0.78,738,1.35,0.8,2024-04-27,62.35,0.57,15.481593545133638,118.97999999999999,188.02,False,False,14128.140000000001,2.5802655908556065,False
ITM13061,Apparel,443,69,9,6,3.71,5.5,0.99,L83,C,48,1.19,137.91,1.71,0,0.75,138,10.47,0.52,2024-04-13,36.36,0.623,119.40700808625337,22.259999999999998,420.74,False,False,61094.13,19.90116801437556,False
ITM13062,Groceries,416,85,9,5,40.68,8.56,0.42,L94,B,76,4.12,91.45,1.11,9,0.73,765,1.87,0.98,2024-05-07,23.52,0.476,10.226155358898723,203.4,212.6,False,False,38043.200000000004,2.0452310717797446,False
ITM13063,Automotive,270,26,4,8,49.22,5.51,0.4,L83,B,82,2.9,96.69,1.12,4,0.96,488,3.22,0.39,2024-11-12,266.94,0.521,5.485574969524584,393.76,-123.75999999999999,False,True,26106.3,0.685696871190573,False
ITM13064,Automotive,231,88,11,2,41.38,3.58,0.18,L54,A,59,4.21,39.85,1.17,0,0.78,396,3.43,0.82,2024-07-01,58.87,0.649,5.582406959884001,82.76,148.24,False,False,9205.35,2.7912034799420007,False
ITM13065,Apparel,310,82,11,7,28.19,5.48,0.63,L48,B,62,1.3,88.8,1.99,8,0.92,904,5.6,0.8,2024-03-20,189.07,0.46,10.996807378503014,197.33,112.66999999999999,False,False,27528.0,1.5709724826432878,False
ITM13066,Automotive,152,48,7,8,15.47,1.58,0.63,L49,D,55,3.32,67.61,0.3,6,0.83,260,12.64,0.62,2024-02-24,198.85,0.709,9.82546864899806,123.76,28.239999999999995,False,False,10276.72,1.2281835811247575,False
ITM13067,Apparel,220,51,5,9,10.69,1.74,0.54,L58,C,61,3.11,126.13,1.63,7,0.89,774,12.99,0.48,2024-03-02,102.09,0.544,20.5799812909261,96.21,123.79,False,False,27748.6,2.2866645878806775,False
ITM13068,Automotive,304,57,5,8,18.84,7.09,0.38,L49,A,133,2.03,51.28,0.62,8,0.98,483,6.25,0.56,2024-02-10,251.64,0.569,16.13588110403397,150.72,153.28,False,False,15589.12,2.0169851380042463,False
ITM13069,Automotive,345,21,14,3,33.68,9.22,0.43,L49,B,166,2.83,126.81,0.79,9,0.95,582,7.04,0.7,2024-12-12,72.07,0.565,10.243467933491686,101.03999999999999,243.96,False,False,43749.450000000004,3.4144893111638956,False
ITM13070,Apparel,428,98,5,7,22.91,7.39,0.39,L11,A,14,3.15,81.77,0.25,7,0.72,649,4.04,0.62,2024-12-05,30.72,0.557,18.68179834133566,160.37,267.63,False,False,34997.56,2.668828334476523,False
ITM13071,Pharma,114,27,8,6,46.77,1.21,0.48,L88,A,83,4.5,75.8,0.77,2,0.95,574,7.06,0.81,2024-09-09,29.88,0.729,2.4374599101988452,280.62,-166.62,False,True,8641.199999999999,0.4062433183664742,False
ITM13072,Automotive,297,88,6,7,42.86,4.33,0.41,L85,C,104,0.75,68.06,1.98,6,0.84,475,4.85,0.49,2024-11-10,97.12,0.413,6.929538030797947,300.02,-3.019999999999982,False,True,20213.82,0.9899340043997068,False
ITM13073,Groceries,469,15,10,8,6.02,0.52,0.71,L70,C,84,4.21,138.03,0.85,6,0.81,169,3.45,0.29,2024-01-04,144.34,0.461,77.90697674418605,48.16,420.84000000000003,False,False,64736.07,9.738372093023257,False
ITM13074,Pharma,448,52,13,6,7.44,5.36,0.37,L18,B,177,4.91,116.86,1.37,6,0.9,960,3.22,0.6,2024-10-04,192.52,0.486,60.21505376344086,44.64,403.36,False,False,52353.28,10.035842293906809,True
ITM13075,Apparel,344,44,13,7,34.14,2.34,0.42,L84,C,125,3.79,171.83,0.33,7,0.99,227,11.86,0.41,2024-01-22,221.33,0.665,10.076157000585823,238.98000000000002,105.01999999999998,False,False,59109.520000000004,1.439451000083689,False
ITM13076,Pharma,238,63,13,6,12.31,8.75,0.49,L45,D,139,3.82,55.91,1.85,3,0.73,178,2.64,0.69,2024-09-03,61.82,0.474,19.33387489845654,73.86,164.14,False,False,13306.58,3.22231248307609,False
ITM13077,Electronics,108,71,7,6,39.76,1.49,0.1,L16,A,77,1.48,17.62,1.67,5,0.93,612,9.62,0.62,2024-07-09,208.34,0.571,2.716297786720322,238.56,-130.56,False,True,1902.96,0.45271629778672035,False
ITM13078,Electronics,91,78,3,5,29.98,0.51,0.54,L23,C,89,2.85,44.58,0.83,1,0.76,467,3.34,0.82,2024-11-13,62.94,0.658,3.0353569046030686,149.9,-58.900000000000006,False,True,4056.7799999999997,0.6070713809206137,False
ITM13079,Automotive,266,91,11,2,12.26,4.79,0.33,L69,B,114,3.68,75.24,0.76,6,0.81,603,12.73,0.66,2024-06-10,299.19,0.668,21.69657422512235,24.52,241.48,False,False,20013.84,10.848287112561176,False
ITM13080,Automotive,148,25,3,6,24.46,1.98,0.15,L51,B,78,3.21,44.13,0.92,8,0.96,367,4.84,0.54,2024-09-09,288.13,0.513,6.050695012264922,146.76,1.240000000000009,False,False,6531.240000000001,1.0084491687108204,False
ITM13081,Groceries,231,17,8,3,20.9,7.51,0.92,L68,B,172,2.23,25.87,0.86,4,0.86,656,1.63,0.3,2024-10-21,39.7,0.488,11.05263157894737,62.699999999999996,168.3,False,False,5975.97,3.68421052631579,False
ITM13082,Pharma,447,98,3,8,43.78,9.24,0.39,L17,D,151,4.73,94.61,0.59,3,0.72,291,7.33,0.3,2024-05-20,199.98,0.583,10.210141617176793,350.24,96.75999999999999,False,False,42290.67,1.2762677021470992,False
ITM13083,Electronics,362,99,5,8,2.58,0.9,0.48,L94,C,152,2.81,138.62,1.98,1,0.85,977,15.0,0.71,2024-09-08,271.95,0.694,140.31007751937983,20.64,341.36,False,False,50180.44,17.53875968992248,False
ITM13084,Automotive,115,95,12,3,44.9,4.26,0.84,L29,C,143,4.86,152.8,1.64,6,0.94,405,12.38,0.9,2024-04-03,33.4,0.649,2.561247216035635,134.7,-19.69999999999999,False,True,17572.0,0.8537490720118783,False
ITM13085,Pharma,94,40,7,4,32.95,9.97,0.25,L1,D,25,3.04,85.76,0.61,1,0.86,622,8.98,0.53,2024-09-18,45.95,0.717,2.8528072837632776,131.8,-37.80000000000001,False,True,8061.4400000000005,0.7132018209408194,False
ITM13086,Automotive,442,19,12,6,37.14,7.46,0.87,L97,C,96,4.07,100.83,1.97,1,0.75,910,3.65,0.62,2024-05-23,110.63,0.506,11.900915455035003,222.84,219.16,False,False,44566.86,1.9834859091725006,False
ITM13087,Automotive,73,65,9,9,1.13,9.56,0.32,L3,C,133,3.84,153.54,0.13,8,0.83,487,2.65,0.67,2024-07-22,37.76,0.562,64.60176991150443,10.169999999999998,62.83,False,False,11208.42,7.1779744346116034,False
ITM13088,Electronics,363,85,12,6,31.78,2.06,0.63,L39,C,149,3.47,77.01,0.93,1,0.98,507,12.74,0.58,2024-04-23,266.82,0.769,11.422278162366268,190.68,172.32,False,False,27954.63,1.9037130270610447,False
ITM13089,Electronics,478,79,10,6,29.84,2.6,0.72,L60,D,50,0.57,159.11,1.18,9,0.9,491,12.03,0.25,2024-10-22,263.91,0.492,16.01876675603217,179.04,298.96000000000004,False,False,76054.58,2.669794459338695,False
ITM13090,Automotive,432,29,14,9,27.32,1.97,0.91,L87,D,128,0.85,193.8,0.17,2,0.92,277,7.47,0.67,2024-03-06,285.13,0.761,15.812591508052709,245.88,186.12,False,False,83721.6,1.7569546120058566,False
ITM13091,Apparel,73,14,11,7,39.51,3.37,0.65,L93,B,28,3.12,177.29,0.41,2,0.94,457,6.9,0.31,2024-01-28,69.45,0.661,1.84763351050367,276.57,-203.57,False,True,12942.17,0.26394764435766715,False
ITM13092,Automotive,237,32,8,6,28.24,7.38,0.51,L70,D,85,4.6,96.18,0.59,1,0.73,972,11.48,0.64,2024-09-26,23.15,0.748,8.392351274787536,169.44,67.56,False,False,22794.66,1.3987252124645895,False
ITM13093,Automotive,35,18,13,6,43.0,2.07,0.62,L55,D,118,3.21,120.11,1.47,9,0.87,326,8.5,0.82,2024-08-04,138.94,0.524,0.813953488372093,258.0,-223.0,False,True,4203.85,0.13565891472868216,False
ITM13094,Groceries,118,67,11,3,12.4,5.48,0.28,L69,B,128,1.56,146.12,1.89,2,0.81,67,6.66,0.2,2024-09-01,265.36,0.462,9.516129032258064,37.2,80.8,False,False,17242.16,3.172043010752688,False
ITM13095,Groceries,39,68,10,2,40.49,3.06,0.72,L49,D,122,1.94,76.37,1.29,8,0.74,805,4.52,0.54,2024-10-03,195.15,0.427,0.9632007903185972,80.98,-41.980000000000004,True,True,2978.4300000000003,0.4816003951592986,False
ITM13096,Groceries,65,89,11,2,9.79,8.38,0.27,L30,C,11,3.3,161.86,1.17,2,0.76,360,2.72,0.8,2024-01-17,299.51,0.591,6.639427987742595,19.58,45.42,True,False,10520.900000000001,3.3197139938712974,False
ITM13097,Apparel,470,63,12,4,40.84,0.56,0.6,L32,A,29,3.19,93.01,1.12,4,0.93,373,9.33,0.62,2024-09-14,272.65,0.642,11.508325171400587,163.36,306.64,False,False,43714.700000000004,2.877081292850147,False
ITM13098,Apparel,212,55,6,3,47.08,2.62,0.68,L59,B,128,4.8,170.9,0.77,6,0.75,96,12.56,0.39,2024-06-26,123.9,0.598,4.502973661852167,141.24,70.75999999999999,False,False,36230.8,1.500991220617389,False
ITM13099,Automotive,402,31,11,6,17.45,6.25,0.91,L45,A,104,2.88,58.4,1.67,0,0.79,871,11.45,0.76,2024-07-20,21.46,0.696,23.037249283667624,104.69999999999999,297.3,False,False,23476.8,3.8395415472779373,False
ITM13100,Groceries,77,73,9,2,26.96,1.42,0.51,L20,A,146,2.1,12.16,1.13,0,0.79,579,10.75,0.83,2024-12-17,11.5,0.754,2.8560830860534123,53.92,23.08,False,False,936.32,1.4280415430267062,False
ITM13101,Apparel,456,17,7,5,33.26,4.93,0.8,L36,B,30,2.86,130.21,0.54,9,0.71,945,14.0,0.49,2024-03-30,196.82,0.593,13.71016235718581,166.29999999999998,289.70000000000005,False,False,59375.76,2.7420324714371622,False
ITM13102,Electronics,130,29,7,5,4.89,4.64,0.25,L25,A,17,4.04,95.86,0.36,1,0.84,762,6.52,0.44,2024-08-22,275.57,0.687,26.584867075664622,24.45,105.55,False,False,12461.8,5.316973415132924,False
ITM13103,Automotive,148,60,3,5,25.21,8.6,0.24,L93,A,176,2.93,21.37,1.97,0,0.93,549,2.92,0.64,2024-03-02,138.83,0.556,5.870686235620785,126.05000000000001,21.94999999999999,False,False,3162.76,1.1741372471241571,False
ITM13104,Pharma,356,87,4,6,18.67,6.44,0.57,L98,B,174,1.97,102.65,0.13,0,0.71,814,2.43,0.49,2024-12-23,263.54,0.659,19.068023567220138,112.02000000000001,243.98,False,False,36543.4,3.178003927870023,False
ITM13105,Automotive,213,48,12,6,43.75,6.58,0.64,L15,B,38,2.02,42.03,1.87,9,0.73,241,14.37,0.87,2024-09-22,174.35,0.545,4.868571428571428,262.5,-49.5,False,True,8952.39,0.8114285714285714,False
ITM13106,Pharma,432,46,5,9,43.96,9.54,0.67,L5,C,44,3.91,129.65,0.51,3,0.92,98,9.25,0.82,2024-08-23,38.43,0.76,9.827115559599635,395.64,36.360000000000014,False,False,56008.8,1.091901728844404,False
ITM13107,Groceries,359,59,10,4,35.34,9.83,0.77,L85,B,47,0.8,94.56,1.35,9,0.88,143,12.35,0.45,2024-06-10,241.51,0.516,10.158460667798527,141.36,217.64,False,False,33947.04,2.539615166949632,False
ITM13108,Pharma,345,43,8,8,33.13,6.71,0.37,L54,D,99,1.74,42.51,0.67,2,0.91,980,8.5,0.57,2024-12-18,152.85,0.702,10.413522487171747,265.04,79.95999999999998,False,False,14665.949999999999,1.3016903108964684,False
ITM13109,Groceries,27,84,14,4,36.95,5.46,0.66,L79,A,172,1.19,88.27,1.73,0,0.77,798,6.58,0.91,2024-01-05,24.81,0.651,0.7307171853856562,147.8,-120.80000000000001,True,True,2383.29,0.18267929634641406,False
ITM13110,Electronics,48,42,12,4,18.93,6.28,0.27,L99,B,77,4.75,54.21,1.13,2,0.94,783,3.8,0.32,2024-01-07,246.24,0.55,2.535657686212361,75.72,-27.72,False,True,2602.08,0.6339144215530903,False
ITM13111,Pharma,131,40,13,7,20.82,4.13,0.3,L3,C,140,0.91,134.09,0.37,0,0.84,216,12.99,0.8,2024-12-11,229.72,0.864,6.292026897214217,145.74,-14.740000000000009,False,True,17565.79,0.8988609853163166,False
ITM13112,Automotive,454,63,7,5,28.13,9.88,0.16,L31,B,118,3.91,66.08,0.61,2,0.88,543,1.89,0.45,2024-04-17,142.61,0.59,16.139353003910415,140.65,313.35,False,False,30000.32,3.227870600782083,False
ITM13113,Groceries,180,53,3,6,46.96,7.2,0.77,L27,A,120,3.34,166.18,0.71,3,0.73,303,13.6,0.3,2024-07-13,15.64,0.656,3.8330494037478706,281.76,-101.75999999999999,False,True,29912.4,0.6388415672913118,False
ITM13114,Automotive,150,43,14,5,36.48,3.26,0.56,L9,B,21,3.35,12.69,1.78,7,0.76,106,3.87,0.29,2024-10-24,110.61,0.344,4.111842105263158,182.39999999999998,-32.39999999999998,False,True,1903.5,0.8223684210526316,False
ITM13115,Apparel,207,80,13,4,28.0,1.05,0.31,L13,A,41,3.94,86.65,1.56,2,0.93,55,1.13,0.42,2024-02-21,136.14,0.489,7.392857142857143,112.0,95.0,False,False,17936.550000000003,1.8482142857142858,False
ITM13116,Groceries,182,71,14,6,38.75,0.92,0.6,L77,B,72,2.3,127.25,1.68,2,0.77,287,2.45,0.64,2024-06-15,57.94,0.507,4.696774193548387,232.5,-50.5,False,True,23159.5,0.7827956989247311,False
ITM13117,Pharma,216,32,11,3,19.17,2.45,0.42,L5,C,163,2.3,14.3,0.2,8,0.73,782,13.37,0.93,2024-07-04,56.66,0.73,11.267605633802816,57.510000000000005,158.49,False,False,3088.8,3.7558685446009386,False
ITM13118,Groceries,494,55,5,9,36.79,2.71,0.85,L58,D,52,1.8,51.01,1.2,8,0.88,273,2.03,0.44,2024-11-09,58.42,0.411,13.42756183745583,331.11,162.89,False,False,25198.94,1.49195131527287,False
ITM13119,Automotive,383,65,5,2,21.12,4.44,0.58,L77,C,116,3.19,72.21,2.0,5,0.86,639,5.97,0.36,2024-05-12,117.47,0.424,18.134469696969695,42.24,340.76,False,False,27656.429999999997,9.067234848484848,False
ITM13120,Electronics,223,16,4,2,14.7,2.54,0.13,L87,B,47,4.68,14.15,1.59,9,0.88,69,4.5,0.58,2024-04-05,247.09,0.413,15.170068027210885,29.4,193.6,False,False,3155.4500000000003,7.585034013605442,False
ITM13121,Groceries,231,98,6,4,30.88,6.49,0.99,L91,A,38,4.66,113.87,0.33,3,0.89,867,1.52,0.33,2024-10-07,230.21,0.571,7.480569948186528,123.52,107.48,False,False,26303.97,1.870142487046632,False
ITM13122,Pharma,128,70,14,8,34.66,2.51,0.17,L7,C,64,3.66,129.86,1.39,9,0.85,826,8.44,0.42,2024-05-14,12.93,0.448,3.6930178880553957,277.28,-149.27999999999997,False,True,16622.08,0.46162723600692446,False
ITM13123,Apparel,295,12,4,5,23.51,2.28,0.73,L32,D,61,4.58,53.23,1.52,4,0.85,253,14.98,0.99,2024-05-01,12.8,0.736,12.547851977881752,117.55000000000001,177.45,False,False,15702.849999999999,2.5095703955763504,False
ITM13124,Electronics,92,47,11,3,28.71,4.98,0.49,L95,D,124,4.84,113.26,1.08,8,0.98,191,12.94,0.65,2024-05-17,32.53,0.631,3.2044583768721697,86.13,5.8700000000000045,False,False,10419.92,1.0681527922907232,False
ITM13125,Apparel,186,93,14,6,35.01,8.94,0.32,L6,A,28,4.08,199.83,0.25,0,0.86,425,3.36,0.83,2024-08-29,145.31,0.758,5.312767780634105,210.06,-24.060000000000002,False,True,37168.380000000005,0.8854612967723509,False
ITM13126,Groceries,279,43,12,8,38.62,4.95,0.71,L52,B,44,2.34,178.51,0.17,6,0.89,456,13.38,0.37,2024-11-09,267.78,0.693,7.2242361470740555,308.96,-29.95999999999998,False,True,49804.29,0.9030295183842569,False
ITM13127,Automotive,262,53,9,5,44.88,4.43,0.21,L57,C,57,2.67,21.15,1.88,6,0.78,865,7.33,0.62,2024-06-24,62.85,0.47,5.837789661319073,224.4,37.599999999999994,False,False,5541.299999999999,1.1675579322638145,False
ITM13128,Automotive,294,39,10,4,18.37,5.99,0.87,L30,C,119,4.69,34.3,0.59,9,0.96,129,4.83,0.61,2024-07-06,148.27,0.539,16.004354926510615,73.48,220.51999999999998,False,False,10084.199999999999,4.001088731627654,False
ITM13129,Pharma,121,26,5,5,47.62,2.94,0.33,L70,A,40,3.52,103.94,0.82,0,0.71,259,9.96,0.85,2024-04-04,21.82,0.763,2.54094918101638,238.1,-117.1,False,True,12576.74,0.508189836203276,False
ITM13130,Automotive,494,68,8,4,32.23,3.86,0.43,L28,C,12,4.19,56.59,1.61,0,0.87,817,4.03,0.22,2024-09-12,15.89,0.511,15.327334781259697,128.92,365.08000000000004,False,False,27955.460000000003,3.8318336953149243,False
ITM13131,Electronics,192,19,12,7,39.6,2.53,0.67,L97,A,172,1.02,25.38,1.41,8,0.82,361,13.32,0.89,2024-08-05,12.17,0.619,4.848484848484849,277.2,-85.19999999999999,False,True,4872.96,0.6926406926406926,False
ITM13132,Automotive,190,93,8,2,35.29,5.93,0.1,L100,A,97,1.37,58.37,1.94,6,0.88,426,9.74,0.26,2024-04-17,223.64,0.444,5.3839614621705865,70.58,119.42,False,False,11090.3,2.6919807310852932,False
ITM13133,Pharma,160,27,3,8,11.07,7.13,0.53,L8,B,61,2.05,21.62,0.28,3,0.81,89,2.9,0.93,2024-08-02,16.91,0.699,14.453477868112014,88.56,71.44,False,False,3459.2000000000003,1.8066847335140017,False
ITM13134,Groceries,416,54,8,2,4.5,6.9,0.9,L18,A,80,1.35,110.68,1.44,8,0.92,402,8.99,0.31,2024-12-24,89.41,0.462,92.44444444444444,9.0,407.0,False,False,46042.880000000005,46.22222222222222,False
ITM13135,Groceries,207,68,5,5,36.59,2.92,0.71,L65,C,60,4.58,103.15,0.26,4,0.71,502,8.15,0.63,2024-07-09,197.06,0.671,5.657283410767969,182.95000000000002,24.049999999999983,False,False,21352.050000000003,1.1314566821535936,False
ITM13136,Automotive,460,71,13,3,26.04,7.91,0.45,L38,A,65,1.48,11.2,0.1,2,0.82,472,7.6,0.28,2024-07-05,189.41,0.671,17.665130568356375,78.12,381.88,False,False,5152.0,5.888376856118792,False
ITM13137,Apparel,105,68,5,6,35.41,2.93,0.69,L30,C,108,3.01,101.68,0.33,1,0.95,763,6.11,0.56,2024-07-24,25.99,0.73,2.9652640497034737,212.45999999999998,-107.45999999999998,False,True,10676.400000000001,0.49421067495057897,False
ITM13138,Groceries,495,58,5,4,24.37,1.93,0.94,L94,A,30,0.88,108.76,1.27,8,0.78,135,7.64,0.44,2024-05-23,84.43,0.459,20.311858842839555,97.48,397.52,False,False,53836.200000000004,5.077964710709889,False
ITM13139,Automotive,71,72,12,6,16.3,3.82,0.27,L74,B,138,1.2,125.08,1.38,3,0.72,604,9.2,0.54,2024-08-18,195.4,0.577,4.355828220858895,97.80000000000001,-26.80000000000001,True,True,8880.68,0.7259713701431493,False
ITM13140,Pharma,130,96,13,2,14.97,6.18,0.58,L41,B,117,1.61,194.32,0.93,6,0.85,285,11.27,0.64,2024-04-02,123.75,0.635,8.684034736138944,29.94,100.06,False,False,25261.6,4.342017368069472,False
ITM13141,Automotive,456,41,13,9,36.8,1.85,0.31,L74,A,62,4.92,196.71,0.19,0,0.99,939,13.85,0.57,2024-10-19,145.09,0.878,12.391304347826088,331.2,124.80000000000001,False,False,89699.76000000001,1.3768115942028987,False
ITM13142,Groceries,384,19,12,3,14.56,6.66,0.87,L77,A,15,4.09,110.12,1.3,8,0.72,464,1.62,0.22,2024-03-08,70.05,0.32,26.373626373626372,43.68,340.32,False,False,42286.08,8.79120879120879,False
ITM13143,Pharma,361,20,13,3,36.02,8.7,0.75,L99,A,91,3.53,170.59,0.26,8,0.72,631,8.97,0.89,2024-10-21,20.95,0.656,10.022209883398112,108.06,252.94,False,False,61582.99,3.340736627799371,False
ITM13144,Automotive,62,79,10,6,19.81,3.28,0.82,L87,B,88,4.62,26.18,0.37,9,0.88,405,11.53,0.28,2024-12-17,110.11,0.569,3.1297324583543666,118.85999999999999,-56.859999999999985,True,True,1623.16,0.5216220763923944,False
ITM13145,Electronics,230,71,7,2,38.77,4.78,0.95,L42,D,56,4.8,110.92,1.07,5,0.78,692,2.62,0.98,2024-04-27,208.07,0.58,5.9324219757544485,77.54,152.45999999999998,False,False,25511.600000000002,2.9662109878772243,False
ITM13146,Pharma,475,56,6,9,8.0,2.67,0.31,L31,A,105,2.54,138.99,0.75,5,0.82,693,13.76,0.88,2024-02-21,232.29,0.748,59.375,72.0,403.0,False,False,66020.25,6.597222222222222,False
ITM13147,Electronics,219,43,11,6,11.04,3.93,0.14,L39,D,115,1.97,117.3,0.98,5,0.95,297,4.43,0.65,2024-05-18,181.83,0.581,19.836956521739133,66.24,152.76,False,False,25688.7,3.3061594202898554,False
ITM13148,Apparel,317,26,11,5,34.61,0.71,0.36,L19,A,91,1.92,53.84,1.31,4,0.76,716,12.67,0.4,2024-04-30,124.03,0.59,9.159202542617741,173.05,143.95,False,False,17067.280000000002,1.8318405085235483,False
ITM13149,Pharma,365,63,3,3,28.45,9.56,0.46,L85,C,40,0.66,21.91,0.4,0,0.92,791,10.27,0.27,2024-10-11,179.11,0.735,12.829525483304042,85.35,279.65,False,False,7997.15,4.2765084944346805,False
ITM13150,Electronics,259,85,4,3,10.99,4.45,0.66,L67,B,166,1.76,83.47,1.8,3,0.85,650,8.83,0.74,2024-08-09,214.45,0.596,23.56687898089172,32.97,226.03,False,False,21618.73,7.855626326963907,False
ITM13151,Groceries,134,94,10,5,45.24,7.99,0.82,L29,D,152,2.1,133.05,1.16,9,0.97,278,13.17,0.36,2024-07-14,229.03,0.546,2.961980548187445,226.20000000000002,-92.20000000000002,False,True,17828.7,0.592396109637489,False
ITM13152,Groceries,45,49,7,2,14.52,1.86,0.41,L53,D,67,0.67,198.43,0.14,0,0.99,588,14.57,0.79,2024-04-10,37.4,0.936,3.0991735537190084,29.04,15.96,True,False,8929.35,1.5495867768595042,False
ITM13153,Apparel,426,28,9,3,21.63,8.22,0.53,L39,B,32,4.47,54.94,1.29,4,0.85,410,14.96,0.87,2024-03-15,242.87,0.734,19.69486823855756,64.89,361.11,False,False,23404.44,6.564956079519187,False
ITM13154,Pharma,318,76,3,8,10.91,8.67,0.81,L36,D,175,4.32,184.38,0.98,3,0.88,917,10.57,0.99,2024-03-17,28.41,0.757,29.14757103574702,87.28,230.72,False,False,58632.84,3.6434463794683776,False
ITM13155,Pharma,96,91,14,9,20.01,7.3,0.3,L8,A,50,1.63,22.97,1.43,7,0.92,799,5.75,0.6,2024-08-30,262.43,0.498,4.797601199400299,180.09,-84.09,False,True,2205.12,0.5330667999333666,False
ITM13156,Pharma,431,62,12,7,25.09,9.08,0.3,L72,D,24,4.11,186.89,1.59,0,0.8,224,13.25,0.98,2024-01-05,123.75,0.774,17.17815862893583,175.63,255.37,False,False,80549.59,2.454022661276547,False
ITM13157,Apparel,156,73,14,7,15.47,2.09,0.63,L76,A,96,4.08,168.15,1.88,7,0.77,877,10.16,0.32,2024-03-31,168.61,0.425,10.084033613445378,108.29,47.709999999999994,False,False,26231.4,1.4405762304921967,False
ITM13158,Pharma,39,92,7,7,38.69,5.03,0.49,L95,D,12,2.01,13.98,2.0,7,0.99,853,5.53,0.87,2024-08-03,94.09,0.506,1.0080124063065392,270.83,-231.82999999999998,True,True,545.22,0.1440017723295056,False
ITM13159,Groceries,459,56,13,4,20.3,6.39,0.95,L23,C,10,3.64,66.66,1.14,0,0.83,423,14.05,0.49,2024-09-12,133.73,0.737,22.610837438423644,81.2,377.8,False,False,30596.94,5.652709359605911,False
ITM13160,Electronics,230,15,14,8,36.75,6.16,0.42,L81,D,84,1.8,19.68,1.17,8,0.7,991,11.47,0.49,2024-03-09,255.11,0.514,6.258503401360544,294.0,-64.0,False,True,4526.4,0.782312925170068,False
ITM13161,Groceries,259,25,5,4,11.15,8.68,0.78,L87,D,148,0.82,199.15,0.14,8,0.95,110,7.34,0.41,2024-11-18,95.75,0.596,23.228699551569505,44.6,214.4,False,False,51579.85,5.807174887892376,False
ITM13162,Groceries,58,81,12,2,19.47,2.55,0.62,L55,A,85,2.77,91.29,1.74,5,0.88,219,7.36,0.34,2024-09-21,173.61,0.468,2.9789419619928097,38.94,19.060000000000002,True,False,5294.820000000001,1.4894709809964048,False
ITM13163,Electronics,454,27,14,5,1.39,2.17,0.15,L72,B,13,2.47,135.81,0.15,0,0.75,556,14.94,0.55,2024-09-30,197.65,0.844,326.61870503597123,6.949999999999999,447.05,False,False,61657.74,65.32374100719424,False
ITM13164,Groceries,287,61,14,6,38.17,2.91,0.18,L64,C,34,1.12,54.5,1.3,6,0.71,824,6.23,0.99,2024-06-10,52.46,0.573,7.518993974325386,229.02,57.97999999999999,False,False,15641.5,1.2531656623875642,False
ITM13165,Apparel,226,57,4,8,31.67,8.97,0.28,L7,B,103,2.71,187.41,0.29,6,0.79,463,2.32,0.46,2024-09-06,235.57,0.532,7.136090937796021,253.36,-27.360000000000014,False,True,42354.659999999996,0.8920113672245026,False
ITM13166,Electronics,498,52,4,9,41.07,9.44,0.23,L45,A,177,4.77,62.09,0.64,8,0.98,867,8.54,0.57,2024-06-02,299.73,0.6,12.12563915266618,369.63,128.37,False,False,30920.820000000003,1.347293239185131,False
ITM13167,Groceries,458,48,11,2,23.32,5.91,0.4,L83,C,105,3.79,59.44,0.37,0,0.98,165,13.39,0.38,2024-05-08,54.97,0.814,19.639794168096056,46.64,411.36,False,False,27223.52,9.819897084048028,False
ITM13168,Automotive,481,58,6,6,40.19,5.26,0.62,L86,D,117,3.82,69.77,0.36,7,0.79,224,9.18,0.47,2024-10-14,232.69,0.598,11.968151281413288,241.14,239.86,False,False,33559.369999999995,1.994691880235548,False
ITM13169,Groceries,286,21,6,2,32.73,6.25,0.64,L49,B,108,3.91,97.87,0.24,7,0.95,782,12.1,0.24,2024-10-17,52.65,0.635,8.73816070882982,65.46,220.54000000000002,False,False,27990.82,4.36908035441491,False
ITM13170,Apparel,173,19,9,4,1.18,6.35,0.63,L68,B,104,3.85,13.52,0.7,6,0.83,473,1.77,0.96,2024-01-25,285.57,0.592,146.61016949152543,4.72,168.28,False,False,2338.96,36.652542372881356,True
ITM13171,Pharma,61,80,12,7,13.43,2.12,0.21,L41,B,109,0.59,123.59,0.9,5,0.9,177,10.43,0.61,2024-07-22,129.19,0.651,4.542069992553984,94.00999999999999,-33.00999999999999,True,True,7538.99,0.6488671417934262,False
ITM13172,Groceries,430,64,12,5,25.2,7.02,0.64,L90,D,100,4.66,16.02,0.98,0,0.8,538,2.11,0.79,2024-02-20,294.18,0.648,17.063492063492063,126.0,304.0,False,False,6888.599999999999,3.4126984126984126,False
ITM13173,Pharma,30,10,4,4,31.32,4.8,0.47,L54,A,53,4.24,112.45,0.94,9,0.85,54,8.79,0.61,2024-12-19,29.7,0.535,0.9578544061302682,125.28,-95.28,False,True,3373.5,0.23946360153256704,False
ITM13174,Automotive,313,58,5,5,4.21,5.42,0.91,L53,D,137,1.74,97.0,1.1,7,0.79,375,7.97,0.82,2024-03-24,239.38,0.578,74.34679334916865,21.05,291.95,False,False,30361.0,14.86935866983373,False
ITM13175,Groceries,117,45,5,8,35.55,0.79,0.92,L20,D,32,2.99,56.08,1.73,4,0.72,747,14.24,0.63,2024-01-31,147.28,0.607,3.2911392405063293,284.4,-167.39999999999998,False,True,6561.36,0.41139240506329117,False
ITM13176,Electronics,446,30,8,6,27.63,7.76,0.79,L39,A,32,3.27,72.66,1.3,3,0.74,221,2.85,0.76,2024-04-20,93.95,0.548,16.141874773796598,165.78,280.22,False,False,32406.359999999997,2.690312462299433,False
ITM13177,Pharma,294,46,5,2,26.76,8.44,0.73,L49,A,64,1.09,144.08,0.13,4,0.79,248,1.13,0.75,2024-05-10,226.89,0.63,10.986547085201794,53.52,240.48,False,False,42359.520000000004,5.493273542600897,False
ITM13178,Automotive,467,33,13,3,15.31,6.38,0.2,L24,D,170,1.64,11.82,0.43,4,0.99,280,2.92,0.63,2024-08-31,194.25,0.64,30.502939255388632,45.93,421.07,False,False,5519.9400000000005,10.167646418462878,True
ITM13179,Electronics,409,64,7,3,30.15,7.61,0.18,L97,A,86,0.6,70.16,0.76,9,0.99,849,3.39,0.38,2024-11-18,271.84,0.463,13.565505804311774,90.44999999999999,318.55,False,False,28695.44,4.521835268103925,False
ITM13180,Electronics,449,34,6,5,2.35,5.47,0.86,L69,B,72,4.39,139.26,1.9,2,0.95,896,4.51,0.37,2024-02-19,82.15,0.494,191.06382978723403,11.75,437.25,False,False,62527.74,38.212765957446805,True
ITM13181,Electronics,391,16,5,7,4.17,6.37,0.48,L61,C,112,0.61,38.93,0.25,3,0.77,676,12.41,0.9,2024-08-18,282.53,0.814,93.76498800959233,29.189999999999998,361.81,False,False,15221.63,13.394998287084618,False
ITM13182,Electronics,249,90,10,7,36.96,4.25,0.51,L31,A,69,1.93,116.47,1.45,3,0.83,382,6.28,0.3,2024-06-20,196.14,0.505,6.737012987012987,258.72,-9.720000000000027,False,True,29001.03,0.962430426716141,False
ITM13183,Groceries,388,80,12,5,16.77,8.02,0.86,L29,C,89,0.85,42.1,0.16,7,0.83,515,12.77,0.65,2024-05-13,140.63,0.71,23.13655336911151,83.85,304.15,False,False,16334.800000000001,4.627310673822302,False
ITM13184,Groceries,445,80,5,4,18.0,4.95,0.66,L39,B,104,4.02,39.4,0.79,4,0.82,891,4.81,0.6,2024-07-03,25.41,0.589,24.72222222222222,72.0,373.0,False,False,17533.0,6.180555555555555,False
ITM13185,Groceries,239,33,8,3,11.21,6.96,0.26,L91,A,78,4.66,156.73,1.56,5,0.71,473,13.05,0.84,2024-07-03,231.9,0.628,21.320249776984834,33.63,205.37,False,False,37458.47,7.106749925661611,False
ITM13186,Automotive,84,20,9,4,22.84,6.4,0.29,L19,D,123,3.03,60.64,0.75,9,0.86,362,1.11,0.31,2024-10-13,258.94,0.394,3.677758318739054,91.36,-7.359999999999999,False,True,5093.76,0.9194395796847635,False
ITM13187,Automotive,374,82,9,6,3.55,7.17,0.11,L60,D,113,1.13,81.4,0.92,1,0.72,572,14.08,0.75,2024-10-12,244.78,0.77,105.35211267605634,21.299999999999997,352.7,False,False,30443.600000000002,17.558685446009388,False
ITM13188,Automotive,251,21,4,3,15.72,7.96,0.74,L8,B,117,3.01,148.7,1.82,8,0.94,473,11.44,0.68,2024-05-11,223.34,0.535,15.966921119592875,47.160000000000004,203.84,False,False,37323.7,5.322307039864292,False
ITM13189,Apparel,347,44,5,6,26.83,5.37,0.54,L72,A,98,3.97,44.11,0.23,7,0.91,665,6.78,0.76,2024-06-25,291.13,0.661,12.933283637718972,160.98,186.02,False,False,15306.17,2.155547272953162,False
ITM13190,Automotive,462,72,14,2,23.82,8.22,0.95,L53,D,30,3.73,111.03,1.1,7,0.81,224,9.08,0.7,2024-01-11,256.24,0.573,19.395465994962215,47.64,414.36,False,False,51295.86,9.697732997481108,False
ITM13191,Groceries,71,77,12,4,49.98,5.22,0.74,L54,A,140,3.84,184.39,0.8,9,0.89,947,14.06,0.65,2024-07-29,279.08,0.635,1.4205682272909164,199.92,-128.92,True,True,13091.689999999999,0.3551420568227291,False
ITM13192,Groceries,393,66,12,5,20.05,9.59,0.19,L72,C,19,1.76,115.23,1.93,4,0.77,997,9.16,0.94,2024-03-03,221.84,0.591,19.600997506234414,100.25,292.75,False,False,45285.39,3.920199501246883,False
ITM13193,Apparel,450,22,6,3,19.96,7.65,0.25,L68,D,96,0.83,19.28,1.61,4,0.78,423,4.2,0.48,2024-06-28,247.86,0.467,22.54509018036072,59.88,390.12,False,False,8676.0,7.51503006012024,False
ITM13194,Apparel,395,32,9,4,25.68,2.13,0.55,L18,B,179,1.17,122.04,0.33,2,0.79,681,9.02,0.35,2024-12-13,93.86,0.675,15.381619937694705,102.72,292.28,False,False,48205.8,3.845404984423676,False
ITM13195,Automotive,282,92,4,5,10.32,8.38,0.93,L50,D,100,4.8,27.13,1.86,1,0.94,286,13.2,0.84,2024-11-06,203.98,0.726,27.325581395348838,51.6,230.4,False,False,7650.66,5.465116279069767,False
ITM13196,Pharma,286,48,5,2,43.94,5.74,0.32,L32,B,146,3.26,63.6,0.5,8,0.76,797,14.82,0.3,2024-04-11,69.61,0.6,6.508875739644971,87.88,198.12,False,False,18189.600000000002,3.2544378698224854,False
ITM13197,Apparel,378,97,9,3,29.04,9.85,0.84,L33,B,132,3.78,171.44,0.26,5,0.87,866,9.18,0.74,2024-10-22,30.09,0.718,13.016528925619834,87.12,290.88,False,False,64804.32,4.338842975206611,False
ITM13198,Electronics,336,89,9,6,10.41,7.33,0.38,L27,C,13,4.55,12.1,1.13,7,0.76,492,3.18,0.64,2024-10-21,177.98,0.469,32.27665706051873,62.46,273.54,False,False,4065.6,5.379442843419788,False
ITM13199,Groceries,343,21,12,2,39.88,1.3,0.34,L43,C,99,4.34,24.63,1.5,3,0.79,87,11.8,0.2,2024-11-28,237.04,0.545,8.600802407221664,79.76,263.24,False,False,8448.09,4.300401203610832,False
ITM13200,Electronics,428,43,5,7,2.68,4.25,0.91,L83,B,105,1.48,79.04,1.46,4,0.77,833,14.96,0.39,2024-11-28,34.0,0.605,159.7014925373134,18.76,409.24,False,False,33829.12,22.814498933901916,False
ITM13201,Groceries,415,80,14,5,49.15,5.41,0.14,L11,D,38,0.76,199.89,1.11,9,0.89,937,7.63,0.6,2024-10-02,62.57,0.509,8.443540183112919,245.75,169.25,False,False,82954.34999999999,1.6887080366225837,False
ITM13202,Groceries,173,84,3,9,43.39,8.47,0.69,L58,B,95,4.66,65.45,1.04,4,0.86,905,6.37,0.46,2024-03-30,36.96,0.565,3.987093800414842,390.51,-217.51,False,True,11322.85,0.4430104222683158,False
ITM13203,Apparel,377,40,14,3,29.4,7.43,0.14,L48,A,56,4.92,39.88,1.94,9,0.92,812,8.74,0.54,2024-05-25,193.91,0.435,12.823129251700681,88.19999999999999,288.8,False,False,15034.76,4.274376417233561,False
